locality_code,locality_name_he,locality_name_en,transliteration,district_code,district_name,subdistrict_code,subdistrict_name,natural_area,municipal_status_code,municipal_status_name,population,year_founded,coordinates,elevation_m,planning_committee,police_station,year,cluster
7,שחר,Shahar,SHAHAR,6,הדרום,61,אשקלון,612,50,מועצה אזורית לכיש,812,1955.0,174014614251,100,634,10001813,2023,ללא שיוך לאשכול
10,תירוש,Tirosh,TIROSH,1,ירושלים,11,ירושלים,112,26,מועצה אזורית מטה יהודה,478,1955.0,189282628714,149,151,15000597,2023,ללא שיוך לאשכול
11,"ניר ח""ן",Nir Hen,NIR HEN,6,הדרום,61,אשקלון,612,50,מועצה אזורית לכיש,652,1955.0,172978613039,104,634,10001813,2023,ללא שיוך לאשכול
13,חצבה,Hazeva,HAZEVA,6,הדרום,62,באר שבע,625,54,מועצה אזורית הערבה התיכונה,1218,1965.0,226679519767,-156,657,10001918,2023,אשכול רשויות נגב מזרחי
15,נועם,No'am,NO'AM,6,הדרום,61,אשקלון,612,34,מועצה אזורית שפיר,466,1955.0,180004608494,161,631,10001813,2023,ללא שיוך לאשכול
16,בית ניר,Bet Nir,BET NIR,6,הדרום,61,אשקלון,612,35,מועצה אזורית יואב,660,1955.0,187997617384,240,632,10001813,2023,אשכול רשויות שורק דרומי
18,שדה משה,Sede Moshe,SEDE MOSHE,6,הדרום,61,אשקלון,612,50,מועצה אזורית לכיש,678,1956.0,181217613291,140,634,10001813,2023,ללא שיוך לאשכול
21,באר אורה,Be'er Ora,BE'ER ORA,6,הדרום,62,באר שבע,625,53,מועצה אזורית חבל אילות,1332,1950.0,198390402533,108,608,10001955,2023,אשכול רשויות נגב מזרחי
22,מקווה ישראל,Miqwe Yisra'el,MIQWE YISRA'EL,5,תל אביב,53,תל אביב,513,,חסר מעמד מוניציפלי,330,1870.0,179489659635,27,599,15005645,2023,ללא שיוך לאשכול
23,אמציה,Amazya,AMAZYA,6,הדרום,61,אשקלון,612,50,מועצה אזורית לכיש,186,1955.0,191847604508,360,634,10001813,2023,ללא שיוך לאשכול
24,לכיש,Lakhish,LAKHISH,6,הדרום,61,אשקלון,612,50,מועצה אזורית לכיש,1135,1955.0,185055607722,247,634,10001813,2023,ללא שיוך לאשכול
26,ראש פינה,Rosh Pinna,ROSH PINNA,2,הצפון,21,צפת,213,99,מועצה מקומית,3375,1882.0,251064763728,307,259,10004540,2023,אשכול רשויות גליל מזרחי
27,שדות מיכה,Sedot Mikha,SEDOT MIKHA,1,ירושלים,11,ירושלים,112,26,מועצה אזורית מטה יהודה,351,1955.0,192540625434,219,151,15000597,2023,ללא שיוך לאשכול
28,מזכרת בתיה,Mazkeret Batya,MAZKERET BATYA,4,המרכז,44,רחובות,441,99,מועצה מקומית,16382,1883.0,185303639848,62,453,10002241,2023,אשכול רשויות שורק דרומי
29,יסוד המעלה,Yesud HaMa'ala,YESUD HAMA'ALA,2,הצפון,21,צפת,211,99,מועצה מקומית,1966,1883.0,256670773603,95,259,10004540,2023,אשכול רשויות גליל מזרחי
31,אופקים,Ofaqim,OFAQIM,6,הדרום,62,באר שבע,622,0,עירייה,37837,1955.0,163869579594,142,601,10001893,2023,אשכול רשויות נגב מערבי
32,עוצם,Ozem,OZEM,6,הדרום,61,אשקלון,612,50,מועצה אזורית לכיש,853,1955.0,171963616156,88,634,10001813,2023,ללא שיוך לאשכול
33,בת שלמה,Bat Shelomo,BAT SHELOMO,3,חיפה,32,חדרה,322,15,מועצה אזורית חוף הכרמל,650,1889.0,200598722920,91,303,10004333,2023,אשכול רשויות מישור החוף
35,גדות,Gadot,GADOT,2,הצפון,21,צפת,213,1,מועצה אזורית הגליל העליון,480,1949.0,258253769413,116,253,10004540,2023,אשכול רשויות גליל מזרחי
36,שדה דוד,Sede Dawid,SEDE DAWID,6,הדרום,61,אשקלון,612,50,מועצה אזורית לכיש,787,1955.0,170055609442,93,634,10001813,2023,ללא שיוך לאשכול
37,איתן,Etan,ETAN,6,הדרום,61,אשקלון,612,34,מועצה אזורית שפיר,852,1955.0,176145608986,156,631,10001813,2023,ללא שיוך לאשכול
39,גפן,Gefen,GEFEN,1,ירושלים,11,ירושלים,112,26,מועצה אזורית מטה יהודה,441,1955.0,188573627617,159,151,15000597,2023,ללא שיוך לאשכול
41,אליכין,Elyakhin,ELYAKHIN,4,המרכז,41,השרון,411,99,מועצה מקומית,3838,1950.0,193179701567,31,457,10004261,2023,ללא שיוך לאשכול
43,מטולה,Metula,METULA,2,הצפון,21,צפת,211,99,מועצה מקומית,2152,1896.0,254170798178,445,259,10004591,2023,אשכול רשויות גליל מזרחי
44,זוהר,Zohar,ZOHAR,6,הדרום,61,אשקלון,612,50,מועצה אזורית לכיש,373,1956.0,170881611568,117,634,10001813,2023,ללא שיוך לאשכול
46,יבנאל,Yavne'el,YAVNE'EL,2,הצפון,22,כנרת,222,99,מועצה מקומית,4718,1901.0,247492734925,12,251,10004552,2023,אשכול רשויות הכנרת והעמקים
47,כפר תבור,Kefar Tavor,KEFAR TAVOR,2,הצפון,22,כנרת,222,99,מועצה מקומית,4376,1901.0,239714732528,103,251,15002472,2023,אשכול רשויות הכנרת והעמקים
48,מנחמיה,Menahemya,MENAHEMYA,2,הצפון,23,יזרעאל,231,7,מועצה אזורית עמק המעיינות,1202,1902.0,252341730234,-133,202,10004568,2023,אשכול רשויות הכנרת והעמקים
49,אילנייה,Ilaniyya,ILANIYYA,2,הצפון,22,כנרת,222,3,מועצה אזורית הגליל התחתון,528,1902.0,238470739984,236,206,10004552,2023,אשכול רשויות הכנרת והעמקים
52,לוזית,Luzit,LUZIT,1,ירושלים,11,ירושלים,112,26,מועצה אזורית מטה יהודה,870,1955.0,189314621648,190,151,15000597,2023,ללא שיוך לאשכול
53,עתלית,Atlit,ATLIT,3,חיפה,32,חדרה,321,15,מועצה אזורית חוף הכרמל,11184,1904.0,194971733087,12,303,10004710,2023,אשכול רשויות מישור החוף
55,נוגה,Nogah,NOGAH,6,הדרום,61,אשקלון,612,50,מועצה אזורית לכיש,739,1955.0,171098614785,108,634,10001813,2023,ללא שיוך לאשכול
57,כנרת (קבוצה),Kinneret(Qevuza),KINNERET(QEVUZA),2,הצפון,22,כנרת,221,6,מועצה אזורית עמק הירדן,800,1908.0,252942735504,-171,214,10004552,2023,אשכול רשויות הכנרת והעמקים
58,מצפה,Mizpa,MIZPA,2,הצפון,22,כנרת,222,3,מועצה אזורית הגליל התחתון,158,1908.0,248046743975,84,206,10004552,2023,אשכול רשויות הכנרת והעמקים
59,נחושה,Nehusha,NEHUSHA,1,ירושלים,11,ירושלים,112,26,מועצה אזורית מטה יהודה,1477,1982.0,195537615030,413,151,15000597,2023,ללא שיוך לאשכול
62,דגניה א',Deganya Alef,DEGANYA ALEF,2,הצפון,22,כנרת,221,6,מועצה אזורית עמק הירדן,634,1909.0,254180734892,-200,214,10004552,2023,אשכול רשויות הכנרת והעמקים
63,כנרת (מושבה),Kinneret(Moshava),KINNERET(MOSHAVA),2,הצפון,22,כנרת,221,6,מועצה אזורית עמק הירדן,681,1909.0,253215736724,-74,214,10004552,2023,אשכול רשויות הכנרת והעמקים
64,"יד רמב""ם",Yad Rambam,YAD RAMBAM,4,המרכז,43,רמלה,432,30,מועצה אזורית גזר,1241,1955.0,190720645284,82,426,10002228,2023,ללא שיוך לאשכול
65,מגדל,Migdal,MIGDAL,2,הצפון,22,כנרת,221,99,מועצה מקומית,2171,1910.0,247441749356,-88,251,10004552,2023,אשכול רשויות הכנרת והעמקים
66,מרחביה (קיבוץ),Merhavya(Qibbuz),MERHAVYA(QIBBUZ),2,הצפון,23,יזרעאל,234,9,מועצה אזורית עמק יזרעאל,1370,1911.0,229101723554,70,254,10004394,2023,אשכול רשויות הגליל והעמקים
67,אור הנר,Or HaNer,OR HANER,6,הדרום,61,אשקלון,614,37,מועצה אזורית שער הנגב,1024,1957.0,162056607367,53,651,10001829,2023,אשכול רשויות נגב מערבי
69,ניר עוז,Nir Oz,NIR OZ,6,הדרום,62,באר שבע,622,38,מועצה אזורית אשכול,421,1955.0,143044580175,105,651,10001893,2023,אשכול רשויות נגב מערבי
70,אשדוד,Ashdod,ASHDOD,6,הדרום,61,אשקלון,613,0,עירייה,229173,1955.0,166892633764,22,603,10001836,2023,ללא שיוך לאשכול
71,אשבול,Eshbol,ESHBOL,6,הדרום,62,באר שבע,621,42,מועצה אזורית מרחבים,747,1955.0,168275595185,169,651,10001930,2023,אשכול רשויות נגב מערבי
72,גן שמואל,Gan Shemu'el,GAN SHEMU'EL,3,חיפה,32,חדרה,324,14,מועצה אזורית מנשה,1188,1913.0,195584706490,23,351,10004261,2023,ללא שיוך לאשכול
74,עין הוד,En Hod,EN HOD,3,חיפה,32,חדרה,322,15,מועצה אזורית חוף הכרמל,628,1954.0,198700733943,124,303,10004333,2023,אשכול רשויות מישור החוף
76,כפר גלעדי,Kefar Gil'adi,KEFAR GIL'ADI,2,הצפון,21,צפת,211,1,מועצה אזורית הגליל העליון,789,1916.0,253940794189,325,253,10004591,2023,אשכול רשויות גליל מזרחי
77,איילת השחר,Ayyelet HaShahar,AYYELET HASHAHAR,2,הצפון,21,צפת,211,1,מועצה אזורית הגליל העליון,1110,1918.0,254188769903,170,253,10004540,2023,אשכול רשויות גליל מזרחי
78,קריית ענבים,Qiryat Anavim,QIRYAT ANAVIM,1,ירושלים,11,ירושלים,111,26,מועצה אזורית מטה יהודה,388,1920.0,211410635314,677,151,10002475,2023,ללא שיוך לאשכול
79,דגניה ב',Deganya Bet,DEGANYA BET,2,הצפון,22,כנרת,221,6,מועצה אזורית עמק הירדן,764,1920.0,254213734039,-199,214,10004552,2023,אשכול רשויות הכנרת והעמקים
80,נהלל,Nahalal,NAHALAL,2,הצפון,23,יזרעאל,234,9,מועצה אזורית עמק יזרעאל,1573,1921.0,218714732878,85,254,10004411,2023,אשכול רשויות הגליל והעמקים
82,עין חרוד (מאוחד),En Harod(Me'uhad),EN HAROD(ME'UHAD),2,הצפון,23,יזרעאל,232,8,מועצה אזורית הגלבוע,839,1921.0,237029718253,-16,204,10004394,2023,אשכול רשויות הגליל והעמקים
84,תל יוסף,Tel Yosef,TEL YOSEF,2,הצפון,23,יזרעאל,232,8,מועצה אזורית הגלבוע,542,1921.0,237784718018,-14,204,10004394,2023,אשכול רשויות הגליל והעמקים
85,כפר יחזקאל,Kefar Yehezqel,KEFAR YEHEZQEL,2,הצפון,23,יזרעאל,232,8,מועצה אזורית הגלבוע,1181,1921.0,234036719221,6,204,10004394,2023,אשכול רשויות הגליל והעמקים
86,גבע,Geva,GEVA,2,הצפון,23,יזרעאל,232,8,מועצה אזורית הגלבוע,633,1921.0,235199719128,12,204,10004394,2023,אשכול רשויות הגליל והעמקים
88,כרם בן שמן,Kerem Ben Shemen,KEREM BEN SHEMEN,4,המרכז,43,רמלה,432,25,מועצה אזורית חבל מודיעין,129,1958.0,193800651733,80,424,10002261,2023,ללא שיוך לאשכול
89,עין חרוד (איחוד),En Harod (Ihud),EN HAROD (IHUD),2,הצפון,23,יזרעאל,232,8,מועצה אזורית הגלבוע,586,1921.0,236990718837,44,204,10004394,2023,אשכול רשויות הגליל והעמקים
90,חפצי-בה,Hefzi-Bah,HEFZI-BAH,2,הצפון,23,יזרעאל,232,8,מועצה אזורית הגלבוע,828,1922.0,240084713898,-76,204,10004568,2023,אשכול רשויות הגליל והעמקים
92,גיניגר,Ginnegar,GINNEGAR,2,הצפון,23,יזרעאל,234,9,מועצה אזורית עמק יזרעאל,697,1922.0,224407729954,109,254,10004411,2023,אשכול רשויות הגליל והעמקים
94,בלפוריה,Balfurya,BALFURYA,2,הצפון,23,יזרעאל,234,9,מועצה אזורית עמק יזרעאל,628,1922.0,228103726195,87,254,10004394,2023,אשכול רשויות הגליל והעמקים
95,בית אלפא,Bet Alfa,BET ALFA,2,הצפון,23,יזרעאל,232,8,מועצה אזורית הגלבוע,1413,1922.0,240788713663,-84,204,10004568,2023,אשכול רשויות הגליל והעמקים
96,יגור,Yagur,YAGUR,3,חיפה,31,חיפה,311,12,מועצה אזורית זבולון,1550,1922.0,207531738614,16,301,15005224,2023,אשכול רשויות המפרץ
97,מרחביה (מושב),Merhavya(Moshav),MERHAVYA(MOSHAV),2,הצפון,23,יזרעאל,234,9,מועצה אזורית עמק יזרעאל,750,1922.0,229967723282,76,254,10004394,2023,אשכול רשויות הגליל והעמקים
98,"כפר מל""ל",Kefar Malal,KEFAR MALAL,4,המרכז,42,פתח תקווה,421,20,מועצה אזורית דרום השרון,320,1922.0,190175674999,63,417,10002133,2023,אשכול רשויות השרון
99,מצפה רמון,Mizpe Ramon,MIZPE RAMON,6,הדרום,62,באר שבע,626,99,מועצה מקומית,5625,1954.0,180834503700,712,613,10001918,2023,אשכול רשויות נגב מזרחי
102,מאיר שפיה,Me'ir Shefeya,ME'IR SHEFEYA,3,חיפה,32,חדרה,322,15,מועצה אזורית חוף הכרמל,184,1923.0,197569721906,107,303,10004333,2023,אשכול רשויות מישור החוף
103,תל עדשים,Tel Adashim,TEL ADASHIM,2,הצפון,23,יזרעאל,234,9,מועצה אזורית עמק יזרעאל,1340,1923.0,228692729107,98,254,10004394,2023,אשכול רשויות הגליל והעמקים
104,מזרע,Mizra,MIZRA,2,הצפון,23,יזרעאל,234,9,מועצה אזורית עמק יזרעאל,970,1923.0,227145728505,99,254,10004394,2023,אשכול רשויות הגליל והעמקים
106,כפר גדעון,Kefar Gid'on,KEFAR GID'ON,2,הצפון,23,יזרעאל,234,9,מועצה אזורית עמק יזרעאל,339,1923.0,227606727744,90,254,10004394,2023,אשכול רשויות הגליל והעמקים
107,כפר סילבר,Kefar Silver,KEFAR SILVER,6,הדרום,61,אשקלון,614,36,מועצה אזורית חוף אשקלון,279,1957.0,163253620228,55,633,10001821,2023,אשכול רשויות נגב מערבי
112,כפר חסידים א',Kefar Hasidim Alef,KEFAR HASIDIM ALEF,3,חיפה,31,חיפה,311,12,מועצה אזורית זבולון,1025,1924.0,208988739552,14,301,10004207,2023,אשכול רשויות המפרץ
113,אדירים,Addirim,ADDIRIM,2,הצפון,23,יזרעאל,234,8,מועצה אזורית הגלבוע,364,1956.0,225799717202,71,204,10004394,2023,אשכול רשויות הגליל והעמקים
115,חופית,Hofit,HOFIT,4,המרכז,41,השרון,411,16,מועצה אזורית עמק חפר,903,1955.0,188374699058,16,409,15000060,2023,ללא שיוך לאשכול
122,רמת ישי,Ramat Yishay,RAMAT YISHAY,2,הצפון,23,יזרעאל,235,99,מועצה מקומית,8009,1925.0,215804734259,93,257,10004411,2023,ללא שיוך לאשכול
126,שריד,Sarid,SARID,2,הצפון,23,יזרעאל,234,9,מועצה אזורית עמק יזרעאל,989,1926.0,221404729872,89,254,10004411,2023,אשכול רשויות הגליל והעמקים
127,רמת רחל,Ramat Rahel,RAMAT RAHEL,1,ירושלים,11,ירושלים,111,26,מועצה אזורית מטה יהודה,580,1926.0,220803627437,791,151,15000705,2023,ללא שיוך לאשכול
128,גת רימון,Gat Rimmon,GAT RIMMON,4,המרכז,42,פתח תקווה,422,20,מועצה אזורית דרום השרון,258,1926.0,188844663953,67,417,10002116,2023,אשכול רשויות השרון
130,משמר העמק,Mishmar HaEmeq,MISHMAR HAEMEQ,2,הצפון,23,יזרעאל,234,13,מועצה אזורית מגידו,1219,1926.0,213632723991,104,254,10004411,2023,אשכול רשויות הגליל והעמקים
132,כפר ברוך,Kefar Barukh,KEFAR BARUKH,2,הצפון,23,יזרעאל,234,9,מועצה אזורית עמק יזרעאל,782,1926.0,218186727950,55,254,10004411,2023,אשכול רשויות הגליל והעמקים
133,גבת,Gevat,GEVAT,2,הצפון,23,יזרעאל,234,9,מועצה אזורית עמק יזרעאל,1093,1926.0,220210731149,94,254,10004411,2023,אשכול רשויות הגליל והעמקים
134,יפעת,Yif'at,YIF'AT,2,הצפון,23,יזרעאל,234,9,מועצה אזורית עמק יזרעאל,1322,1926.0,221365731373,128,254,10004411,2023,אשכול רשויות הגליל והעמקים
135,רמת דוד,Ramat Dawid,RAMAT DAWID,2,הצפון,23,יזרעאל,234,9,מועצה אזורית עמק יזרעאל,704,1926.0,219207731530,81,254,10004411,2023,אשכול רשויות הגליל והעמקים
139,עין שמר,En Shemer,EN SHEMER,3,חיפה,32,חדרה,324,14,מועצה אזורית מנשה,884,1927.0,200907707757,43,351,10004333,2023,ללא שיוך לאשכול
140,כפר יהושע,Kefar Yehoshua,KEFAR YEHOSHUA,2,הצפון,23,יזרעאל,235,9,מועצה אזורית עמק יזרעאל,1230,1927.0,214575732021,47,254,10004411,2023,אשכול רשויות הגליל והעמקים
141,ברק,Baraq,BARAQ,2,הצפון,23,יזרעאל,234,8,מועצה אזורית הגלבוע,425,1956.0,225131716513,72,204,10004394,2023,אשכול רשויות הגליל והעמקים
142,שדה יעקב,Sede Ya'aqov,SEDE YA'AQOV,2,הצפון,23,יזרעאל,235,9,מועצה אזורית עמק יזרעאל,1102,1927.0,213542733750,64,254,10004411,2023,אשכול רשויות הגליל והעמקים
143,בית זרע,Bet Zera,BET ZERA,2,הצפון,22,כנרת,221,6,מועצה אזורית עמק הירדן,756,1926.0,254059732775,-200,214,10004552,2023,אשכול רשויות הכנרת והעמקים
144,גן שלמה,Gan Shelomo,GAN SHELOMO,4,המרכז,44,רחובות,441,28,מועצה אזורית ברנר,627,1927.0,181071642877,45,456,15002488,2023,אשכול רשויות שורק דרומי
145,גדיש,Gadish,GADISH,2,הצפון,23,יזרעאל,234,8,מועצה אזורית הגלבוע,347,1956.0,223249718297,66,204,10004394,2023,אשכול רשויות הגליל והעמקים
146,דבורה,Devora,DEVORA,2,הצפון,23,יזרעאל,234,8,מועצה אזורית הגלבוע,338,1956.0,225051717622,69,204,10004394,2023,אשכול רשויות הגליל והעמקים
147,גבעת ברנר,Giv'at Brenner,GIV'AT BRENNER,4,המרכז,44,רחובות,441,28,מועצה אזורית ברנר,2479,1928.0,181271641675,59,456,15002488,2023,אשכול רשויות שורק דרומי
154,תל מונד,Tel Mond,TEL MOND,4,המרכז,41,השרון,411,99,מועצה מקומית,14591,1929.0,192404684386,46,457,15000060,2023,אשכול רשויות השרון
155,באר טוביה,Be'er Toviyya,BE'ER TOVIYYA,6,הדרום,61,אשקלון,611,33,מועצה אזורית באר טוביה,1372,1930.0,173903626988,53,616,10001821,2023,אשכול רשויות שורק דרומי
156,עיינות,Ayanot,AYANOT,4,המרכז,44,רחובות,442,27,מועצה אזורית גן רווה,193,1930.0,178163647040,24,456,15002488,2023,ללא שיוך לאשכול
157,עין ורד,En Wered,EN WERED,4,המרכז,41,השרון,411,18,מועצה אזורית לב השרון,1626,1930.0,193769685700,62,412,15000060,2023,אשכול רשויות השרון
158,נען,Na'an,NA'AN,4,המרכז,43,רמלה,432,30,מועצה אזורית גזר,1841,1930.0,186654643499,91,426,10002241,2023,ללא שיוך לאשכול
159,בית חנן,Bet Hanan,BET HANAN,4,המרכז,44,רחובות,442,27,מועצה אזורית גן רווה,625,1930.0,178686649043,39,456,15002488,2023,ללא שיוך לאשכול
160,חולדה,Hulda,HULDA,4,המרכז,43,רמלה,432,30,מועצה אזורית גזר,1285,1930.0,188984637667,119,426,10002241,2023,ללא שיוך לאשכול
162,חירות,Herut,HERUT,4,המרכז,41,השרון,411,18,מועצה אזורית לב השרון,1313,1930.0,192144683000,60,412,15000060,2023,אשכול רשויות השרון
163,תימורים,Timmorim,TIMMORIM,6,הדרום,61,אשקלון,611,33,מועצה אזורית באר טוביה,719,1954.0,177198624857,77,616,10001821,2023,אשכול רשויות שורק דרומי
164,מלאה,Mele'a,MELE'A,2,הצפון,23,יזרעאל,234,8,מועצה אזורית הגלבוע,387,1956.0,222567718812,66,204,10004394,2023,אשכול רשויות הגליל והעמקים
165,ניר יפה,Nir Yafe,NIR YAFE,2,הצפון,23,יזרעאל,234,8,מועצה אזורית הגלבוע,685,1956.0,223283719428,63,204,10004394,2023,אשכול רשויות הגליל והעמקים
166,גן יבנה,Gan Yavne,GAN YAVNE,4,המרכז,44,רחובות,441,99,מועצה מקומית,24473,1931.0,172479632954,39,429,10001821,2023,ללא שיוך לאשכול
167,עין החורש,En HaHoresh,EN HAHORESH,4,המרכז,41,השרון,411,16,מועצה אזורית עמק חפר,913,1931.0,194542699149,21,409,15000060,2023,ללא שיוך לאשכול
168,כפר יונה,Kefar Yona,KEFAR YONA,4,המרכז,41,השרון,411,0,עירייה,29548,1932.0,193910691326,42,430,15000060,2023,אשכול רשויות השרון
170,כפר יעבץ,Kefar Ya'bez,KEFAR YA'BEZ,4,המרכז,41,השרון,411,18,מועצה אזורית לב השרון,691,1932.0,196945686790,51,412,15000060,2023,אשכול רשויות השרון
171,פרדסייה,Pardesiyya,PARDESIYYA,4,המרכז,41,השרון,411,99,מועצה מקומית,7950,1942.0,191771690282,52,457,15000060,2023,ללא שיוך לאשכול
173,גבעת חיים (מאוחד),Giv'at Hayyim(Me'uhad),GIV'AT HAYYIM(ME'UHAD),4,המרכז,41,השרון,411,16,מועצה אזורית עמק חפר,1249,1932.0,193706699759,20,409,15000060,2023,ללא שיוך לאשכול
174,נטעים,Neta'im,NETA'IM,4,המרכז,44,רחובות,442,27,מועצה אזורית גן רווה,727,1932.0,178926650312,51,456,15002488,2023,ללא שיוך לאשכול
175,אביחיל,Avihayil,AVIHAYIL,4,המרכז,41,השרון,411,16,מועצה אזורית עמק חפר,1254,1932.0,188086695272,37,409,10002089,2023,ללא שיוך לאשכול
176,אפיקים,Afiqim,AFIQIM,2,הצפון,22,כנרת,221,6,מועצה אזורית עמק הירדן,1105,1932.0,254495731910,-199,214,10004552,2023,אשכול רשויות הכנרת והעמקים
177,"כפר ביל""ו",Kefar Bilu,KEFAR BILU,4,המרכז,44,רחובות,441,30,מועצה אזורית גזר,1202,1932.0,183612642274,63,426,10002241,2023,ללא שיוך לאשכול
178,רמת יוחנן,Ramat Yohanan,RAMAT YOHANAN,3,חיפה,31,חיפה,311,12,מועצה אזורית זבולון,1114,1932.0,211748744316,48,301,10004207,2023,אשכול רשויות המפרץ
182,אבן יהודה,Even Yehuda,EVEN YEHUDA,4,המרכז,41,השרון,411,99,מועצה מקומית,15103,1932.0,189433686424,36,457,15000060,2023,ללא שיוך לאשכול
183,ירקונה,Yarqona,YARQONA,4,המרכז,42,פתח תקווה,421,20,מועצה אזורית דרום השרון,360,1932.0,190652672460,29,417,10002133,2023,אשכול רשויות השרון
184,רמת הכובש,Ramat HaKovesh,RAMAT HAKOVESH,4,המרכז,42,פתח תקווה,421,20,מועצה אזורית דרום השרון,1077,1932.0,194331680446,61,417,10004769,2023,אשכול רשויות השרון
186,נעורים,Ne'urim,NE'URIM,4,המרכז,41,השרון,411,16,מועצה אזורית עמק חפר,242,1953.0,187233697851,20,409,15000060,2023,ללא שיוך לאשכול
187,כפר הס,Kefar Hess,KEFAR HESS,4,המרכז,41,השרון,411,18,מועצה אזורית לב השרון,1522,1933.0,193957683663,73,412,15000060,2023,אשכול רשויות השרון
188,אשדות יעקב (מאוחד),Ashdot Ya'aqov(Me'uhad),ASHDOT YA'AQOV(ME'UHAD),2,הצפון,22,כנרת,221,6,מועצה אזורית עמק הירדן,903,1933.0,255015729774,-200,214,10004552,2023,אשכול רשויות הכנרת והעמקים
189,כפר פינס,Kefar Pines,KEFAR PINES,3,חיפה,32,חדרה,324,14,מועצה אזורית מנשה,739,1933.0,200463710002,60,351,10004333,2023,ללא שיוך לאשכול
190,כפר ויתקין,Kefar Vitkin,KEFAR VITKIN,4,המרכז,41,השרון,411,16,מועצה אזורית עמק חפר,1987,1933.0,188721698680,14,409,15000060,2023,ללא שיוך לאשכול
191,הדר עם,Hadar Am,HADAR AM,4,המרכז,41,השרון,411,16,מועצה אזורית עמק חפר,815,1933.0,190909695064,27,409,15000060,2023,ללא שיוך לאשכול
192,כפר החורש,Kefar HaHoresh,KEFAR HAHORESH,2,הצפון,23,יזרעאל,237,9,מועצה אזורית עמק יזרעאל,776,1933.0,225886734049,401,254,10004411,2023,אשכול רשויות הגליל והעמקים
193,כפר חיים,Kefar Hayyim,KEFAR HAYYIM,4,המרכז,41,השרון,411,16,מועצה אזורית עמק חפר,633,1933.0,190828695636,23,409,15000060,2023,ללא שיוך לאשכול
194,משמר השרון,Mishmar HaSharon,MISHMAR HASHARON,4,המרכז,41,השרון,411,16,מועצה אזורית עמק חפר,688,1933.0,191129695903,19,409,15000060,2023,ללא שיוך לאשכול
195,קדימה-צורן,Qadima- Zoran,QADIMA-ZORAN,4,המרכז,41,השרון,411,99,מועצה מקומית,22471,1933.0,192642687447,51,457,15000060,2023,אשכול רשויות השרון
196,גיבתון,Gibbeton,GIBBETON,4,המרכז,44,רחובות,441,28,מועצה אזורית ברנר,399,1933.0,181193644067,42,456,10002241,2023,אשכול רשויות שורק דרומי
197,מעברות,Ma'barot,MA'BAROT,4,המרכז,41,השרון,411,16,מועצה אזורית עמק חפר,970,1933.0,191265696682,14,409,15000060,2023,ללא שיוך לאשכול
198,צופית,Zofit,ZOFIT,4,המרכז,42,פתח תקווה,421,20,מועצה אזורית דרום השרון,1115,1933.0,192735677741,66,417,10002133,2023,אשכול רשויות השרון
199,אשדות יעקב (איחוד),Ashdot Ya'aqov(Ihud),ASHDOT YA'AQOV(IHUD),2,הצפון,22,כנרת,221,6,מועצה אזורית עמק הירדן,962,1933.0,254716729365,-200,214,10004552,2023,אשכול רשויות הכנרת והעמקים
200,בית ינאי,Bet Yannay,BET YANNAY,4,המרכז,41,השרון,411,16,מועצה אזורית עמק חפר,342,1933.0,187370698656,16,409,15000060,2023,ללא שיוך לאשכול
202,בית עובד,Bet Oved,BET OVED,4,המרכז,44,רחובות,442,27,מועצה אזורית גן רווה,297,1933.0,178705647731,32,456,15002488,2023,ללא שיוך לאשכול
204,אלישיב,Elyashiv,ELYASHIV,4,המרכז,41,השרון,411,16,מועצה אזורית עמק חפר,684,1933.0,191718698592,19,409,15000060,2023,ללא שיוך לאשכול
205,חגלה,Hogla,HOGLA,4,המרכז,41,השרון,411,16,מועצה אזורית עמק חפר,766,1933.0,193279699271,19,409,15000060,2023,ללא שיוך לאשכול
206,רמות השבים,Ramot HaShavim,RAMOT HASHAVIM,4,המרכז,42,פתח תקווה,421,20,מועצה אזורית דרום השרון,1618,1933.0,189292674829,60,417,10002133,2023,אשכול רשויות השרון
207,"גבעת ח""ן",Giv'at Hen,GIV'AT HEN,4,המרכז,42,פתח תקווה,421,20,מועצה אזורית דרום השרון,465,1933.0,188326674959,62,417,10002133,2023,אשכול רשויות השרון
208,מוצא עילית,Moza Illit,MOZA ILLIT,1,ירושלים,11,ירושלים,111,26,מועצה אזורית מטה יהודה,1645,1933.0,215022633456,636,151,10002475,2023,ללא שיוך לאשכול
212,בית צבי,Bet Zevi,BET ZEVI,3,חיפה,32,חדרה,321,15,מועצה אזורית חוף הכרמל,187,1953.0,197448736156,42,303,10004710,2023,אשכול רשויות מישור החוף
213,משמרות,Mishmarot,MISHMAROT,3,חיפה,32,חדרה,324,14,מועצה אזורית מנשה,1323,1933.0,198767710306,53,351,10004333,2023,ללא שיוך לאשכול
217,"כפר הרא""ה",Kefar HaRo'e,KEFAR HARO'E,4,המרכז,41,השרון,411,16,מועצה אזורית עמק חפר,1350,1934.0,191924699673,23,409,15000060,2023,ללא שיוך לאשכול
218,גני עם,Ganne Am,GANNE AM,4,המרכז,42,פתח תקווה,421,20,מועצה אזורית דרום השרון,263,1934.0,190878673143,33,417,10002133,2023,אשכול רשויות השרון
219,חיבת ציון,Hibbat Ziyyon,HIBBAT ZIYYON,4,המרכז,41,השרון,411,16,מועצה אזורית עמק חפר,931,1933.0,191979700423,29,409,15000060,2023,ללא שיוך לאשכול
220,כפר ביאליק,Kefar Bialik,KEFAR BIALIK,3,חיפה,31,חיפה,311,12,מועצה אזורית זבולון,765,1934.0,208416747404,10,301,10004207,2023,אשכול רשויות המפרץ
223,עין עירון,En Iron,EN IRON,3,חיפה,32,חדרה,324,14,מועצה אזורית מנשה,572,1934.0,201111709952,62,351,10004333,2023,ללא שיוך לאשכול
224,שושנת העמקים,Shoshannat HaAmaqim,SHOSHANNAT HAAMAQIM,4,המרכז,41,השרון,411,16,מועצה אזורית עמק חפר,468,1951.0,186751695641,19,409,10002089,2023,ללא שיוך לאשכול
225,גן השומרון,Gan HaShomeron,GAN HASHOMERON,3,חיפה,32,חדרה,324,14,מועצה אזורית מנשה,871,1934.0,200085707640,44,351,10004333,2023,ללא שיוך לאשכול
229,גני תקווה,Ganne Tiqwa,GANNE TIQWA,4,המרכז,42,פתח תקווה,422,0,עירייה,25093,1953.0,188349663033,74,428,10001516,2023,ללא שיוך לאשכול
230,מעש,Ma'as,MA'AS,4,המרכז,42,פתח תקווה,422,20,מועצה אזורית דרום השרון,893,1935.0,189738663530,52,417,10002116,2023,אשכול רשויות השרון
232,שפיים,Shefayim,SHEFAYIM,4,המרכז,41,השרון,411,19,מועצה אזורית חוף השרון,1468,1935.0,183674680494,37,401,15000060,2023,ללא שיוך לאשכול
233,כפר ידידיה,Kefar Yedidya,KEFAR YEDIDYA,4,המרכז,41,השרון,411,16,מועצה אזורית עמק חפר,782,1935.0,190647694687,24,409,15000060,2023,ללא שיוך לאשכול
234,ביצרון,Bizzaron,BIZZARON,6,הדרום,61,אשקלון,611,33,מועצה אזורית באר טוביה,1285,1935.0,174492633801,55,616,10001821,2023,אשכול רשויות שורק דרומי
235,חבצלת השרון,Havazzelet HaSharon,HAVAZZELET HASHARON,4,המרכז,41,השרון,411,16,מועצה אזורית עמק חפר,406,1935.0,187294696357,23,409,10002089,2023,ללא שיוך לאשכול
237,שער העמקים,Sha'ar HaAmaqim,SHA'AR HAAMAQIM,3,חיפה,31,חיפה,311,12,מועצה אזורית זבולון,794,1935.0,210856736508,63,301,10004207,2023,אשכול רשויות המפרץ
239,גן חיים,Gan Hayyim,GAN HAYYIM,4,המרכז,42,פתח תקווה,421,20,מועצה אזורית דרום השרון,705,1935.0,191281677989,61,417,10002133,2023,אשכול רשויות השרון
240,יקנעם עילית,Yoqne'am Illit,YOQNE'AM ILLIT,2,הצפון,23,יזרעאל,235,0,עירייה,24910,1950.0,209105728029,152,222,10004411,2023,אשכול רשויות המפרץ
241,יקנעם (מושבה),Yoqne'am(Moshava),YOQNE'AM(MOSHAVA),2,הצפון,23,יזרעאל,235,13,מועצה אזורית מגידו,1461,1935.0,211060728927,58,254,10004411,2023,אשכול רשויות הגליל והעמקים
242,בית השיטה,Bet HaShitta,BET HASHITTA,2,הצפון,23,יזרעאל,232,8,מועצה אזורית הגלבוע,1464,1935.0,241563717548,-25,204,10004568,2023,אשכול רשויות הגליל והעמקים
246,נתיבות,Netivot,NETIVOT,6,הדרום,62,באר שבע,621,0,עירייה,52877,1956.0,160378592432,134,609,10001930,2023,אשכול רשויות נגב מערבי
247,רשפון,Rishpon,RISHPON,4,המרכז,41,השרון,411,19,מועצה אזורית חוף השרון,1315,1936.0,183615678620,26,401,10001605,2023,ללא שיוך לאשכול
248,בית שערים,Bet She'arim,BET SHE'ARIM,2,הצפון,23,יזרעאל,235,9,מועצה אזורית עמק יזרעאל,701,1936.0,216999733570,74,254,10004411,2023,אשכול רשויות הגליל והעמקים
249,כפר סירקין,Kefar Sirkin,KEFAR SIRKIN,4,המרכז,42,פתח תקווה,422,20,מועצה אזורית דרום השרון,1432,1936.0,192997664883,41,417,10002116,2023,אשכול רשויות השרון
250,הזורע,HaZorea,HAZOREA,2,הצפון,23,יזרעאל,235,13,מועצה אזורית מגידו,1045,1936.0,211481727738,64,254,10004411,2023,אשכול רשויות הגליל והעמקים
252,ביתן אהרן,Bitan Aharon,BITAN AHARON,4,המרכז,41,השרון,411,16,מועצה אזורית עמק חפר,270,1936.0,187995696858,25,409,15000060,2023,ללא שיוך לאשכול
253,חולתה,Hulata,HULATA,2,הצפון,21,צפת,211,1,מועצה אזורית הגליל העליון,752,1937.0,257324773011,80,253,10004540,2023,אשכול רשויות גליל מזרחי
254,כפר המכבי,Kefar HaMakkabbi,KEFAR HAMAKKABBI,3,חיפה,31,חיפה,311,12,מועצה אזורית זבולון,441,1936.0,211167743937,28,301,10004207,2023,אשכול רשויות המפרץ
255,כפר חיטים,Kefar Hittim,KEFAR HITTIM,2,הצפון,22,כנרת,222,3,מועצה אזורית הגליל התחתון,623,1936.0,247396745196,31,206,10004552,2023,אשכול רשויות הכנרת והעמקים
256,ניר דוד (תל עמל),Nir Dawid (Tel Amal),NIR DAWID (TEL AMAL),2,הצפון,23,יזרעאל,231,7,מועצה אזורית עמק המעיינות,845,1936.0,243082712209,-103,202,10004568,2023,אשכול רשויות הכנרת והעמקים
257,נופך,Nofekh,NOFEKH,4,המרכז,42,פתח תקווה,422,25,מועצה אזורית חבל מודיעין,683,1949.0,192664661170,60,424,10002116,2023,ללא שיוך לאשכול
259,שדה נחום,Sede Nahum,SEDE NAHUM,2,הצפון,23,יזרעאל,231,7,מועצה אזורית עמק המעיינות,1164,1937.0,245478714878,-75,202,10004568,2023,אשכול רשויות הכנרת והעמקים
262,גינוסר,Ginnosar,GINNOSAR,2,הצפון,22,כנרת,221,6,מועצה אזורית עמק הירדן,784,1937.0,249302750352,-203,214,10004552,2023,אשכול רשויות הכנרת והעמקים
263,מסדה,Massada,MASSADA,2,הצפון,22,כנרת,221,6,מועצה אזורית עמק הירדן,355,1937.0,256397732200,-191,214,10004552,2023,אשכול רשויות הכנרת והעמקים
264,שער הגולן,Sha'ar HaGolan,SHA'AR HAGOLAN,2,הצפון,22,כנרת,221,6,מועצה אזורית עמק הירדן,621,1937.0,256935732585,-195,214,10004552,2023,אשכול רשויות הכנרת והעמקים
265,בית יוסף,Bet Yosef,BET YOSEF,2,הצפון,23,יזרעאל,231,7,מועצה אזורית עמק המעיינות,598,1937.0,252063718398,-230,202,10004568,2023,אשכול רשויות הכנרת והעמקים
267,כפר שמריהו,Kefar Shemaryahu,KEFAR SHEMARYAHU,5,תל אביב,51,תל אביב,511,99,מועצה מקומית,2028,1937.0,183305677018,31,504,10001605,2023,ללא שיוך לאשכול
268,טירת צבי,Tirat Zevi,TIRAT ZEVI,2,הצפון,23,יזרעאל,231,7,מועצה אזורית עמק המעיינות,1058,1937.0,249950703021,-220,202,10004568,2023,אשכול רשויות הכנרת והעמקים
269,מולדת,Moledet,MOLEDET,2,הצפון,23,יזרעאל,233,8,מועצה אזורית הגלבוע,1185,1937.0,241617721365,62,204,10004394,2023,אשכול רשויות הגליל והעמקים
270,עין השופט,En HaShofet,EN HASHOFET,2,הצפון,23,יזרעאל,236,13,מועצה אזורית מגידו,989,1937.0,209684722402,261,254,10004411,2023,אשכול רשויות הגליל והעמקים
272,מעוז חיים,Ma'oz Hayyim,MA'OZ HAYYIM,2,הצפון,23,יזרעאל,231,7,מועצה אזורית עמק המעיינות,548,1937.0,251968711050,-245,202,10004568,2023,אשכול רשויות הכנרת והעמקים
273,עין גב,En Gev,EN GEV,2,הצפון,22,כנרת,221,6,מועצה אזורית עמק הירדן,576,1937.0,260163743212,-200,214,10004552,2023,אשכול רשויות הכנרת והעמקים
274,כפר מנחם,Kefar Menahem,KEFAR MENAHEM,6,הדרום,61,אשקלון,611,35,מועצה אזורית יואב,1358,1937.0,184241626394,110,632,10001821,2023,אשכול רשויות שורק דרומי
276,צור משה,Zur Moshe,ZUR MOSHE,4,המרכז,41,השרון,411,18,מועצה אזורית לב השרון,2780,1937.0,192087689370,51,412,15000060,2023,אשכול רשויות השרון
278,אושה,Usha,USHA,3,חיפה,31,חיפה,311,12,מועצה אזורית זבולון,576,1937.0,211043744622,31,301,10004207,2023,אשכול רשויות המפרץ
280,חניתה,Hanita,HANITA,2,הצפון,24,עכו,244,4,מועצה אזורית מטה אשר,815,1938.0,216742777019,340,201,10004302,2023,אשכול רשויות גליל מערבי
281,פקיעין חדשה,Peqi'in Hadasha,PEQI'IN HADASHA,2,הצפון,24,עכו,243,52,מועצה אזורית מעלה יוסף,684,1955.0,230497765441,540,255,10004484,2023,אשכול רשויות גליל מערבי
282,שבי ציון,Shave Ziyyon,SHAVE ZIYYON,2,הצפון,24,עכו,245,4,מועצה אזורית מטה אשר,1324,1938.0,208203765201,7,201,10004302,2023,אשכול רשויות גליל מערבי
284,שדה ורבורג,Sede Warburg,SEDE WARBURG,4,המרכז,42,פתח תקווה,421,20,מועצה אזורית דרום השרון,1317,1938.0,191042679373,49,417,10002133,2023,אשכול רשויות השרון
285,אלונים,Allonim,ALLONIM,2,הצפון,23,יזרעאל,235,9,מועצה אזורית עמק יזרעאל,733,1938.0,213911736162,105,254,10004411,2023,אשכול רשויות הגליל והעמקים
286,מעלה החמישה,Ma'ale HaHamisha,MA'ALE HAHAMISHA,1,ירושלים,11,ירושלים,111,26,מועצה אזורית מטה יהודה,893,1938.0,210566636111,786,151,10002475,2023,ללא שיוך לאשכול
287,תל יצחק,Tel Yizhaq,TEL YIZHAQ,4,המרכז,41,השרון,411,19,מועצה אזורית חוף השרון,1005,1938.0,187758684426,31,401,15000060,2023,ללא שיוך לאשכול
288,בית יהושע,Bet Yehoshua,BET YEHOSHUA,4,המרכז,41,השרון,411,19,מועצה אזורית חוף השרון,1072,1938.0,187527685213,23,401,15000060,2023,ללא שיוך לאשכול
289,עין המפרץ,En HaMifraz,EN HAMIFRAZ,2,הצפון,24,עכו,246,4,מועצה אזורית מטה אשר,885,1938.0,209360756478,2,201,10004315,2023,אשכול רשויות גליל מערבי
290,מעיין צבי,Ma'yan Zevi,MA'YAN ZEVI,3,חיפה,32,חדרה,322,15,מועצה אזורית חוף הכרמל,792,1938.0,194684719355,95,303,10004333,2023,אשכול רשויות מישור החוף
292,שרונה,Sharona,SHARONA,2,הצפון,22,כנרת,222,3,מועצה אזורית הגליל התחתון,690,1938.0,244016736876,253,206,10004552,2023,אשכול רשויות הכנרת והעמקים
293,שדה יואב,Sede Yo'av,SEDE YO'AV,6,הדרום,61,אשקלון,611,35,מועצה אזורית יואב,639,1956.0,169443617089,98,632,10001813,2023,אשכול רשויות שורק דרומי
294,אילון,Elon,ELON,2,הצפון,24,עכו,244,4,מועצה אזורית מטה אשר,1257,1938.0,220615774234,289,201,10004302,2023,אשכול רשויות גליל מערבי
295,כפר רופין,Kefar Ruppin,KEFAR RUPPIN,2,הצפון,23,יזרעאל,231,7,מועצה אזורית עמק המעיינות,606,1938.0,252570707136,-246,202,10004568,2023,אשכול רשויות הכנרת והעמקים
296,נווה איתן,Newe Etan,NEWE ETAN,2,הצפון,23,יזרעאל,231,7,מועצה אזורית עמק המעיינות,243,1938.0,250220710925,-230,202,10004568,2023,אשכול רשויות הכנרת והעמקים
297,כפר מסריק,Kefar Masaryk,KEFAR MASARYK,2,הצפון,24,עכו,246,4,מועצה אזורית מטה אשר,856,1938.0,209708755060,4,201,10004315,2023,אשכול רשויות גליל מערבי
298,מסילות,Mesillot,MESILLOT,2,הצפון,23,יזרעאל,231,7,מועצה אזורית עמק המעיינות,482,1938.0,244802711308,-112,202,10004568,2023,אשכול רשויות הכנרת והעמקים
300,דלייה,Daliyya,DALIYYA,2,הצפון,23,יזרעאל,236,13,מועצה אזורית מגידו,877,1939.0,207294721717,201,254,10004411,2023,אשכול רשויות הגליל והעמקים
301,בית עוזיאל,Bet Uzzi'el,BET UZZI'EL,4,המרכז,43,רמלה,432,30,מועצה אזורית גזר,683,1956.0,191143642000,132,426,10002228,2023,ללא שיוך לאשכול
302,דפנה,Dafna,DAFNA,2,הצפון,21,צפת,211,1,מועצה אזורית הגליל העליון,1077,1939.0,259917792803,140,253,10004591,2023,אשכול רשויות גליל מזרחי
303,דן,Dan,DAN,2,הצפון,21,צפת,211,1,מועצה אזורית הגליל העליון,859,1939.0,261245793938,176,253,10004591,2023,אשכול רשויות גליל מזרחי
304,שדה אליהו,Sede Eliyyahu,SEDE ELIYYAHU,2,הצפון,23,יזרעאל,231,7,מועצה אזורית עמק המעיינות,763,1939.0,248537705199,-191,202,10004568,2023,אשכול רשויות הכנרת והעמקים
305,גשר,Gesher,GESHER,2,הצפון,23,יזרעאל,231,7,מועצה אזורית עמק המעיינות,449,1939.0,252000725187,-198,202,10004568,2023,אשכול רשויות הכנרת והעמקים
306,שדמות דבורה,Shadmot Devora,SHADMOT DEVORA,2,הצפון,22,כנרת,222,3,מועצה אזורית הגליל התחתון,813,1939.0,241174733556,146,206,10004552,2023,אשכול רשויות הכנרת והעמקים
307,הזורעים,HaZore'im,HAZORE'IM,2,הצפון,22,כנרת,222,3,מועצה אזורית הגליל התחתון,1154,1939.0,247384739085,-61,206,10004552,2023,אשכול רשויות הכנרת והעמקים
308,מחניים,Mahanayim,MAHANAYIM,2,הצפון,21,צפת,213,1,מועצה אזורית הגליל העליון,854,1939.0,253635766062,263,253,10004540,2023,אשכול רשויות גליל מזרחי
309,נהורה,Nehora,NEHORA,6,הדרום,61,אשקלון,612,50,מועצה אזורית לכיש,1287,1956.0,172125614621,97,634,10001813,2023,ללא שיוך לאשכול
310,כפר גליקסון,Kefar Glikson,KEFAR GLIKSON,3,חיפה,32,חדרה,324,14,מועצה אזורית מנשה,394,1939.0,200653712397,62,351,10004333,2023,ללא שיוך לאשכול
311,גן שורק,Gan Soreq,GAN SOREQ,4,המרכז,44,רחובות,442,27,מועצה אזורית גן רווה,333,1950.0,177534650296,37,456,15002488,2023,ללא שיוך לאשכול
312,נווה ים,Newe Yam,NEWE YAM,3,חיפה,32,חדרה,321,15,מועצה אזורית חוף הכרמל,269,1939.0,193776731668,4,303,10004710,2023,אשכול רשויות מישור החוף
313,אפק,Afeq,AFEQ,2,הצפון,24,עכו,246,4,מועצה אזורית מטה אשר,731,1939.0,212298749311,24,201,10004207,2023,אשכול רשויות גליל מערבי
315,נגבה,Negba,NEGBA,6,הדרום,61,אשקלון,611,35,מועצה אזורית יואב,872,1939.0,169952618908,84,632,10001813,2023,אשכול רשויות שורק דרומי
316,כפר נטר,Kefar Netter,KEFAR NETTER,4,המרכז,41,השרון,411,19,מועצה אזורית חוף השרון,996,1939.0,188097686905,24,401,15000060,2023,ללא שיוך לאשכול
317,בית אורן,Bet Oren,BET OREN,3,חיפה,32,חדרה,322,15,מועצה אזורית חוף הכרמל,535,1939.0,200752737390,358,303,15005224,2023,אשכול רשויות מישור החוף
318,עמיעוז,Ammi'oz,AMMI'OZ,6,הדרום,62,באר שבע,622,38,מועצה אזורית אשכול,584,1957.0,144060573257,127,651,10001893,2023,אשכול רשויות נגב מערבי
319,עמיר,Amir,AMIR,2,הצפון,21,צפת,211,1,מועצה אזורית הגליל העליון,682,1939.0,258237787054,76,253,10004591,2023,אשכול רשויות גליל מזרחי
320,כפר ורבורג,Kefar Warburg,KEFAR WARBURG,6,הדרום,61,אשקלון,611,33,מועצה אזורית באר טוביה,1170,1939.0,174175625275,54,616,10001821,2023,אשכול רשויות שורק דרומי
322,בית הלל,Bet Hillel,BET HILLEL,2,הצפון,21,צפת,211,55,מועצה אזורית מבואות החרמון,1083,1940.0,256874790404,87,253,10004591,2023,אשכול רשויות גליל מזרחי
324,שאר ישוב,She'ar Yashuv,SHE'AR YASHUV,2,הצפון,21,צפת,211,55,מועצה אזורית מבואות החרמון,790,1940.0,260662792420,130,253,10004591,2023,אשכול רשויות גליל מזרחי
325,מצובה,Mazzuva,MAZZUVA,2,הצפון,24,עכו,244,4,מועצה אזורית מטה אשר,1193,1940.0,215008774182,92,201,10004302,2023,אשכול רשויות גליל מערבי
326,בית יצחק-שער חפר,Bet Yizhaq-Sh. Hefer,BET YIZHAQ-SH. HEFER,4,המרכז,41,השרון,411,16,מועצה אזורית עמק חפר,2283,1940.0,189924693422,27,409,15000060,2023,ללא שיוך לאשכול
327,שדות ים,Sedot Yam,SEDOT YAM,3,חיפה,32,חדרה,324,15,מועצה אזורית חוף הכרמל,1171,1940.0,190166710865,9,303,10004261,2023,אשכול רשויות מישור החוף
328,עזוז,Ezuz,EZUZ,6,הדרום,62,באר שבע,626,48,מועצה אזורית רמת נגב,97,1984.0,149421522649,331,620,15001466,2023,אשכול רשויות נגב מזרחי
329,שדה נחמיה,Sede Nehemya,SEDE NEHEMYA,2,הצפון,21,צפת,211,1,מועצה אזורית הגליל העליון,1157,1940.0,258550788076,77,253,10004591,2023,אשכול רשויות גליל מזרחי
330,אלומות,Alummot,ALUMMOT,2,הצפון,22,כנרת,221,6,מועצה אזורית עמק הירדן,493,1941.0,251519734756,30,214,10004552,2023,אשכול רשויות הכנרת והעמקים
331,ניר צבי,Nir Zevi,NIR ZEVI,4,המרכז,43,רמלה,432,40,מועצה אזורית שדות דן,1128,1954.0,187173651099,58,425,10002228,2023,ללא שיוך לאשכול
334,קבוצת יבנה,Qevuzat Yavne,QEVUZAT YAVNE,4,המרכז,44,רחובות,441,29,מועצה אזורית חבל יבנה,953,1941.0,173550635954,50,456,10001821,2023,אשכול רשויות שורק דרומי
335,רמת השופט,Ramat HaShofet,RAMAT HASHOFET,2,הצפון,23,יזרעאל,236,13,מועצה אזורית מגידו,1099,1941.0,209100724049,240,254,10004411,2023,אשכול רשויות הגליל והעמקים
336,דורות,Dorot,DOROT,6,הדרום,61,אשקלון,614,37,מועצה אזורית שער הנגב,885,1941.0,166317601757,104,651,10001829,2023,אשכול רשויות נגב מערבי
338,איבים,Ibbim,IBBIM,6,הדרום,61,אשקלון,614,37,מועצה אזורית שער הנגב,912,1991.0,162977604769,89,651,10001829,2023,אשכול רשויות נגב מערבי
339,רמת צבי,Ramat Zevi,RAMAT ZEVI,2,הצפון,23,יזרעאל,233,8,מועצה אזורית הגלבוע,765,1942.0,239120721933,54,204,10004394,2023,אשכול רשויות הגליל והעמקים
340,גת (קיבוץ),Gat(Qibbuz),GAT(QIBBUZ),6,הדרום,61,אשקלון,611,35,מועצה אזורית יואב,941,1941.0,180582615119,140,632,10001813,2023,אשכול רשויות שורק דרומי
342,גברעם,Gevar'am,GEVAR'AM,6,הדרום,61,אשקלון,614,36,מועצה אזורית חוף אשקלון,728,1942.0,163244611173,85,633,10001829,2023,אשכול רשויות נגב מערבי
343,חמדיה,Hamadya,HAMADYA,2,הצפון,23,יזרעאל,231,7,מועצה אזורית עמק המעיינות,481,1942.0,249090714070,-169,202,10004568,2023,אשכול רשויות הכנרת והעמקים
344,מענית,Ma'anit,MA'ANIT,3,חיפה,32,חדרה,324,14,מועצה אזורית מנשה,906,1942.0,202803706977,65,351,15002436,2023,ללא שיוך לאשכול
345,כפר סאלד,Kefar Szold,KEFAR SZOLD,2,הצפון,21,צפת,211,1,מועצה אזורית הגליל העליון,754,1942.0,261752789004,122,253,10004591,2023,אשכול רשויות גליל מזרחי
346,גליל ים,Gelil Yam,GELIL YAM,5,תל אביב,51,תל אביב,511,19,מועצה אזורית חוף השרון,621,1943.0,184207673810,43,401,10001605,2023,ללא שיוך לאשכול
347,מנרה,Menara,MENARA,2,הצפון,21,צפת,212,1,מועצה אזורית הגליל העליון,311,1943.0,251170789031,845,253,10004591,2023,אשכול רשויות גליל מזרחי
348,ניר עם,Nir Am,NIR AM,6,הדרום,61,אשקלון,614,37,מועצה אזורית שער הנגב,659,1943.0,160122603225,115,651,10001829,2023,אשכול רשויות נגב מערבי
351,ניצן,Nizzan,NIZZAN,6,הדרום,61,אשקלון,614,36,מועצה אזורית חוף אשקלון,2607,1949.0,165182627624,39,633,10001805,2023,אשכול רשויות נגב מערבי
352,גבולות,Gevulot,GEVULOT,6,הדרום,62,באר שבע,622,38,מועצה אזורית אשכול,438,1943.0,149037569051,131,651,10001893,2023,אשכול רשויות נגב מערבי
353,בית זיד,Bet Zeid,BET ZEID,2,הצפון,23,יזרעאל,235,9,מועצה אזורית עמק יזרעאל,80,1943.0,211072734114,107,254,10004207,2023,אשכול רשויות הגליל והעמקים
354,רביבים,Revivim,REVIVIM,6,הדרום,62,באר שבע,626,48,מועצה אזורית רמת נגב,824,1943.0,173381550414,283,620,15001466,2023,אשכול רשויות נגב מזרחי
355,חורשים,Horeshim,HORESHIM,4,המרכז,42,פתח תקווה,421,20,מועצה אזורית דרום השרון,319,1955.0,197440671607,78,417,15000658,2023,אשכול רשויות השרון
356,הגושרים,HaGosherim,HAGOSHERIM,2,הצפון,21,צפת,211,1,מועצה אזורית הגליל העליון,1263,1948.0,258536791773,100,253,10004591,2023,אשכול רשויות גליל מזרחי
357,כפר בלום,Kefar Blum,KEFAR BLUM,2,הצפון,21,צפת,211,1,מועצה אזורית הגליל העליון,940,1943.0,257167786509,76,253,10004591,2023,אשכול רשויות גליל מזרחי
358,יד מרדכי,Yad Mordekhay,YAD MORDEKHAY,6,הדרום,61,אשקלון,614,36,מועצה אזורית חוף אשקלון,987,1943.0,158140610922,42,633,10001829,2023,אשכול רשויות נגב מערבי
359,ניצנים,Nizzanim,NIZZANIM,6,הדרום,61,אשקלון,614,36,מועצה אזורית חוף אשקלון,751,1943.0,165396625131,35,633,10001821,2023,אשכול רשויות נגב מערבי
360,"גבעת ניל""י",Giv'at Nili,GIV'AT NILI,3,חיפה,32,חדרה,323,45,מועצה אזורית אלונה,639,1953.0,204143717073,135,351,10004233,2023,אשכול רשויות מישור החוף
362,רוחמה,Ruhama,RUHAMA,6,הדרום,61,אשקלון,614,37,מועצה אזורית שער הנגב,765,1944.0,172114600761,166,651,10001829,2023,אשכול רשויות נגב מערבי
363,חפץ חיים,Hafez Hayyim,HAFEZ HAYYIM,4,המרכז,44,רחובות,441,31,מועצה אזורית נחל שורק,688,1944.0,181154633044,76,456,15002488,2023,אשכול רשויות שורק דרומי
364,כפר אוריה,Kefar Uriyya,KEFAR URIYYA,1,ירושלים,11,ירושלים,112,26,מועצה אזורית מטה יהודה,836,1944.0,195105633351,199,151,15000597,2023,ללא שיוך לאשכול
365,בית קשת,Bet Qeshet,BET QESHET,2,הצפון,22,כנרת,222,3,מועצה אזורית הגליל התחתון,737,1944.0,237233736025,186,206,10004552,2023,אשכול רשויות הכנרת והעמקים
366,שמיר,Shamir,SHAMIR,2,הצפון,21,צפת,211,1,מועצה אזורית הגליל העליון,833,1944.0,261948785795,192,253,10004591,2023,אשכול רשויות גליל מזרחי
367,עין העמק,En HaEmeq,EN HAEMEQ,2,הצפון,23,יזרעאל,236,13,מועצה אזורית מגידו,813,1944.0,208228726053,240,254,10004411,2023,אשכול רשויות הגליל והעמקים
368,בירייה,Biriyya,BIRIYYA,2,הצפון,21,צפת,212,2,מועצה אזורית מרום הגליל,968,1945.0,247102764806,815,209,10004528,2023,אשכול רשויות גליל מזרחי
369,גלעד (אבן יצחק),Gal'ed (Even Yizhaq),GAL'ED (EVEN YIZHAQ),2,הצפון,23,יזרעאל,236,13,מועצה אזורית מגידו,590,1945.0,207435718118,185,254,10004411,2023,אשכול רשויות הגליל והעמקים
370,גזר,Gezer,GEZER,4,המרכז,43,רמלה,432,30,מועצה אזורית גזר,427,1945.0,192526642684,122,426,10002228,2023,ללא שיוך לאשכול
371,כדורי,Kadoorie,KADOORIE,2,הצפון,22,כנרת,222,3,מועצה אזורית הגליל התחתון,153,1931.0,238335734286,123,206,10004552,2023,אשכול רשויות הכנרת והעמקים
372,רמות נפתלי,Ramot Naftali,RAMOT NAFTALI,2,הצפון,21,צפת,212,55,מועצה אזורית מבואות החרמון,496,1945.0,252021778532,435,253,10004591,2023,אשכול רשויות גליל מזרחי
373,בית הלוי,Bet HaLewi,BET HALEWI,4,המרכז,41,השרון,411,16,מועצה אזורית עמק חפר,811,1945.0,193754695573,18,409,15000060,2023,ללא שיוך לאשכול
374,חוקוק,Huqoq,HUQOQ,2,הצפון,22,כנרת,221,6,מועצה אזורית עמק הירדן,681,1945.0,246674754012,7,214,10004552,2023,אשכול רשויות הכנרת והעמקים
375,מגל,Maggal,MAGGAL,3,חיפה,32,חדרה,324,14,מועצה אזורית מנשה,1384,1953.0,203348699106,71,351,15002436,2023,ללא שיוך לאשכול
376,עברון,Evron,EVRON,2,הצפון,24,עכו,245,4,מועצה אזורית מטה אשר,956,1945.0,209741766318,25,201,10004302,2023,אשכול רשויות גליל מערבי
377,המעפיל,HaMa'pil,HAMA'PIL,4,המרכז,41,השרון,412,16,מועצה אזורית עמק חפר,932,1945.0,198590698295,33,409,15000060,2023,ללא שיוך לאשכול
378,משגב עם,Misgav Am,MISGAV AM,2,הצפון,21,צפת,212,1,מועצה אזורית הגליל העליון,399,1945.0,251518794746,800,253,10004591,2023,אשכול רשויות גליל מזרחי
379,גאולים,Ge'ulim,GE'ULIM,4,המרכז,41,השרון,411,18,מועצה אזורית לב השרון,958,1945.0,195068689390,55,412,15000060,2023,אשכול רשויות השרון
380,להבות הבשן,Lahavot HaBashan,LAHAVOT HABASHAN,2,הצפון,21,צפת,211,1,מועצה אזורית הגליל העליון,895,1945.0,260781782995,89,253,10004591,2023,אשכול רשויות גליל מזרחי
382,מכמורת,Mikhmoret,MIKHMORET,4,המרכז,41,השרון,411,16,מועצה אזורית עמק חפר,1294,1945.0,188311701421,12,409,15000060,2023,ללא שיוך לאשכול
383,"עין הנצי""ב",En HaNaziv,EN HANAZIV,2,הצפון,23,יזרעאל,231,7,מועצה אזורית עמק המעיינות,726,1946.0,247337708548,-140,202,10004568,2023,אשכול רשויות הכנרת והעמקים
385,עמיעד,Ammi'ad,AMMI'AD,2,הצפון,21,צפת,213,1,מועצה אזורית הגליל העליון,596,1946.0,250936759291,241,253,10004540,2023,אשכול רשויות גליל מזרחי
386,בני דרור,Bene Deror,BENE DEROR,4,המרכז,41,השרון,411,18,מועצה אזורית לב השרון,1300,1946.0,190684685434,33,412,15000060,2023,אשכול רשויות השרון
387,כפר מונש,Kefar Monash,KEFAR MONASH,4,המרכז,41,השרון,411,16,מועצה אזורית עמק חפר,891,1946.0,192316694883,16,409,15000060,2023,ללא שיוך לאשכול
388,כפר קיש,Kefar Kisch,KEFAR KISCH,2,הצפון,22,כנרת,222,3,מועצה אזורית הגליל התחתון,758,1946.0,242405730312,83,206,15002472,2023,אשכול רשויות הכנרת והעמקים
389,בצרה,Bazra,BAZRA,4,המרכז,41,השרון,411,19,מועצה אזורית חוף השרון,991,1946.0,188693679972,26,401,15000060,2023,ללא שיוך לאשכול
390,רגבה,Regba,REGBA,2,הצפון,24,עכו,245,4,מועצה אזורית מטה אשר,1088,1946.0,209656764755,17,201,10004302,2023,אשכול רשויות גליל מערבי
392,קדמה,Qedma,QEDMA,6,הדרום,61,אשקלון,611,35,מועצה אזורית יואב,0,,178746623239,100,632,10001821,2023,אשכול רשויות שורק דרומי
393,גלאון,Gal'on,GAL'ON,6,הדרום,61,אשקלון,611,35,מועצה אזורית יואב,728,1946.0,185602615764,199,632,10001813,2023,אשכול רשויות שורק דרומי
394,שובל,Shoval,SHOVAL,6,הדרום,62,באר שבע,621,41,מועצה אזורית בני שמעון,1032,1946.0,175658591487,205,625,10001946,2023,אשכול רשויות נגב מערבי
395,משמר הנגב,Mishmar HaNegev,MISHMAR HANEGEV,6,הדרום,62,באר שבע,621,41,מועצה אזורית בני שמעון,1121,1946.0,173081585845,199,625,10001946,2023,אשכול רשויות נגב מערבי
396,נבטים,Nevatim,NEVATIM,6,הדרום,62,באר שבע,623,41,מועצה אזורית בני שמעון,1137,1946.0,188695570226,324,625,15003711,2023,אשכול רשויות נגב מערבי
397,חצרים,Hazerim,HAZERIM,6,הדרום,62,באר שבע,623,41,מועצה אזורית בני שמעון,988,1946.0,172681572163,240,625,10001900,2023,אשכול רשויות נגב מערבי
398,שרשרת,Sharsheret,SHARSHERET,6,הדרום,62,באר שבע,621,39,מועצה אזורית שדות נגב,512,1951.0,162252590445,142,651,10001930,2023,אשכול רשויות נגב מערבי
399,בארי,Be'eri,BE'ERI,6,הדרום,62,באר שבע,622,38,מועצה אזורית אשכול,1077,1946.0,151608592653,88,651,10001893,2023,אשכול רשויות נגב מערבי
400,אבן שמואל,Even Shemu'el,EVEN SHEMU'EL,6,הדרום,61,אשקלון,612,34,מועצה אזורית שפיר,2006,1956.0,177783609265,157,631,10001813,2023,ללא שיוך לאשכול
402,ניר יצחק,Nir Yizhaq,NIR YIZHAQ,6,הדרום,62,באר שבע,622,38,מועצה אזורית אשכול,580,1949.0,138783572100,91,651,10001893,2023,אשכול רשויות נגב מערבי
403,אורים,Urim,URIM,6,הדרום,62,באר שבע,622,38,מועצה אזורית אשכול,453,1946.0,154547579366,94,651,10001893,2023,אשכול רשויות נגב מערבי
405,נווה אילן,Newe Ilan,NEWE ILAN,1,ירושלים,11,ירושלים,111,26,מועצה אזורית מטה יהודה,1019,1946.0,207761635066,654,151,10002475,2023,ללא שיוך לאשכול
406,חצור-אשדוד,Hazor-Ashdod,HAZOR-ASHDOD,6,הדרום,61,אשקלון,611,33,מועצה אזורית באר טוביה,944,1937.0,173598631204,45,616,10001821,2023,אשכול רשויות שורק דרומי
407,דברת,Daverat,DAVERAT,2,הצפון,23,יזרעאל,234,9,מועצה אזורית עמק יזרעאל,605,1946.0,233069728170,169,254,10004394,2023,אשכול רשויות הגליל והעמקים
408,נאות מרדכי,Ne'ot Mordekhay,NE'OT MORDEKHAY,2,הצפון,21,צפת,211,1,מועצה אזורית הגליל העליון,750,1946.0,256057785031,75,253,10004591,2023,אשכול רשויות גליל מזרחי
409,יחיעם,Yehi'am,YEHI'AM,2,הצפון,24,עכו,243,4,מועצה אזורית מטה אשר,841,1946.0,220914766948,358,201,10004302,2023,אשכול רשויות גליל מערבי
412,קריית שלמה,Qiryat Shelomo,QIRYAT SHELOMO,4,המרכז,41,השרון,411,19,מועצה אזורית חוף השרון,334,1945.0,187130682344,28,401,15000060,2023,ללא שיוך לאשכול
413,צאלים,Ze'elim,ZE'ELIM,6,הדרום,62,באר שבע,622,38,מועצה אזורית אשכול,492,1947.0,155578568217,143,651,10001893,2023,אשכול רשויות נגב מערבי
414,קלחים,Qelahim,QELAHIM,6,הדרום,62,באר שבע,621,42,מועצה אזורית מרחבים,647,1954.0,169407595386,170,651,10001930,2023,אשכול רשויות נגב מערבי
415,שוקדה,Shoqeda,SHOQEDA,6,הדרום,62,באר שבע,621,39,מועצה אזורית שדות נגב,747,1957.0,154825592428,82,651,10001930,2023,אשכול רשויות נגב מערבי
416,מעיין ברוך,Ma'yan Barukh,MA'YAN BARUKH,2,הצפון,21,צפת,211,1,מועצה אזורית הגליל העליון,893,1947.0,256996793883,202,253,10004591,2023,אשכול רשויות גליל מזרחי
417,יקום,Yaqum,YAQUM,4,המרכז,41,השרון,411,19,מועצה אזורית חוף השרון,772,1947.0,185303683975,15,401,15000060,2023,ללא שיוך לאשכול
418,בני ציון,Bene Ziyyon,BENE ZIYYON,4,המרכז,41,השרון,411,19,מועצה אזורית חוף השרון,1147,1947.0,187780680650,38,401,15000060,2023,ללא שיוך לאשכול
419,סעד,Sa'ad,SA'AD,6,הדרום,62,באר שבע,621,39,מועצה אזורית שדות נגב,1019,1947.0,155789597819,103,651,10001930,2023,אשכול רשויות נגב מערבי
421,משאבי שדה,Mash'abbe Sade,MASH'ABBE SADE,6,הדרום,62,באר שבע,626,48,מועצה אזורית רמת נגב,733,1949.0,179513545873,349,620,15001466,2023,אשכול רשויות נגב מזרחי
422,חרב לאת,Herev Le'Et,HEREV LE'ET,4,המרכז,41,השרון,411,16,מועצה אזורית עמק חפר,889,1947.0,192393700918,29,409,15000060,2023,ללא שיוך לאשכול
423,העוגן,HaOgen,HAOGEN,4,המרכז,41,השרון,411,16,מועצה אזורית עמק חפר,798,1947.0,193063696519,15,409,15000060,2023,ללא שיוך לאשכול
424,גבים,Gevim,GEVIM,6,הדרום,61,אשקלון,614,37,מועצה אזורית שער הנגב,680,1947.0,161707601800,116,651,10001829,2023,אשכול רשויות נגב מערבי
425,משמרת,Mishmeret,MISHMERET,4,המרכז,41,השרון,411,18,מועצה אזורית לב השרון,988,1946.0,192661681648,60,412,15000060,2023,אשכול רשויות השרון
426,עין כרמל,En Karmel,EN KARMEL,3,חיפה,32,חדרה,321,15,מועצה אזורית חוף הכרמל,800,1947.0,195853731453,22,303,10004333,2023,אשכול רשויות מישור החוף
427,כפר גלים,Kefar Gallim,KEFAR GALLIM,3,חיפה,32,חדרה,321,15,מועצה אזורית חוף הכרמל,206,1952.0,196450741315,18,303,10004710,2023,אשכול רשויות מישור החוף
428,ברור חיל,Beror Hayil,BEROR HAYIL,6,הדרום,61,אשקלון,614,37,מועצה אזורית שער הנגב,1091,1948.0,166504607428,73,651,10001829,2023,אשכול רשויות נגב מערבי
429,אלוני אבא,Allone Abba,ALLONE ABBA,2,הצפון,23,יזרעאל,237,9,מועצה אזורית עמק יזרעאל,933,1948.0,216270737198,149,254,10004411,2023,אשכול רשויות הגליל והעמקים
430,בית לחם הגלילית,Bet Lehem HaGelilit,BET LEHEM HAGELILIT,2,הצפון,23,יזרעאל,237,9,מועצה אזורית עמק יזרעאל,837,1948.0,218198737835,160,254,10004411,2023,אשכול רשויות הגליל והעמקים
431,דלתון,Dalton,DALTON,2,הצפון,21,צפת,212,2,מועצה אזורית מרום הגליל,978,1950.0,246053769123,807,209,10004528,2023,אשכול רשויות גליל מזרחי
432,שמרת,Shamerat,SHAMERAT,2,הצפון,24,עכו,246,4,מועצה אזורית מטה אשר,715,1948.0,209184761856,17,201,10004315,2023,אשכול רשויות גליל מערבי
433,נחשולים,Nahsholim,NAHSHOLIM,3,חיפה,32,חדרה,321,15,מועצה אזורית חוף הכרמל,719,1948.0,192833724390,5,303,10004333,2023,אשכול רשויות מישור החוף
434,החותרים,HaHoterim,HAHOTERIM,3,חיפה,32,חדרה,321,15,מועצה אזורית חוף הכרמל,945,1948.0,196248739787,15,303,10004710,2023,אשכול רשויות מישור החוף
435,נצר סרני,Nezer Sereni,NEZER SERENI,4,המרכז,43,רמלה,432,30,מועצה אזורית גזר,1083,1948.0,183437647862,64,426,10002228,2023,ללא שיוך לאשכול
436,עין דור,En Dor,EN DOR,2,הצפון,23,יזרעאל,233,9,מועצה אזורית עמק יזרעאל,1168,1948.0,239325729238,125,254,15002472,2023,אשכול רשויות הגליל והעמקים
437,רשפים,Reshafim,RESHAFIM,2,הצפון,23,יזרעאל,231,7,מועצה אזורית עמק המעיינות,1196,1948.0,245036709591,-114,202,10004568,2023,אשכול רשויות הכנרת והעמקים
439,שלוחות,Sheluhot,SHELUHOT,2,הצפון,23,יזרעאל,231,7,מועצה אזורית עמק המעיינות,502,1948.0,245403708614,-116,202,10004568,2023,אשכול רשויות הכנרת והעמקים
440,יסודות,Yesodot,YESODOT,4,המרכז,44,רחובות,441,31,מועצה אזורית נחל שורק,1106,1948.0,187339635887,100,456,15002488,2023,אשכול רשויות שורק דרומי
442,גדעונה,Gid'ona,GID'ONA,2,הצפון,23,יזרעאל,232,8,מועצה אזורית הגלבוע,514,1949.0,233975717174,-13,204,10004394,2023,אשכול רשויות הגליל והעמקים
443,כפר הנשיא,Kefar HaNasi,KEFAR HANASI,2,הצפון,21,צפת,213,1,מועצה אזורית הגליל העליון,795,1948.0,256755764485,265,253,10004540,2023,אשכול רשויות גליל מזרחי
444,רגבים,Regavim,REGAVIM,3,חיפה,32,חדרה,323,14,מועצה אזורית מנשה,669,1948.0,203490714418,99,351,10004233,2023,ללא שיוך לאשכול
445,רמות מנשה,Ramot Menashe,RAMOT MENASHE,2,הצפון,23,יזרעאל,236,13,מועצה אזורית מגידו,1341,1948.0,205704722581,181,254,10004411,2023,אשכול רשויות הגליל והעמקים
446,אודים,Udim,UDIM,4,המרכז,41,השרון,411,19,מועצה אזורית חוף השרון,1164,1948.0,185811685802,12,401,15000060,2023,ללא שיוך לאשכול
447,נורדייה,Nordiyya,NORDIYYA,4,המרכז,41,השרון,411,18,מועצה אזורית לב השרון,2072,1948.0,190448691276,50,412,15000060,2023,אשכול רשויות השרון
448,בני עטרות,Bene Atarot,BENE ATAROT,4,המרכז,42,פתח תקווה,422,25,מועצה אזורית חבל מודיעין,932,1948.0,192035659011,52,424,10002116,2023,ללא שיוך לאשכול
449,נחלים,Nehalim,NEHALIM,4,המרכז,42,פתח תקווה,422,25,מועצה אזורית חבל מודיעין,1551,1948.0,191868662906,49,424,10002116,2023,ללא שיוך לאשכול
450,בארות יצחק,Be'erot Yizhaq,BE'EROT YIZHAQ,4,המרכז,42,פתח תקווה,422,25,מועצה אזורית חבל מודיעין,566,1948.0,191684660880,52,424,10002116,2023,ללא שיוך לאשכול
452,יזרעאל,Yizre'el,YIZRE'EL,2,הצפון,23,יזרעאל,234,8,מועצה אזורית הגלבוע,620,1948.0,230407718663,88,204,10004394,2023,אשכול רשויות הגליל והעמקים
453,יפתח,Yiftah,YIFTAH,2,הצפון,21,צפת,212,1,מועצה אזורית הגליל העליון,649,1948.0,251859781544,420,253,10004591,2023,אשכול רשויות גליל מזרחי
454,סער,Sa'ar,SA'AR,2,הצפון,24,עכו,245,4,מועצה אזורית מטה אשר,918,1948.0,210516770512,19,201,10004302,2023,אשכול רשויות גליל מערבי
456,שורש,Shoresh,SHORESH,1,ירושלים,11,ירושלים,111,26,מועצה אזורית מטה יהודה,1314,1948.0,206276633845,677,151,15000597,2023,ללא שיוך לאשכול
457,גזית,Gazit,GAZIT,2,הצפון,23,יזרעאל,233,9,מועצה אזורית עמק יזרעאל,847,1948.0,242215727223,128,254,15002472,2023,אשכול רשויות הגליל והעמקים
460,רמת רזיאל,Ramat Razi'el,RAMAT RAZI'EL,1,ירושלים,11,ירושלים,111,26,מועצה אזורית מטה יהודה,675,1948.0,207024631242,717,151,15000597,2023,ללא שיוך לאשכול
462,טל שחר,Tal Shahar,TAL SHAHAR,1,ירושלים,11,ירושלים,112,26,מועצה אזורית מטה יהודה,1290,1948.0,190881634752,118,151,15000597,2023,ללא שיוך לאשכול
463,געתון,Ga'ton,GA'TON,2,הצפון,24,עכו,243,4,מועצה אזורית מטה אשר,740,1948.0,220464767926,346,201,10004302,2023,אשכול רשויות גליל מערבי
464,הראל,Har'el,HAR'EL,1,ירושלים,11,ירושלים,112,26,מועצה אזורית מטה יהודה,292,1948.0,195313635171,200,151,15000597,2023,ללא שיוך לאשכול
465,צובה,Zova,ZOVA,1,ירושלים,11,ירושלים,111,26,מועצה אזורית מטה יהודה,599,1948.0,211407632319,724,151,15000597,2023,ללא שיוך לאשכול
466,בית דגן,Bet Dagan,BET DAGAN,4,המרכז,43,רמלה,432,99,מועצה מקומית,7660,1948.0,184072656438,34,455,10002207,2023,ללא שיוך לאשכול
469,קריית עקרון,Qiryat Eqron,QIRYAT EQRON,4,המרכז,44,רחובות,441,99,מועצה מקומית,11288,1948.0,183364641012,57,453,10002241,2023,אשכול רשויות שורק דרומי
472,אבו גוש,Abu Ghosh,ABU GHOSH,1,ירושלים,11,ירושלים,111,99,מועצה מקומית,8793,,210524634814,686,152,10002475,2023,ללא שיוך לאשכול
473,אבו סנאן,Abu Sinan,ABU SINAN,2,הצפון,24,עכו,245,99,מועצה מקומית,14235,,216163762852,69,252,15002143,2023,אשכול רשויות גליל מערבי
475,דחי,Dahi,DAHI,2,הצפון,23,יזרעאל,234,66,מועצה אזורית בוסתן אל-מרג',668,,232583725198,415,251,10004394,2023,אשכול רשויות הגליל והעמקים
478,אכסאל,Iksal,IKSAL,2,הצפון,23,יזרעאל,237,99,מועצה מקומית,14980,,230718731912,126,257,15002472,2023,אשכול רשויות הגליל והעמקים
480,בית ג'ן,Beit Jann,BEIT JANN,2,הצפון,24,עכו,243,99,מועצה מקומית,12287,,235679763256,900,258,10004465,2023,אשכול רשויות גליל מערבי
481,מגאר,Mughar,MUGHAR,2,הצפון,22,כנרת,222,0,עירייה,23184,,238899754708,147,251,10004552,2023,אשכול רשויות הכנרת והעמקים
482,בועיינה-נוג'ידאת,Bu'eine-Nujeidat,BU'EINE-NUJEIDAT,2,הצפון,25,יזרעאל,237,99,מועצה מקומית,10439,,234811745911,214,251,10004552,2023,אשכול רשויות הכנרת והעמקים
483,בענה,Bi'ne,BI'NE,2,הצפון,24,עכו,242,99,מועצה מקומית,8703,,225883759359,259,260,15002358,2023,אשכול רשויות בית הכרם הגלילי
485,ג'ולס,Julis,JULIS,2,הצפון,24,עכו,243,99,מועצה מקומית,6701,,217489760805,112,252,15002143,2023,אשכול רשויות גליל מערבי
487,ג'ש (גוש חלב),Jish(Gush Halav),JISH(GUSH HALAV),2,הצפון,21,צפת,212,99,מועצה מקומית,3232,,241991769741,743,258,10004528,2023,אשכול רשויות גליל מזרחי
489,דבורייה,Daburiyya,DABURIYYA,2,הצפון,23,יזרעאל,237,99,מועצה מקומית,10675,,235129732997,159,251,15002472,2023,אשכול רשויות הגליל והעמקים
490,דייר אל-אסד,Deir Al-Asad,DEIR AL-ASAD,2,הצפון,24,עכו,242,99,מועצה מקומית,12438,,225313760138,468,260,15002358,2023,אשכול רשויות בית הכרם הגלילי
492,דייר חנא,Deir Hanna,DEIR HANNA,2,הצפון,24,עכו,241,99,מועצה מקומית,10623,,234808752008,225,262,10004513,2023,ללא שיוך לאשכול
493,דייר ראפאת,Deir Rafat,DEIR RAFAT,1,ירושלים,11,ירושלים,112,26,מועצה אזורית מטה יהודה,84,,195084631564,247,151,15000597,2023,ללא שיוך לאשכול
494,דאלית אל-כרמל,Daliyat Al-Karmel,DALIYAT AL-KARMEL,3,חיפה,31,חיפה,311,99,מועצה מקומית,18141,,205089733250,421,356,15005224,2023,אשכול רשויות המפרץ
496,חורפיש,Hurfeish,HURFEISH,2,הצפון,24,עכו,244,99,מועצה מקומית,6712,,232730769180,670,258,10004484,2023,אשכול רשויות גליל מערבי
497,טייבה (בעמק),Tayibe(Baemeq),TAYIBE(BAEMEQ),2,הצפון,23,יזרעאל,233,8,מועצה אזורית הגלבוע,2156,,242035723350,104,204,10004394,2023,אשכול רשויות הגליל והעמקים
498,טורעאן,Tur'an,TUR'AN,2,הצפון,25,יזרעאל,237,99,מועצה מקומית,14732,,235482742442,248,251,15002369,2023,אשכול רשויות הכנרת והעמקים
499,יפיע,Yafi,YAFI,2,הצפון,25,יזרעאל,237,99,מועצה מקומית,18603,,226158732243,294,257,10004426,2023,אשכול רשויות הגליל והעמקים
502,ירכא,Yirka,YIRKA,2,הצפון,24,עכו,243,99,מועצה מקומית,16543,,219751762230,253,252,15002143,2023,אשכול רשויות גליל מערבי
504,כאבול,Kabul,KABUL,2,הצפון,24,עכו,241,99,מועצה מקומית,12338,,219857752792,76,263,15002411,2023,אשכול רשויות המפרץ
505,כאוכב אבו אל-היג'א,Kaokab Abu Al-Hija,KAOKAB ABU AL-HIJA,2,הצפון,24,עכו,241,99,מועצה מקומית,4039,,223600748427,369,261,10004513,2023,ללא שיוך לאשכול
507,כפר יאסיף,Kafar Yasif,KAFAR YASIF,2,הצפון,24,עכו,245,99,מועצה מקומית,10645,,215585762097,57,252,15002143,2023,אשכול רשויות גליל מערבי
508,כפר כמא,Kafar Kama,KAFAR KAMA,2,הצפון,22,כנרת,222,99,מועצה מקומית,3455,,241575736385,209,251,10004552,2023,אשכול רשויות הכנרת והעמקים
509,כפר כנא,Kafar Kanna,KAFAR KANNA,2,הצפון,25,יזרעאל,237,99,מועצה מקומית,24935,,232358739062,228,257,15002369,2023,אשכול רשויות הגליל והעמקים
510,כפר מנדא,Kafar Manda,KAFAR MANDA,2,הצפון,24,עכו,241,99,מועצה מקומית,21743,,224714746138,180,261,10004513,2023,ללא שיוך לאשכול
511,עילוט,Ilut,ILUT,2,הצפון,25,יזרעאל,237,99,מועצה מקומית,8894,,224815735892,274,257,10004426,2023,אשכול רשויות הגליל והעמקים
512,כפר מצר,Kafar Misr,KAFAR MISR,2,הצפון,25,יזרעאל,233,66,מועצה אזורית בוסתן אל-מרג',2759,,239877727932,112,251,15002472,2023,אשכול רשויות הגליל והעמקים
514,עין ראפה,Ein Rafa,EIN RAFA,1,ירושלים,11,ירושלים,111,26,מועצה אזורית מטה יהודה,1407,,210991633145,603,151,10002475,2023,ללא שיוך לאשכול
516,מג'ד אל-כרום,Majd al-Kurum,MAJD AL-KURUM,2,הצפון,24,עכו,242,99,מועצה מקומית,15144,,224140758460,243,260,15002358,2023,אשכול רשויות בית הכרם הגלילי
517,מזרעה,Mazra'a,MAZRA'A,2,הצפון,24,עכו,245,99,מועצה מקומית,3874,,209646765361,15,201,10004302,2023,אשכול רשויות גליל מערבי
518,מעיליא,Mi'elya,MI'ELYA,2,הצפון,24,עכו,243,99,מועצה מקומית,3272,,224390770243,511,258,10004484,2023,אשכול רשויות גליל מערבי
520,משהד,Meshhed,MESHHED,2,הצפון,25,יזרעאל,237,99,מועצה מקומית,8695,,230582738383,269,257,15002369,2023,אשכול רשויות הגליל והעמקים
521,עין נקובא,Ein Naqquba,EIN NAQQUBA,1,ירושלים,11,ירושלים,111,26,מועצה אזורית מטה יהודה,3696,,211574633395,625,151,10002475,2023,ללא שיוך לאשכול
522,נחף,Nahef,NAHEF,2,הצפון,24,עכו,242,99,מועצה מקומית,13818,,230055760009,318,260,15002358,2023,אשכול רשויות בית הכרם הגלילי
523,ניין,Nein,NEIN,2,הצפון,23,יזרעאל,233,66,מועצה אזורית בוסתן אל-מרג',2024,,232991726325,222,251,10004394,2023,אשכול רשויות הגליל והעמקים
524,נאעורה,Na'ura,NA'URA,2,הצפון,23,יזרעאל,233,8,מועצה אזורית הגלבוע,2427,,236999724406,118,204,10004394,2023,אשכול רשויות הגליל והעמקים
525,סאג'ור,Sajur,SAJUR,2,הצפון,24,עכו,242,99,מועצה מקומית,4267,,232464760818,346,260,10004465,2023,אשכול רשויות בית הכרם הגלילי
526,סולם,Sulam,SULAM,2,הצפון,23,יזרעאל,234,66,מועצה אזורית בוסתן אל-מרג',2891,,231659723531,119,251,10004394,2023,אשכול רשויות הגליל והעמקים
527,שזור,Shezor,SHEZOR,2,הצפון,24,עכו,242,2,מועצה אזורית מרום הגליל,379,1953.0,233325759813,282,209,10004465,2023,אשכול רשויות גליל מזרחי
528,עוזייר,Uzeir,UZEIR,2,הצפון,25,יזרעאל,237,65,מועצה אזורית אל-בטוף,3455,,230814743989,176,251,15002369,2023,אשכול רשויות הכנרת והעמקים
529,אעבלין,I'billin,I'BILLIN,2,הצפון,24,עכו,241,99,מועצה מקומית,13555,,217651747994,87,261,10004497,2023,אשכול רשויות המפרץ
530,עיילבון,Eilabun,EILABUN,2,הצפון,22,כנרת,222,99,מועצה מקומית,5834,,237927749083,161,251,10004552,2023,אשכול רשויות הכנרת והעמקים
531,עראבה,Arrabe,ARRABE,2,הצפון,24,עכו,241,0,עירייה,26810,,231961750763,246,262,10004513,2023,ללא שיוך לאשכול
532,עין מאהל,Ein Mahel,EIN MAHEL,2,הצפון,25,יזרעאל,237,99,מועצה מקומית,13834,,233380736406,405,257,10004453,2023,אשכול רשויות הגליל והעמקים
534,עספיא,Isifya,ISIFYA,3,חיפה,31,חיפה,311,99,מועצה מקומית,13150,,206445735776,468,356,15005224,2023,אשכול רשויות המפרץ
535,פסוטה,Fassuta,FASSUTA,2,הצפון,24,עכו,244,99,מועצה מקומית,3387,,229293772602,566,258,10004484,2023,אשכול רשויות גליל מערבי
536,פקיעין (בוקייעה),Peqi'in (Buqei'a),PEQI'IN (BUQEI'A),2,הצפון,24,עכו,243,99,מועצה מקומית,6055,,230984764750,615,258,10004484,2023,ללא שיוך לאשכול
537,פוריידיס,Fureidis,FUREIDIS,3,חיפה,32,חדרה,321,99,מועצה מקומית,13356,,195797722658,50,353,10004333,2023,אשכול רשויות מישור החוף
538,שעב,Sha'ab,SHA'AB,2,הצפון,24,עכו,241,99,מועצה מקומית,7645,,222337755044,51,263,15002411,2023,ללא שיוך לאשכול
539,רומאנה,Rummane,RUMMANE,2,הצפון,25,יזרעאל,237,65,מועצה אזורית אל-בטוף,1393,,229421743705,165,251,15002369,2023,אשכול רשויות הכנרת והעמקים
540,ריחאנייה,Reihaniyye,REIHANIYYE,2,הצפון,21,צפת,212,2,מועצה אזורית מרום הגליל,1183,,245886772731,674,209,10004528,2023,אשכול רשויות גליל מזרחי
541,ג'סר א-זרקא,Jisr Az-Zarqa,JISR AZ-ZARQA,3,חיפה,32,חדרה,324,99,מועצה מקומית,15709,,191963715851,11,353,15002142,2023,אשכול רשויות מישור החוף
542,ריינה,Reine,REINE,2,הצפון,25,יזרעאל,237,99,מועצה מקומית,17513,,229504736266,317,257,10004426,2023,אשכול רשויות הגליל והעמקים
543,ראמה,Rame,RAME,2,הצפון,24,עכו,242,99,מועצה מקומית,8413,,234668760389,385,260,10004465,2023,אשכול רשויות בית הכרם הגלילי
546,עין אל-אסד,Ein Al-Asad,EIN AL-ASAD,2,הצפון,21,צפת,212,2,מועצה אזורית מרום הגליל,929,,237691760618,535,209,10004465,2023,אשכול רשויות גליל מזרחי
547,טמרה (יזרעאל),Tamra (Yizre'el),TAMRA (YIZRE'EL),2,הצפון,23,יזרעאל,233,8,מועצה אזורית הגלבוע,1705,,238173726700,222,204,10004394,2023,אשכול רשויות הגליל והעמקים
549,גנות הדר,Gannot Hadar,GANNOT HADAR,4,המרכז,41,השרון,411,18,מועצה אזורית לב השרון,965,1964.0,190843691920,49,412,15000060,2023,אשכול רשויות השרון
553,ניר בנים,Nir Banim,NIR BANIM,6,הדרום,61,אשקלון,611,33,מועצה אזורית באר טוביה,812,1954.0,176826620014,85,616,10001821,2023,אשכול רשויות שורק דרומי
555,שדמה,Shedema,SHEDEMA,4,המרכז,44,רחובות,441,32,מועצה אזורית גדרות,463,1954.0,175623637788,48,456,15002488,2023,ללא שיוך לאשכול
559,בוסתן הגליל,Bustan HaGalil,BUSTAN HAGALIL,2,הצפון,24,עכו,246,4,מועצה אזורית מטה אשר,1024,1948.0,208020761825,7,201,10004315,2023,אשכול רשויות גליל מערבי
562,בית אלעזרי,Bet El'azari,BET EL'AZARI,4,המרכז,44,רחובות,441,28,מועצה אזורית ברנר,1601,1948.0,181452639094,43,456,15002488,2023,אשכול רשויות שורק דרומי
563,משמר דוד,Mishmar Dawid,MISHMAR DAWID,4,המרכז,43,רמלה,432,30,מועצה אזורית גזר,1378,1948.0,190691636713,149,426,10002241,2023,ללא שיוך לאשכול
564,רבדים,Revadim,REVADIM,6,הדרום,61,אשקלון,611,35,מועצה אזורית יואב,862,1948.0,182651631303,79,632,10001821,2023,אשכול רשויות שורק דרומי
565,אזור,Azor,AZOR,5,תל אביב,53,תל אביב,513,99,מועצה מקומית,13007,1948.0,181947658994,25,509,15005645,2023,ללא שיוך לאשכול
566,גבעת שמש,Giv'at Shemesh,GIV'AT SHEMESH,1,ירושלים,11,ירושלים,112,26,מועצה אזורית מטה יהודה,0,,195511631385,252,151,15000597,2023,ללא שיוך לאשכול
567,צרעה,Zor'a,ZOR'A,1,ירושלים,11,ירושלים,112,26,מועצה אזורית מטה יהודה,915,1948.0,197164630050,207,151,15000597,2023,ללא שיוך לאשכול
570,מעונה,Me'ona,ME'ONA,2,הצפון,24,עכו,243,52,מועצה אזורית מעלה יוסף,1077,1949.0,224732769025,470,255,10004484,2023,אשכול רשויות גליל מערבי
571,בית גמליאל,Bet Gamli'el,BET GAMLI'EL,4,המרכז,44,רחובות,441,29,מועצה אזורית חבל יבנה,1015,1949.0,177515640514,29,456,15002488,2023,אשכול רשויות שורק דרומי
572,בית העמק,Bet HaEmeq,BET HAEMEQ,2,הצפון,24,עכו,245,4,מועצה אזורית מטה אשר,770,1949.0,213814764054,47,201,10004302,2023,אשכול רשויות גליל מערבי
573,מבקיעים,Mavqi'im,MAVQI'IM,6,הדרום,61,אשקלון,614,36,מועצה אזורית חוף אשקלון,515,1949.0,159914614592,57,633,10001829,2023,אשכול רשויות נגב מערבי
574,גשר הזיו,Gesher HaZiw,GESHER HAZIW,2,הצפון,24,עכו,245,4,מועצה אזורית מטה אשר,1646,1949.0,210789771499,20,201,10004302,2023,אשכול רשויות גליל מערבי
575,יסעור,Yas'ur,YAS'UR,2,הצפון,24,עכו,246,4,מועצה אזורית מטה אשר,847,1949.0,215803756251,22,201,10004315,2023,אשכול רשויות גליל מערבי
576,כברי,Kabri,KABRI,2,הצפון,24,עכו,245,4,מועצה אזורית מטה אשר,1089,1949.0,214278769590,96,201,10004302,2023,אשכול רשויות גליל מערבי
577,יד בנימין,Yad Binyamin,YAD BINYAMIN,4,המרכז,44,רחובות,441,31,מועצה אזורית נחל שורק,4196,1949.0,183259633958,62,456,15002488,2023,אשכול רשויות שורק דרומי
578,סאסא,Sasa,SASA,2,הצפון,24,עכו,244,1,מועצה אזורית הגליל העליון,431,1949.0,237182770260,830,253,10004528,2023,אשכול רשויות גליל מזרחי
579,כפר ראש הנקרה,Kefar Rosh HaNiqra,KEFAR ROSH HANIQRA,2,הצפון,24,עכו,245,4,מועצה אזורית מטה אשר,1372,1949.0,211122776774,34,201,10004302,2023,אשכול רשויות גליל מערבי
580,"כרם מהר""ל",Kerem Maharal,KEREM MAHARAL,3,חיפה,32,חדרה,322,15,מועצה אזורית חוף הכרמל,940,1949.0,199383727980,93,303,10004333,2023,אשכול רשויות מישור החוף
582,כפר הנגיד,Kefar HaNagid,KEFAR HANAGID,4,המרכז,44,רחובות,442,27,מועצה אזורית גן רווה,971,1949.0,176420643950,20,456,15002488,2023,ללא שיוך לאשכול
584,זיקים,Ziqim,ZIQIM,6,הדרום,61,אשקלון,614,36,מועצה אזורית חוף אשקלון,944,1949.0,154673613235,25,633,10001829,2023,אשכול רשויות נגב מערבי
585,לביא,Lavi,LAVI,2,הצפון,22,כנרת,222,3,מועצה אזורית הגליל התחתון,631,1949.0,241710743663,299,206,10004552,2023,אשכול רשויות הכנרת והעמקים
586,מגידו,Megiddo,MEGIDDO,2,הצפון,23,יזרעאל,234,13,מועצה אזורית מגידו,944,1949.0,217131720682,152,254,10004411,2023,אשכול רשויות הגליל והעמקים
587,סביון,Savyon,SAVYON,4,המרכז,42,פתח תקווה,422,99,מועצה מקומית,4446,1951.0,188688661558,56,455,10001516,2023,ללא שיוך לאשכול
588,בני ראם,Bene Re'em,BENE RE'EM,4,המרכז,44,רחובות,441,31,מועצה אזורית נחל שורק,1376,1949.0,180339630994,64,456,15002488,2023,אשכול רשויות שורק דרומי
589,בצת,Bezet,BEZET,2,הצפון,24,עכו,245,4,מועצה אזורית מטה אשר,615,1949.0,212962775112,29,201,10004302,2023,אשכול רשויות גליל מערבי
590,נווה אור,Newe Ur,NEWE UR,2,הצפון,23,יזרעאל,231,7,מועצה אזורית עמק המעיינות,447,1949.0,252204721670,-224,202,10004568,2023,אשכול רשויות הכנרת והעמקים
591,עשרת,Aseret,ASERET,4,המרכז,44,רחובות,441,32,מועצה אזורית גדרות,1017,1954.0,176173636964,56,456,15002488,2023,ללא שיוך לאשכול
592,בני דרום,Bene Darom,BENE DAROM,4,המרכז,44,רחובות,441,29,מועצה אזורית חבל יבנה,1033,1949.0,170896636520,35,456,10001836,2023,אשכול רשויות שורק דרומי
593,ערוגות,Arugot,ARUGOT,6,הדרום,61,אשקלון,611,33,מועצה אזורית באר טוביה,1169,1949.0,178518626923,66,616,10001821,2023,אשכול רשויות שורק דרומי
594,צפרייה,Zafriyya,ZAFRIYYA,4,המרכז,43,רמלה,432,40,מועצה אזורית שדות דן,1039,1949.0,186578656700,31,425,10002207,2023,ללא שיוך לאשכול
595,לוחמי הגיטאות,Lohame HaGeta'ot,LOHAME HAGETA'OT,2,הצפון,24,עכו,245,4,מועצה אזורית מטה אשר,978,1949.0,209506763194,17,201,10004302,2023,אשכול רשויות גליל מערבי
596,מלכייה,Malkiyya,MALKIYYA,2,הצפון,21,צפת,212,1,מועצה אזורית הגליל העליון,499,1949.0,248046778429,653,253,10004528,2023,אשכול רשויות גליל מזרחי
597,פלמחים,Palmahim,PALMAHIM,4,המרכז,44,רחובות,442,27,מועצה אזורית גן רווה,837,1949.0,172346649060,17,456,15002488,2023,ללא שיוך לאשכול
598,בית קמה,Bet Qama,BET QAMA,6,הדרום,62,באר שבע,621,41,מועצה אזורית בני שמעון,1059,1949.0,177312595255,238,625,10001946,2023,אשכול רשויות נגב מערבי
599,פרוד,Parod,PAROD,2,הצפון,21,צפת,212,2,מועצה אזורית מרום הגליל,654,1949.0,240742759690,428,209,10004528,2023,אשכול רשויות גליל מזרחי
602,נירים,Nirim,NIRIM,6,הדרום,62,באר שבע,622,38,מועצה אזורית אשכול,482,1949.0,142416582972,109,651,10001893,2023,אשכול רשויות נגב מערבי
603,אלקוש,Elqosh,ELQOSH,2,הצפון,24,עכו,244,52,מועצה אזורית מעלה יוסף,267,1949.0,230611770913,637,255,10004484,2023,אשכול רשויות גליל מערבי
604,בית עריף,Bet Arif,BET ARIF,4,המרכז,43,רמלה,432,25,מועצה אזורית חבל מודיעין,1135,1951.0,193942655899,59,424,10002168,2023,ללא שיוך לאשכול
605,כפר שמאי,Kefar Shammay,KEFAR SHAMMAY,2,הצפון,21,צפת,212,2,מועצה אזורית מרום הגליל,628,1949.0,243089762447,636,209,10004528,2023,אשכול רשויות גליל מזרחי
606,מזור,Mazor,MAZOR,4,המרכז,42,פתח תקווה,422,25,מועצה אזורית חבל מודיעין,1143,1949.0,193110662067,54,424,10002116,2023,ללא שיוך לאשכול
607,מירון,Meron,MERON,2,הצפון,21,צפת,212,2,מועצה אזורית מרום הגליל,753,1949.0,241457765840,702,209,10004528,2023,אשכול רשויות גליל מזרחי
609,כפר חושן,Kefar Hoshen,KEFAR HOSHEN,2,הצפון,21,צפת,212,2,מועצה אזורית מרום הגליל,917,1949.0,241363768589,739,209,10004528,2023,אשכול רשויות גליל מזרחי
610,סתרייה,Sitriyya,SITRIYYA,4,המרכז,43,רמלה,432,30,מועצה אזורית גזר,1097,1949.0,185412644199,82,426,10002241,2023,ללא שיוך לאשכול
612,צרופה,Zerufa,ZERUFA,3,חיפה,32,חדרה,321,15,מועצה אזורית חוף הכרמל,1244,1949.0,195343728261,21,303,10004333,2023,אשכול רשויות מישור החוף
613,ציפורי,Zippori,ZIPPORI,2,הצפון,23,יזרעאל,237,9,מועצה אזורית עמק יזרעאל,1130,1949.0,226398738986,250,254,15002369,2023,אשכול רשויות הגליל והעמקים
614,שומרה,Shomera,SHOMERA,2,הצפון,24,עכו,244,52,מועצה אזורית מעלה יוסף,412,1949.0,226864776436,551,255,10004302,2023,אשכול רשויות גליל מערבי
615,קדרון,Qidron,QIDRON,4,המרכז,44,רחובות,441,28,מועצה אזורית ברנר,1626,1949.0,180784635926,52,456,15002488,2023,אשכול רשויות שורק דרומי
616,רינתיה,Rinnatya,RINNATYA,4,המרכז,42,פתח תקווה,422,25,מועצה אזורית חבל מודיעין,1192,1949.0,193376661283,62,424,10002116,2023,ללא שיוך לאשכול
617,ברקאי,Barqay,BARQAY,3,חיפה,32,חדרה,324,14,מועצה אזורית מנשה,555,1949.0,203015709040,65,351,10004233,2023,ללא שיוך לאשכול
618,חדיד,Hadid,HADID,4,המרכז,43,רמלה,432,25,מועצה אזורית חבל מודיעין,1128,1950.0,193687652905,66,424,10002168,2023,ללא שיוך לאשכול
619,בית גוברין,Bet Guvrin,BET GUVRIN,6,הדרום,61,אשקלון,612,35,מועצה אזורית יואב,483,1949.0,190184613450,266,632,10001813,2023,אשכול רשויות שורק דרומי
620,משואות יצחק,Massu'ot Yizhaq,MASSU'OT YIZHAQ,6,הדרום,61,אשקלון,611,34,מועצה אזורית שפיר,674,1949.0,170632623466,60,631,10001821,2023,ללא שיוך לאשכול
622,עין צורים,En Zurim,EN ZURIM,6,הדרום,61,אשקלון,611,34,מועצה אזורית שפיר,873,1949.0,173454622671,52,631,10001821,2023,ללא שיוך לאשכול
623,יראון,Yir'on,YIR'ON,2,הצפון,24,עכו,244,1,מועצה אזורית הגליל העליון,402,1949.0,242876775829,680,253,10004528,2023,אשכול רשויות גליל מזרחי
627,ג'לג'וליה,Jaljulye,JALJULYE,4,המרכז,42,פתח תקווה,421,99,מועצה מקומית,10754,,195700673195,38,451,15000658,2023,אשכול רשויות השרון
628,ג'ת,Jatt,JATT,3,חיפה,32,חדרה,324,99,מועצה מקומית,12554,,203558700670,56,354,15002436,2023,ללא שיוך לאשכול
633,כפר ברא,Kafar Bara,KAFAR BARA,4,המרכז,42,פתח תקווה,422,99,מועצה מקומית,3893,,197402670878,108,451,15000658,2023,אשכול רשויות השרון
634,כפר קאסם,Kafar Qasem,KAFAR QASEM,4,המרכז,42,פתח תקווה,422,0,עירייה,27121,,197581669147,84,451,15000658,2023,אשכול רשויות השרון
635,מוקייבלה,Muqeible,MUQEIBLE,2,הצפון,23,יזרעאל,234,8,מועצה אזורית הגלבוע,4537,,228137713314,87,204,10004394,2023,אשכול רשויות הגליל והעמקים
636,צנדלה,Sandala,SANDALA,2,הצפון,23,יזרעאל,232,8,מועצה אזורית הגלבוע,1795,,230625714281,113,204,10004394,2023,אשכול רשויות הגליל והעמקים
637,ערערה,Ar'ara,AR'ARA,3,חיפה,32,חדרה,323,99,מועצה מקומית,20443,,208681711765,173,354,10004233,2023,ללא שיוך לאשכול
638,קלנסווה,Qalansawe,QALANSAWE,4,המרכז,41,השרון,412,0,עירייה,24728,,198032688339,37,458,10002155,2023,אשכול רשויות השרון
648,מצר,Mezer,MEZER,3,חיפה,32,חדרה,324,14,מועצה אזורית מנשה,457,1953.0,204697705127,75,351,15002436,2023,ללא שיוך לאשכול
649,מייסר,Meiser,MEISER,3,חיפה,32,חדרה,323,14,מועצה אזורית מנשה,1974,,204169705643,57,351,15002436,2023,ללא שיוך לאשכול
652,אבטין,Ibtin,IBTIN,3,חיפה,31,חיפה,311,12,מועצה אזורית זבולון,2806,,210930740772,48,301,10004207,2023,אשכול רשויות המפרץ
654,כפר קרע,Kafar Qara,KAFAR QARA,3,חיפה,32,חדרה,323,0,עירייה,20580,,205020712373,109,354,10004233,2023,ללא שיוך לאשכול
658,שייח' דנון,Sheikh Dannun,SHEIKH DANNUN,2,הצפון,24,עכו,243,4,מועצה אזורית מטה אשר,2942,,214194766502,84,201,10004302,2023,אשכול רשויות גליל מערבי
661,שער אפרים,Sha'ar Efrayim,SHA'AR EFRAYIM,4,המרכז,41,השרון,412,18,מועצה אזורית לב השרון,2056,1953.0,199932688385,42,412,10002155,2023,אשכול רשויות השרון
662,חוסן,Hosen,HOSEN,2,הצפון,24,עכו,243,52,מועצה אזורית מעלה יוסף,1232,1949.0,228079766974,478,255,10004484,2023,אשכול רשויות גליל מערבי
663,טירת יהודה,Tirat Yehuda,TIRAT YEHUDA,4,המרכז,42,פתח תקווה,422,25,מועצה אזורית חבל מודיעין,1259,1949.0,193884657873,57,424,10002168,2023,ללא שיוך לאשכול
664,כרם בן זמרה,Kerem Ben Zimra,KEREM BEN ZIMRA,2,הצפון,21,צפת,212,2,מועצה אזורית מרום הגליל,621,1949.0,244005771476,822,209,10004528,2023,אשכול רשויות גליל מזרחי
665,תקומה,Tequma,TEQUMA,6,הדרום,62,באר שבע,621,39,מועצה אזורית שדות נגב,841,1949.0,160037595604,130,651,10001930,2023,אשכול רשויות נגב מערבי
666,עומר,Omer,OMER,6,הדרום,62,באר שבע,623,99,מועצה מקומית,8226,1949.0,185754575185,331,614,10001937,2023,ללא שיוך לאשכול
667,ברעם,Bar'am,BAR'AM,2,הצפון,24,עכו,244,1,מועצה אזורית הגליל העליון,752,1949.0,240911773670,725,253,10004528,2023,אשכול רשויות גליל מזרחי
668,מפלסים,Mefallesim,MEFALLESIM,6,הדרום,61,אשקלון,614,37,מועצה אזורית שער הנגב,924,1949.0,158364601282,94,651,10001829,2023,אשכול רשויות נגב מערבי
670,משמר איילון,Mishmar Ayyalon,MISHMAR AYYALON,4,המרכז,43,רמלה,432,30,מועצה אזורית גזר,605,1949.0,194951642088,135,426,10002228,2023,ללא שיוך לאשכול
672,בית נקופה,Bet Neqofa,BET NEQOFA,1,ירושלים,11,ירושלים,111,26,מועצה אזורית מטה יהודה,683,1949.0,212012634652,663,151,10002475,2023,ללא שיוך לאשכול
673,כפר טרומן,Kefar Truman,KEFAR TRUMAN,4,המרכז,43,רמלה,432,25,מועצה אזורית חבל מודיעין,855,1949.0,192972654189,56,424,10002168,2023,ללא שיוך לאשכול
674,לימן,Liman,LIMAN,2,הצפון,24,עכו,245,4,מועצה אזורית מטה אשר,873,1949.0,210897773865,15,201,10004302,2023,אשכול רשויות גליל מערבי
675,הבונים,HaBonim,HABONIM,3,חיפה,32,חדרה,321,15,מועצה אזורית חוף הכרמל,409,1949.0,193958726949,17,303,10004333,2023,אשכול רשויות מישור החוף
676,עין השלושה,En HaShelosha,EN HASHELOSHA,6,הדרום,62,באר שבע,622,38,מועצה אזורית אשכול,399,1950.0,143060584687,100,651,10001893,2023,אשכול רשויות נגב מערבי
677,הסוללים,HaSolelim,HASOLELIM,2,הצפון,23,יזרעאל,237,9,מועצה אזורית עמק יזרעאל,961,1949.0,222562739564,170,254,10004426,2023,אשכול רשויות הגליל והעמקים
678,מעגן,Ma'agan,MA'AGAN,2,הצפון,22,כנרת,221,6,מועצה אזורית עמק הירדן,766,1949.0,256572734747,-199,214,10004552,2023,אשכול רשויות הכנרת והעמקים
679,אביאל,Avi'el,AVI'EL,3,חיפה,32,חדרה,324,45,מועצה אזורית אלונה,796,1949.0,199615715338,52,351,10004333,2023,אשכול רשויות מישור החוף
680,אומץ,Omez,OMEZ,4,המרכז,41,השרון,412,16,מועצה אזורית עמק חפר,810,1949.0,199676697443,33,409,15000060,2023,ללא שיוך לאשכול
681,גבעת שמואל,Giv'at Shemu'el,GIV'AT SHEMU'EL,4,המרכז,42,פתח תקווה,422,0,עירייה,28628,1942.0,186020664898,48,427,10001516,2023,ללא שיוך לאשכול
682,אליקים,Elyaqim,ELYAQIM,2,הצפון,23,יזרעאל,236,13,מועצה אזורית מגידו,920,1949.0,206587726427,229,254,10004411,2023,אשכול רשויות הגליל והעמקים
683,גבע כרמל,Geva Karmel,GEVA KARMEL,3,חיפה,32,חדרה,321,15,מועצה אזורית חוף הכרמל,1126,1949.0,196035729822,22,303,10004333,2023,אשכול רשויות מישור החוף
684,היוגב,HaYogev,HAYOGEV,2,הצפון,23,יזרעאל,234,9,מועצה אזורית עמק יזרעאל,1036,1949.0,219491724167,86,254,10004411,2023,אשכול רשויות הגליל והעמקים
685,בניה,Benaya,BENAYA,4,המרכז,44,רחובות,441,28,מועצה אזורית ברנר,884,1949.0,176726639082,32,456,15002488,2023,אשכול רשויות שורק דרומי
686,נווה ימין,Newe Yamin,NEWE YAMIN,4,המרכז,42,פתח תקווה,421,20,מועצה אזורית דרום השרון,1342,1949.0,194528675348,37,417,10002133,2023,אשכול רשויות השרון
687,עין איילה,En Ayyala,EN AYYALA,3,חיפה,32,חדרה,321,15,מועצה אזורית חוף הכרמל,1219,1949.0,195221726118,19,303,10004333,2023,אשכול רשויות מישור החוף
688,עלמה,Alma,ALMA,2,הצפון,21,צפת,212,2,מועצה אזורית מרום הגליל,857,1949.0,247048772930,674,209,10004528,2023,אשכול רשויות גליל מזרחי
689,מגדים,Megadim,MEGADIM,3,חיפה,32,חדרה,321,15,מועצה אזורית חוף הכרמל,1222,1949.0,196457737271,15,303,10004710,2023,אשכול רשויות מישור החוף
690,כפר אחים,Kefar Ahim,KEFAR AHIM,6,הדרום,61,אשקלון,611,33,מועצה אזורית באר טוביה,811,1949.0,177056628089,53,616,10001821,2023,אשכול רשויות שורק דרומי
692,שפיר,Shafir,SHAFIR,6,הדרום,61,אשקלון,611,34,מועצה אזורית שפיר,1039,1949.0,174322622834,58,631,10001821,2023,ללא שיוך לאשכול
693,"נתיב הל""ה",Netiv HaLamed-He,NETIV HALAMED-HE,1,ירושלים,11,ירושלים,112,26,מועצה אזורית מטה יהודה,677,1949.0,198453621779,301,151,15000597,2023,ללא שיוך לאשכול
694,מעגן מיכאל,Ma'agan Mikha'el,MA'AGAN MIKHA'EL,3,חיפה,32,חדרה,321,15,מועצה אזורית חוף הכרמל,2118,1949.0,192339718008,10,303,10004333,2023,אשכול רשויות מישור החוף
695,מגן,Magen,MAGEN,6,הדרום,62,באר שבע,622,38,מועצה אזורית אשכול,541,1949.0,145434578933,119,651,10001893,2023,אשכול רשויות נגב מערבי
696,"כפר חב""ד",Kefar Habad,KEFAR HABAD,4,המרכז,43,רמלה,432,40,מועצה אזורית שדות דן,6438,1949.0,185973655289,40,425,10002207,2023,ללא שיוך לאשכול
697,בארותיים,Be'erotayim,BE'EROTAYIM,4,המרכז,41,השרון,412,16,מועצה אזורית עמק חפר,1152,1949.0,198636692022,35,409,15000060,2023,ללא שיוך לאשכול
698,בורגתה,Burgeta,BURGETA,4,המרכז,41,השרון,411,16,מועצה אזורית עמק חפר,1105,1949.0,196685692391,28,409,15000060,2023,ללא שיוך לאשכול
699,ניר ישראל,Nir Yisra'el,NIR YISRA'EL,6,הדרום,61,אשקלון,614,36,מועצה אזורית חוף אשקלון,870,1949.0,165606621789,41,633,10001821,2023,אשכול רשויות נגב מערבי
700,חצב,Hazav,HAZAV,6,הדרום,61,אשקלון,611,33,מועצה אזורית באר טוביה,1600,1949.0,178278632127,62,616,10001821,2023,אשכול רשויות שורק דרומי
701,ארבל,Arbel,ARBEL,2,הצפון,22,כנרת,222,3,מועצה אזורית הגליל התחתון,745,1949.0,245631746449,47,206,10004552,2023,אשכול רשויות הכנרת והעמקים
702,האון,HaOn,HAON,2,הצפון,22,כנרת,221,6,מועצה אזורית עמק הירדן,155,1949.0,258591736816,-188,214,10004552,2023,אשכול רשויות הכנרת והעמקים
703,גבעת עוז,Giv'at Oz,GIV'AT OZ,2,הצפון,23,יזרעאל,234,13,מועצה אזורית מגידו,494,1949.0,218903717850,113,254,10004249,2023,אשכול רשויות הגליל והעמקים
705,נחשונים,Nahshonim,NAHSHONIM,4,המרכז,42,פתח תקווה,422,20,מועצה אזורית דרום השרון,471,1949.0,195349663121,88,417,10002168,2023,אשכול רשויות השרון
706,גיאה,Ge'a,GE'A,6,הדרום,61,אשקלון,614,36,מועצה אזורית חוף אשקלון,792,1949.0,162428615198,54,633,10001829,2023,אשכול רשויות נגב מערבי
707,כפר דניאל,Kefar Daniyyel,KEFAR DANIYYEL,4,המרכז,43,רמלה,431,25,מועצה אזורית חבל מודיעין,630,1949.0,193732649013,97,424,10002261,2023,ללא שיוך לאשכול
708,עמקה,Amqa,AMQA,2,הצפון,24,עכו,245,4,מועצה אזורית מטה אשר,930,1949.0,215481764906,81,201,10004302,2023,אשכול רשויות גליל מערבי
709,תפרח,Tifrah,TIFRAH,6,הדרום,62,באר שבע,622,42,מועצה אזורית מרחבים,2269,1949.0,169368581637,160,651,10001893,2023,אשכול רשויות נגב מערבי
710,בית זית,Bet Zayit,BET ZAYIT,1,ירושלים,11,ירושלים,111,26,מועצה אזורית מטה יהודה,1506,1949.0,215424632158,596,151,10002475,2023,ללא שיוך לאשכול
711,עזריה,Azarya,AZARYA,4,המרכז,43,רמלה,432,30,מועצה אזורית גזר,1322,1949.0,191560644206,96,426,10002228,2023,ללא שיוך לאשכול
712,בן עמי,Ben Ammi,BEN AMMI,2,הצפון,24,עכו,245,4,מועצה אזורית מטה אשר,797,1949.0,211900767835,28,201,10004302,2023,אשכול רשויות גליל מערבי
713,רעים,Re'im,RE'IM,6,הדרום,62,באר שבע,622,38,מועצה אזורית אשכול,465,1949.0,148580588423,49,651,10001893,2023,אשכול רשויות נגב מערבי
714,ארז,Erez,EREZ,6,הדרום,61,אשקלון,614,37,מועצה אזורית שער הנגב,662,1949.0,158889607730,41,651,10001829,2023,אשכול רשויות נגב מערבי
715,להבות חביבה,Lahavot Haviva,LAHAVOT HAVIVA,3,חיפה,32,חדרה,324,14,מועצה אזורית מנשה,982,1949.0,201092700136,43,351,15002436,2023,ללא שיוך לאשכול
716,אייל,Eyal,EYAL,4,המרכז,42,פתח תקווה,421,20,מועצה אזורית דרום השרון,621,1949.0,198268679825,76,417,10004769,2023,אשכול רשויות השרון
717,חגור,Hagor,HAGOR,4,המרכז,42,פתח תקווה,421,20,מועצה אזורית דרום השרון,1126,1949.0,195173671573,35,417,15000658,2023,אשכול רשויות השרון
718,ירחיב,Yarhiv,YARHIV,4,המרכז,42,פתח תקווה,421,20,מועצה אזורית דרום השרון,1200,1949.0,197195673331,57,417,15000658,2023,אשכול רשויות השרון
719,תל קציר,Tel Qazir,TEL QAZIR,2,הצפון,22,כנרת,221,6,מועצה אזורית עמק הירדן,547,1949.0,258190734519,-144,214,10004552,2023,אשכול רשויות הכנרת והעמקים
720,ניר גלים,Nir Gallim,NIR GALLIM,4,המרכז,44,רחובות,441,29,מועצה אזורית חבל יבנה,1252,1949.0,170000636938,20,456,10001836,2023,אשכול רשויות שורק דרומי
721,שדה אילן,Sede Ilan,SEDE ILAN,2,הצפון,22,כנרת,222,3,מועצה אזורית הגליל התחתון,744,1949.0,239970739359,196,206,10004552,2023,אשכול רשויות הכנרת והעמקים
722,מגשימים,Magshimim,MAGSHIMIM,4,המרכז,42,פתח תקווה,422,20,מועצה אזורית דרום השרון,903,1949.0,190608661524,52,417,10002116,2023,אשכול רשויות השרון
723,בית הגדי,Bet HaGaddi,BET HAGADDI,6,הדרום,62,באר שבע,621,39,מועצה אזורית שדות נגב,1036,1949.0,162600592751,149,651,10001930,2023,אשכול רשויות נגב מערבי
726,הודייה,Hodiyya,HODIYYA,6,הדרום,61,אשקלון,614,36,מועצה אזורית חוף אשקלון,788,1949.0,166007620410,52,633,10001821,2023,אשכול רשויות נגב מערבי
727,תלמי יחיאל,Talme Yehi'el,TALME YEHI'EL,6,הדרום,61,אשקלון,611,33,מועצה אזורית באר טוביה,939,1949.0,177614629043,52,616,10001821,2023,אשכול רשויות שורק דרומי
729,משמר השבעה,Mishmar HaShiv'a,MISHMAR HASHIV'A,4,המרכז,43,רמלה,432,40,מועצה אזורית שדות דן,1035,1949.0,183466657450,28,425,10002207,2023,ללא שיוך לאשכול
730,אליפלט,Elifelet,ELIFELET,2,הצפון,21,צפת,213,55,מועצה אזורית מבואות החרמון,776,1949.0,251520761491,334,253,10004540,2023,אשכול רשויות גליל מזרחי
731,מישר,Meshar,MESHAR,4,המרכז,44,רחובות,441,32,מועצה אזורית גדרות,739,1950.0,176804636354,51,456,15002488,2023,ללא שיוך לאשכול
732,משמר הירדן,Mishmar HaYarden,MISHMAR HAYARDEN,2,הצפון,21,צפת,213,55,מועצה אזורית מבואות החרמון,934,1949.0,256416767847,230,253,10004540,2023,אשכול רשויות גליל מזרחי
734,גן יאשיה,Gan Yoshiyya,GAN YOSHIYYA,4,המרכז,41,השרון,412,16,מועצה אזורית עמק חפר,989,1949.0,199625695211,32,409,15000060,2023,ללא שיוך לאשכול
735,רמות מאיר,Ramot Me'ir,RAMOT ME'IR,4,המרכז,43,רמלה,432,30,מועצה אזורית גזר,676,1949.0,186500642382,82,426,10002241,2023,ללא שיוך לאשכול
736,גילת,Gilat,GILAT,6,הדרום,62,באר שבע,622,42,מועצה אזורית מרחבים,1642,1949.0,166879581935,136,651,10001893,2023,אשכול רשויות נגב מערבי
737,עולש,Olesh,OLESH,4,המרכז,41,השרון,412,16,מועצה אזורית עמק חפר,1271,1949.0,198857693179,36,409,15000060,2023,ללא שיוך לאשכול
738,דור,Dor,DOR,3,חיפה,32,חדרה,321,15,מועצה אזורית חוף הכרמל,463,1949.0,192918723729,4,303,10004333,2023,אשכול רשויות מישור החוף
739,שדה עוזיהו,Sede Uzziyyahu,SEDE UZZIYYAHU,6,הדרום,61,אשקלון,611,33,מועצה אזורית באר טוביה,1560,1950.0,169556629437,30,616,10001821,2023,אשכול רשויות שורק דרומי
740,אשתאול,Eshta'ol,ESHTA'OL,1,ירושלים,11,ירושלים,112,26,מועצה אזורית מטה יהודה,1092,1949.0,200958632065,282,151,15000597,2023,ללא שיוך לאשכול
741,שואבה,Sho'eva,SHO'EVA,1,ירושלים,11,ירושלים,111,26,מועצה אזורית מטה יהודה,577,1950.0,207485633954,618,151,15000597,2023,ללא שיוך לאשכול
742,מסילת ציון,Mesillat Ziyyon,MESILLAT ZIYYON,1,ירושלים,11,ירושלים,112,26,מועצה אזורית מטה יהודה,934,1950.0,201129634391,303,151,15000597,2023,ללא שיוך לאשכול
743,כפר שמואל,Kefar Shemu'el,KEFAR SHEMU'EL,4,המרכז,43,רמלה,432,30,מועצה אזורית גזר,953,1950.0,193713644173,107,426,10002228,2023,ללא שיוך לאשכול
744,תלמי יפה,Talme Yafe,TALME YAFE,6,הדרום,61,אשקלון,614,36,מועצה אזורית חוף אשקלון,677,1950.0,163386614131,73,633,10001829,2023,אשכול רשויות נגב מערבי
745,גמזו,Gimzo,GIMZO,4,המרכז,43,רמלה,431,25,מועצה אזורית חבל מודיעין,1155,1950.0,194539648348,106,424,10002261,2023,ללא שיוך לאשכול
746,ברכיה,Berekhya,BEREKHYA,6,הדרום,61,אשקלון,614,36,מועצה אזורית חוף אשקלון,1292,1950.0,164544619792,43,633,10001821,2023,אשכול רשויות נגב מערבי
747,בית שקמה,Bet Shiqma,BET SHIQMA,6,הדרום,61,אשקלון,614,36,מועצה אזורית חוף אשקלון,880,1950.0,162849616321,53,633,10001829,2023,אשכול רשויות נגב מערבי
748,מסלול,Maslul,MASLUL,6,הדרום,62,באר שבע,622,42,מועצה אזורית מרחבים,976,1950.0,160921581568,110,651,10001893,2023,אשכול רשויות נגב מערבי
749,פטיש,Pattish,PATTISH,6,הדרום,62,באר שבע,622,42,מועצה אזורית מרחבים,1101,1950.0,158123581917,96,651,10001893,2023,אשכול רשויות נגב מערבי
750,פדויים,Peduyim,PEDUYIM,6,הדרום,62,באר שבע,622,42,מועצה אזורית מרחבים,499,1950.0,162988581840,115,651,10001893,2023,אשכול רשויות נגב מערבי
751,בית מאיר,Bet Me'ir,BET ME'IR,1,ירושלים,11,ירושלים,111,26,מועצה אזורית מטה יהודה,650,1950.0,203566633497,576,151,15000597,2023,ללא שיוך לאשכול
752,תעוז,Ta'oz,TA'OZ,1,ירושלים,11,ירושלים,112,26,מועצה אזורית מטה יהודה,676,1950.0,197701634279,221,151,15000597,2023,ללא שיוך לאשכול
753,ינוב,Yanuv,YANUV,4,המרכז,41,השרון,411,18,מועצה אזורית לב השרון,870,1950.0,195442690339,46,412,15000060,2023,אשכול רשויות השרון
755,גורן,Goren,GOREN,2,הצפון,24,עכו,244,52,מועצה אזורית מעלה יוסף,428,1950.0,222435773492,366,255,10004302,2023,אשכול רשויות גליל מערבי
756,בית עזרא,Bet Ezra,BET EZRA,6,הדרום,61,אשקלון,611,33,מועצה אזורית באר טוביה,1132,1950.0,167429627329,44,616,10001821,2023,אשכול רשויות שורק דרומי
757,מצליח,Mazliah,MAZLIAH,4,המרכז,43,רמלה,432,30,מועצה אזורית גזר,1461,1950.0,188128645983,82,426,10002228,2023,ללא שיוך לאשכול
758,יד חנה,Yad Hanna,YAD HANNA,4,המרכז,41,השרון,412,16,מועצה אזורית עמק חפר,977,1950.0,200788692495,53,409,10002155,2023,ללא שיוך לאשכול
759,יציץ,Yaziz,YAZIZ,4,המרכז,43,רמלה,432,30,מועצה אזורית גזר,1026,1950.0,186896641190,72,426,10002241,2023,ללא שיוך לאשכול
760,בן זכאי,Ben Zakkay,BEN ZAKKAY,4,המרכז,44,רחובות,441,29,מועצה אזורית חבל יבנה,997,1950.0,174442640509,30,456,15002488,2023,אשכול רשויות שורק דרומי
761,שובה,Shuva,SHUVA,6,הדרום,62,באר שבע,621,39,מועצה אזורית שדות נגב,999,1950.0,156692595710,108,651,10001930,2023,אשכול רשויות נגב מערבי
762,בטחה,Bitha,BITHA,6,הדרום,62,באר שבע,622,42,מועצה אזורית מרחבים,885,1950.0,165027582642,120,651,10001893,2023,אשכול רשויות נגב מערבי
763,שתולים,Shetulim,SHETULIM,6,הדרום,61,אשקלון,611,33,מועצה אזורית באר טוביה,2207,1950.0,170115631363,30,616,10001821,2023,אשכול רשויות שורק דרומי
764,כפר מרדכי,Kefar Mordekhay,KEFAR MORDEKHAY,4,המרכז,44,רחובות,441,32,מועצה אזורית גדרות,651,1950.0,176889637720,41,456,15002488,2023,ללא שיוך לאשכול
765,משגב דב,Misgav Dov,MISGAV DOV,4,המרכז,44,רחובות,441,32,מועצה אזורית גדרות,746,1950.0,175419636454,58,456,15002488,2023,ללא שיוך לאשכול
766,קוממיות,Qomemiyyut,QOMEMIYYUT,6,הדרום,61,אשקלון,611,34,מועצה אזורית שפיר,468,1950.0,174530618893,70,631,10001813,2023,ללא שיוך לאשכול
767,פורת,Porat,PORAT,4,המרכז,41,השרון,411,18,מועצה אזורית לב השרון,1512,1950.0,195511686989,57,412,15000060,2023,אשכול רשויות השרון
768,כרמייה,Karmiyya,KARMIYYA,6,הדרום,61,אשקלון,614,36,מועצה אזורית חוף אשקלון,742,1950.0,156588612726,29,633,10001829,2023,אשכול רשויות נגב מערבי
769,ניר עציון,Nir Ezyon,NIR EZYON,3,חיפה,32,חדרה,322,15,מועצה אזורית חוף הכרמל,816,1950.0,199393733912,209,303,10004333,2023,אשכול רשויות מישור החוף
771,מבוא ביתר,Mevo Betar,MEVO BETAR,1,ירושלים,11,ירושלים,111,26,מועצה אזורית מטה יהודה,1125,1950.0,210166625547,752,151,15000597,2023,ללא שיוך לאשכול
772,אמונים,Emunim,EMUNIM,6,הדרום,61,אשקלון,611,33,מועצה אזורית באר טוביה,1038,1950.0,169357628015,31,616,10001821,2023,אשכול רשויות שורק דרומי
773,עמיקם,Ammiqam,AMMIQAM,3,חיפה,32,חדרה,323,45,מועצה אזורית אלונה,761,1950.0,202218718782,82,351,10004333,2023,אשכול רשויות מישור החוף
774,צוריאל,Zuri'el,ZURI'EL,2,הצפון,24,עכו,243,52,מועצה אזורית מעלה יוסף,507,1950.0,229672767971,636,255,10004484,2023,אשכול רשויות גליל מערבי
775,יד נתן,Yad Natan,YAD NATAN,6,הדרום,61,אשקלון,612,50,מועצה אזורית לכיש,654,1953.0,172139617881,76,634,10001813,2023,ללא שיוך לאשכול
776,מחסיה,Mahseya,MAHSEYA,1,ירושלים,11,ירושלים,112,26,מועצה אזורית מטה יהודה,500,1950.0,200779628371,252,151,15000597,2023,ללא שיוך לאשכול
777,נחשון,Nahshon,NAHSHON,1,ירושלים,11,ירושלים,112,26,מועצה אזורית מטה יהודה,610,1950.0,195927637643,174,151,15000597,2023,ללא שיוך לאשכול
778,תרום,Tarum,TARUM,1,ירושלים,11,ירושלים,112,26,מועצה אזורית מטה יהודה,930,1950.0,198362632277,285,151,15000597,2023,ללא שיוך לאשכול
779,עמינדב,Amminadav,AMMINADAV,1,ירושלים,11,ירושלים,111,26,מועצה אזורית מטה יהודה,914,1950.0,213509628780,824,151,10002521,2023,ללא שיוך לאשכול
780,אורה,Ora,ORA,1,ירושלים,11,ירושלים,111,26,מועצה אזורית מטה יהודה,1358,1950.0,214586629042,800,151,10002521,2023,ללא שיוך לאשכול
783,אבן ספיר,Even Sappir,EVEN SAPPIR,1,ירושלים,11,ירושלים,111,26,מועצה אזורית מטה יהודה,715,1950.0,212841630021,608,151,10002521,2023,ללא שיוך לאשכול
784,בית נחמיה,Bet Nehemya,BET NEHEMYA,4,המרכז,43,רמלה,432,25,מועצה אזורית חבל מודיעין,1082,1950.0,195879653755,82,424,10002168,2023,ללא שיוך לאשכול
785,אחיהוד,Ahihud,AHIHUD,2,הצפון,24,עכו,246,4,מועצה אזורית מטה אשר,1111,1950.0,216524756989,47,201,10004315,2023,אשכול רשויות גליל מערבי
786,כפר זיתים,Kefar Zetim,KEFAR ZETIM,2,הצפון,22,כנרת,222,3,מועצה אזורית הגליל התחתון,716,1950.0,243713746382,51,206,10004552,2023,אשכול רשויות הכנרת והעמקים
787,גבעת יערים,Giv'at Ye'arim,GIV'AT YE'ARIM,1,ירושלים,11,ירושלים,111,26,מועצה אזורית מטה יהודה,1283,1950.0,208801632690,694,151,15000597,2023,ללא שיוך לאשכול
788,זיתן,Zetan,ZETAN,4,המרכז,43,רמלה,432,40,מועצה אזורית שדות דן,1177,1950.0,189778653668,40,425,10002261,2023,ללא שיוך לאשכול
789,רנן,Rannen,RANNEN,6,הדרום,62,באר שבע,622,42,מועצה אזורית מרחבים,794,1950.0,162056583074,104,651,10001893,2023,אשכול רשויות נגב מערבי
791,משען,Mash'en,MASH'EN,6,הדרום,61,אשקלון,614,36,מועצה אזורית חוף אשקלון,956,1950.0,164376618453,50,633,10001829,2023,אשכול רשויות נגב מערבי
792,נתיב השיירה,Netiv HaShayyara,NETIV HASHAYYARA,2,הצפון,24,עכו,245,4,מועצה אזורית מטה אשר,488,1950.0,213029766554,43,201,10004302,2023,אשכול רשויות גליל מערבי
793,גבעתי,Giv'ati,GIV'ATI,6,הדרום,61,אשקלון,611,33,מועצה אזורית באר טוביה,1109,1950.0,169808626830,37,616,10001821,2023,אשכול רשויות שורק דרומי
794,עגור,Agur,AGUR,1,ירושלים,11,ירושלים,112,26,מועצה אזורית מטה יהודה,435,1950.0,191751622833,218,151,15000597,2023,ללא שיוך לאשכול
795,יערה,Ya'ara,YA'ARA,2,הצפון,24,עכו,244,52,מועצה אזורית מעלה יוסף,866,1950.0,217692774666,162,255,10004302,2023,אשכול רשויות גליל מערבי
796,צלפון,Zelafon,ZELAFON,1,ירושלים,11,ירושלים,112,26,מועצה אזורית מטה יהודה,1112,1950.0,193547634699,168,151,15000597,2023,ללא שיוך לאשכול
797,אחיעזר,Ahi'ezer,AHI'EZER,4,המרכז,43,רמלה,432,40,מועצה אזורית שדות דן,2179,1950.0,187937654418,40,425,10002261,2023,ללא שיוך לאשכול
798,יגל,Yagel,YAGEL,4,המרכז,43,רמלה,432,40,מועצה אזורית שדות דן,1101,1950.0,188712655094,40,425,10002261,2023,ללא שיוך לאשכול
799,זכריה,Zekharya,ZEKHARYA,1,ירושלים,11,ירושלים,112,26,מועצה אזורית מטה יהודה,1368,1950.0,194866624171,269,151,15000597,2023,ללא שיוך לאשכול
800,בית חנניה,Bet Hananya,BET HANANYA,3,חיפה,32,חדרה,324,15,מועצה אזורית חוף הכרמל,846,1950.0,193273714909,10,303,10004333,2023,אשכול רשויות מישור החוף
801,"חמ""ד",Hemed,HEMED,4,המרכז,43,רמלה,432,40,מועצה אזורית שדות דן,1427,1950.0,184966658486,26,425,10002207,2023,ללא שיוך לאשכול
802,"גבעת כ""ח",Giv'at Koah,GIV'AT KOAH,4,המרכז,42,פתח תקווה,422,25,מועצה אזורית חבל מודיעין,958,1950.0,194077659834,69,424,10002168,2023,ללא שיוך לאשכול
803,יושיביה,Yoshivya,YOSHIVYA,6,הדרום,62,באר שבע,621,39,מועצה אזורית שדות נגב,806,1950.0,162872594795,131,651,10001930,2023,אשכול רשויות נגב מערבי
804,אחיסמך,Ahisamakh,AHISAMAKH,4,המרכז,43,רמלה,432,25,מועצה אזורית חבל מודיעין,1416,1950.0,191420649216,69,424,10002261,2023,ללא שיוך לאשכול
805,ישעי,Yish'i,YISH'I,1,ירושלים,11,ירושלים,112,26,מועצה אזורית מטה יהודה,920,1950.0,196826628791,196,151,15000597,2023,ללא שיוך לאשכול
806,עין יהב,En Yahav,EN YAHAV,6,הדרום,62,באר שבע,625,54,מועצה אזורית הערבה התיכונה,1408,1951.0,222622507536,-83,657,10001918,2023,אשכול רשויות נגב מזרחי
807,חניאל,Hanni'el,HANNI'EL,4,המרכז,41,השרון,411,16,מועצה אזורית עמק חפר,847,1950.0,195398693282,31,409,15000060,2023,ללא שיוך לאשכול
808,ניר אליהו,Nir Eliyyahu,NIR ELIYYAHU,4,המרכז,42,פתח תקווה,421,20,מועצה אזורית דרום השרון,585,1950.0,195364678228,61,417,10002133,2023,אשכול רשויות השרון
809,נחם,Naham,NAHAM,1,ירושלים,11,ירושלים,112,26,מועצה אזורית מטה יהודה,597,1950.0,200407630429,252,151,15000597,2023,ללא שיוך לאשכול
810,עופר,Ofer,OFER,3,חיפה,32,חדרה,322,15,מועצה אזורית חוף הכרמל,598,1950.0,198580725352,148,303,10004333,2023,אשכול רשויות מישור החוף
811,יכיני,Yakhini,YAKHINI,6,הדרום,61,אשקלון,614,37,מועצה אזורית שער הנגב,780,1950.0,161991599124,129,651,10001829,2023,אשכול רשויות נגב מערבי
812,שלומי,Shelomi,SHELOMI,2,הצפון,24,עכו,245,99,מועצה מקומית,8130,1950.0,214214775630,73,255,10004302,2023,אשכול רשויות גליל מערבי
813,עין יעקב,En Ya'aqov,EN YA'AQOV,2,הצפון,24,עכו,243,52,מועצה אזורית מעלה יוסף,1257,1950.0,221841768295,422,255,10004484,2023,אשכול רשויות גליל מערבי
814,תלמים,Telamim,TELAMIM,6,הדרום,61,אשקלון,612,50,מועצה אזורית לכיש,908,1950.0,168900608135,95,634,10001813,2023,ללא שיוך לאשכול
815,זבדיאל,Zavdi'el,ZAVDI'EL,6,הדרום,61,אשקלון,611,34,מועצה אזורית שפיר,808,1950.0,177316618586,90,631,10001813,2023,ללא שיוך לאשכול
816,זנוח,Zanoah,ZANOAH,1,ירושלים,11,ירושלים,112,26,מועצה אזורית מטה יהודה,515,1950.0,200008626676,291,151,15000597,2023,ללא שיוך לאשכול
817,עזריקם,Azriqam,AZRIQAM,6,הדרום,61,אשקלון,611,33,מועצה אזורית באר טוביה,1601,1950.0,171383628801,39,616,10001821,2023,אשכול רשויות שורק דרומי
818,זרחיה,Zerahya,ZERAHYA,6,הדרום,61,אשקלון,611,34,מועצה אזורית שפיר,856,1950.0,175949621101,72,631,10001821,2023,ללא שיוך לאשכול
819,אביגדור,Avigedor,AVIGEDOR,6,הדרום,61,אשקלון,611,33,מועצה אזורית באר טוביה,870,1950.0,175735624280,64,616,10001821,2023,אשכול רשויות שורק דרומי
820,חלץ,Helez,HELEZ,6,הדרום,61,אשקלון,614,36,מועצה אזורית חוף אשקלון,603,1950.0,167638609658,80,633,10001829,2023,אשכול רשויות נגב מערבי
821,אחוזם,Ahuzzam,AHUZZAM,6,הדרום,61,אשקלון,612,50,מועצה אזורית לכיש,524,1950.0,178225606879,169,634,10001813,2023,ללא שיוך לאשכול
822,מטע,Matta,MATTA,1,ירושלים,11,ירושלים,111,26,מועצה אזורית מטה יהודה,870,1950.0,205963625052,603,151,15000597,2023,ללא שיוך לאשכול
823,בר גיורא,Bar Giyyora,BAR GIYYORA,1,ירושלים,11,ירושלים,111,26,מועצה אזורית מטה יהודה,728,1950.0,206936626361,695,151,15000597,2023,ללא שיוך לאשכול
824,כוכב מיכאל,Kokhav Mikha'el,KOKHAV MIKHA'EL,6,הדרום,61,אשקלון,614,36,מועצה אזורית חוף אשקלון,1101,1950.0,168644615359,94,633,10001829,2023,אשכול רשויות נגב מערבי
825,נס הרים,Nes Harim,NES HARIM,1,ירושלים,11,ירושלים,111,26,מועצה אזורית מטה יהודה,1366,1950.0,205521628047,682,151,15000597,2023,ללא שיוך לאשכול
826,עוזה,Uza,UZA,6,הדרום,61,אשקלון,612,34,מועצה אזורית שפיר,474,1950.0,177683611294,140,631,10001813,2023,ללא שיוך לאשכול
827,נווה מבטח,Newe Mivtah,NEWE MIVTAH,6,הדרום,61,אשקלון,611,33,מועצה אזורית באר טוביה,718,1950.0,175586634831,61,616,10001821,2023,אשכול רשויות שורק דרומי
828,ישרש,Yashresh,YASHRESH,4,המרכז,43,רמלה,432,30,מועצה אזורית גזר,1061,1950.0,185752646971,80,426,10002228,2023,ללא שיוך לאשכול
829,מבטחים,Mivtahim,MIVTAHIM,6,הדרום,62,באר שבע,622,38,מועצה אזורית אשכול,915,1950.0,143570572366,129,651,10001893,2023,אשכול רשויות נגב מערבי
831,ירוחם,Yeroham,YEROHAM,6,הדרום,62,באר שבע,626,99,מועצה מקומית,11911,1951.0,193023544108,518,612,10001918,2023,אשכול רשויות נגב מזרחי
833,נורית,Nurit,NURIT,2,הצפון,23,יזרעאל,232,8,מועצה אזורית הגלבוע,265,1950.0,233729716424,126,204,10004394,2023,אשכול רשויות הגליל והעמקים
836,גנות,Gannot,GANNOT,4,המרכז,43,רמלה,432,40,מועצה אזורית שדות דן,474,1953.0,183942658369,27,425,10002207,2023,ללא שיוך לאשכול
837,עזריאל,Azri'el,AZRI'EL,4,המרכז,41,השרון,411,18,מועצה אזורית לב השרון,1035,1951.0,197423685443,53,412,15000060,2023,אשכול רשויות השרון
838,פדיה,Pedaya,PEDAYA,4,המרכז,43,רמלה,432,30,מועצה אזורית גזר,937,1951.0,188996640618,101,426,10002228,2023,ללא שיוך לאשכול
839,פתחיה,Petahya,PETAHYA,4,המרכז,43,רמלה,432,30,מועצה אזורית גזר,915,1951.0,189295641653,102,426,10002228,2023,ללא שיוך לאשכול
840,כיסופים,Kissufim,KISSUFIM,6,הדרום,62,באר שבע,622,38,מועצה אזורית אשכול,343,1951.0,142844587326,85,651,10001893,2023,אשכול רשויות נגב מערבי
841,אלישמע,Elishama,ELISHAMA,4,המרכז,42,פתח תקווה,421,20,מועצה אזורית דרום השרון,1219,1951.0,193423673278,27,417,10002133,2023,אשכול רשויות השרון
842,געש,Ga'ash,GA'ASH,4,המרכז,41,השרון,411,19,מועצה אזורית חוף השרון,955,1951.0,183666681788,29,401,15000060,2023,ללא שיוך לאשכול
843,מרגליות,Margaliyyot,MARGALIYYOT,2,הצפון,21,צפת,212,55,מועצה אזורית מבואות החרמון,457,1951.0,251198791097,690,253,10004591,2023,אשכול רשויות גליל מזרחי
844,נחל עוז,Nahal Oz,NAHAL OZ,6,הדרום,61,אשקלון,614,37,מועצה אזורית שער הנגב,596,1951.0,152270598074,70,651,10001829,2023,אשכול רשויות נגב מערבי
845,כפר עזה,Kefar Azza,KEFAR AZZA,6,הדרום,61,אשקלון,614,37,מועצה אזורית שער הנגב,959,1951.0,155552599254,89,651,10001829,2023,אשכול רשויות נגב מערבי
846,שפר,Shefer,SHEFER,2,הצפון,21,צפת,212,2,מועצה אזורית מרום הגליל,503,1950.0,241128760985,592,209,10004528,2023,אשכול רשויות גליל מזרחי
848,בית רבן,Bet Rabban,BET RABBAN,4,המרכז,44,רחובות,441,29,מועצה אזורית חבל יבנה,706,1946.0,174495636158,54,456,10001821,2023,אשכול רשויות שורק דרומי
849,דביר,Dvir,DVIR,6,הדרום,62,באר שבע,623,41,מועצה אזורית בני שמעון,1163,1951.0,183169591349,306,625,10001937,2023,אשכול רשויות נגב מערבי
850,אחיטוב,Ahituv,AHITUV,4,המרכז,41,השרון,412,16,מועצה אזורית עמק חפר,1509,1951.0,199331699340,42,409,15000060,2023,ללא שיוך לאשכול
851,ניצני עוז,Nizzane Oz,NIZZANE OZ,4,המרכז,41,השרון,412,18,מועצה אזורית לב השרון,1244,1951.0,200589690258,43,412,10002155,2023,אשכול רשויות השרון
852,גונן,Gonen,GONEN,2,הצפון,21,צפת,211,1,מועצה אזורית הגליל העליון,420,1951.0,260748781093,90,253,10004591,2023,אשכול רשויות גליל מזרחי
853,גאליה,Ge'alya,GE'ALYA,4,המרכז,44,רחובות,442,27,מועצה אזורית גן רווה,1052,1948.0,177925643656,22,456,15002488,2023,ללא שיוך לאשכול
854,רחוב,Rehov,REHOV,2,הצפון,23,יזרעאל,231,7,מועצה אזורית עמק המעיינות,546,1951.0,246227706344,-122,202,10004568,2023,אשכול רשויות הכנרת והעמקים
856,שעלבים,Sha'alvim,SHA'ALVIM,4,המרכז,43,רמלה,431,30,מועצה אזורית גזר,1921,1951.0,198494641934,189,426,10002277,2023,ללא שיוך לאשכול
857,כפר אביב,Kefar Aviv,KEFAR AVIV,4,המרכז,44,רחובות,441,32,מועצה אזורית גדרות,771,1951.0,173691637712,43,456,15002488,2023,ללא שיוך לאשכול
858,נווה ירק,Newe Yaraq,NEWE YARAQ,4,המרכז,42,פתח תקווה,421,20,מועצה אזורית דרום השרון,1207,1951.0,193026671105,25,417,10002133,2023,אשכול רשויות השרון
859,כסלון,Kesalon,KESALON,1,ירושלים,11,ירושלים,111,26,מועצה אזורית מטה יהודה,524,1952.0,204761631277,604,151,15000597,2023,ללא שיוך לאשכול
861,שדה אליעזר,Sede Eli'ezer,SEDE ELI'EZER,2,הצפון,21,צפת,211,55,מועצה אזורית מבואות החרמון,1034,1952.0,252991772306,162,253,10004540,2023,אשכול רשויות גליל מזרחי
862,גני יוחנן,Ganne Yohanan,GANNE YOHANAN,4,המרכז,44,רחובות,441,30,מועצה אזורית גזר,770,1950.0,184803640642,63,426,10002241,2023,ללא שיוך לאשכול
863,גינתון,Ginnaton,GINNATON,4,המרכז,43,רמלה,432,25,מועצה אזורית חבל מודיעין,1018,1949.0,191996652236,57,424,10002261,2023,ללא שיוך לאשכול
864,בקוע,Beqoa,BEQOA,1,ירושלים,11,ירושלים,112,26,מועצה אזורית מטה יהודה,954,1951.0,193068637367,149,151,15000597,2023,ללא שיוך לאשכול
865,שיבולים,Shibbolim,SHIBBOLIM,6,הדרום,62,באר שבע,621,39,מועצה אזורית שדות נגב,420,1952.0,162689589467,130,651,10001930,2023,אשכול רשויות נגב מערבי
866,יטבתה,Yotvata,YOTVATA,6,הדרום,62,באר שבע,625,53,מועצה אזורית חבל אילות,801,1951.0,205524422956,86,608,10001955,2023,אשכול רשויות נגב מזרחי
868,אלוני יצחק,Allone Yizhaq,ALLONE YIZHAQ,3,חיפה,32,חדרה,324,14,מועצה אזורית מנשה,174,1949.0,200623712932,70,351,10004333,2023,ללא שיוך לאשכול
870,גבעת השלושה,Giv'at HaShelosha,GIV'AT HASHELOSHA,4,המרכז,42,פתח תקווה,422,20,מועצה אזורית דרום השרון,744,1925.0,192757667267,29,417,10002116,2023,אשכול רשויות השרון
871,עינת,Enat,ENAT,4,המרכז,42,פתח תקווה,422,20,מועצה אזורית דרום השרון,902,1925.0,194259665537,50,417,10002168,2023,אשכול רשויות השרון
872,גאולי תימן,Ge'ule Teman,GE'ULE TEMAN,4,המרכז,41,השרון,411,16,מועצה אזורית עמק חפר,397,1947.0,190967699857,12,409,15000060,2023,ללא שיוך לאשכול
873,שלווה,Shalwa,SHALWA,6,הדרום,61,אשקלון,612,34,מועצה אזורית שפיר,666,1952.0,177938608024,166,631,10001813,2023,ללא שיוך לאשכול
874,מגדל העמק,Migdal HaEmeq,MIGDAL HAEMEQ,2,הצפון,23,יזרעאל,237,0,עירייה,28545,1952.0,223056731504,206,221,10004411,2023,אשכול רשויות הגליל והעמקים
875,כפר עבודה,Kefar Avoda,KEFAR AVODA,4,המרכז,41,השרון,411,18,מועצה אזורית לב השרון,191,1942.0,194617684788,70,412,15000060,2023,אשכול רשויות השרון
877,בית חירות,Bet Herut,BET HERUT,4,המרכז,41,השרון,411,16,מועצה אזורית עמק חפר,913,1933.0,187806698418,20,409,15000060,2023,ללא שיוך לאשכול
880,עין שריד,En Sarid,EN SARID,4,המרכז,41,השרון,411,18,מועצה אזורית לב השרון,1503,1950.0,194112686705,63,412,15000060,2023,אשכול רשויות השרון
882,אורנים,Oranim,ORANIM,3,חיפה,31,חיפה,311,12,מועצה אזורית זבולון,115,1951.0,210508735286,75,301,10004207,2023,אשכול רשויות המפרץ
885,שדה בוקר,Sede Boqer,SEDE BOQER,6,הדרום,62,באר שבע,626,48,מועצה אזורית רמת נגב,529,1952.0,180126531461,470,620,10001918,2023,אשכול רשויות נגב מזרחי
886,איתנים,Etanim,ETANIM,1,ירושלים,11,ירושלים,111,26,מועצה אזורית מטה יהודה,59,1952.0,209113631811,751,151,15000597,2023,ללא שיוך לאשכול
888,"כפר הרי""ף",Kefar Harif,KEFAR HARIF,6,הדרום,61,אשקלון,611,35,מועצה אזורית יואב,838,1956.0,180458628168,70,632,10001821,2023,אשכול רשויות שורק דרומי
889,כפר חסידים ב',Kefar Hasidim Bet,KEFAR HASIDIM BET,3,חיפה,31,חיפה,311,12,מועצה אזורית זבולון,208,1950.0,208499739481,17,301,10004207,2023,אשכול רשויות המפרץ
890,כפר הנוער הדתי,Kefar HaNo'ar Hadati,KEFAR HANO'AR HADATI,3,חיפה,31,חיפה,311,12,מועצה אזורית זבולון,131,1937.0,209506738721,45,301,10004207,2023,אשכול רשויות המפרץ
892,עבדון,Avdon,AVDON,2,הצפון,24,עכו,244,52,מועצה אזורית מעלה יוסף,691,1952.0,217175772545,177,255,10004302,2023,אשכול רשויות גליל מערבי
897,מדרשת רופין,Midreshet Ruppin,MIDRESHET RUPPIN,4,המרכז,41,השרון,411,16,מועצה אזורית עמק חפר,293,1948.0,191922694298,25,409,15000060,2023,ללא שיוך לאשכול
913,שבלי - אום אל-גנם,Shibli-Umm Al-Ghanam,SHIBLI-UMM AL-GHANAM,2,הצפון,23,יזרעאל,237,99,מועצה מקומית,6402,,238003732754,175,251,15002472,2023,אשכול רשויות הכנרת והעמקים
916,ישע,Yesha,YESHA,6,הדרום,62,באר שבע,622,38,מועצה אזורית אשכול,658,1957.0,143069573163,119,651,10001893,2023,אשכול רשויות נגב מערבי
917,עצמון שגב,Atsmon Segev,ATSMON SEGEV,2,הצפון,24,עכו,241,56,מועצה אזורית משגב,1267,1953.0,223886752328,322,205,10004513,2023,אשכול רשויות בית הכרם הגלילי
919,גבעת ישעיהו,Giv'at Yesha'yahu,GIV'AT YESHA'YAHU,1,ירושלים,11,ירושלים,112,26,מועצה אזורית מטה יהודה,724,1958.0,194899619882,299,151,15000597,2023,ללא שיוך לאשכול
921,שער מנשה,Sha'ar Menashe,SHA'AR MENASHE,3,חיפה,32,חדרה,324,14,מועצה אזורית מנשה,520,1949.0,201618705949,38,351,15002436,2023,ללא שיוך לאשכול
922,רכסים,Rekhasim,REKHASIM,3,חיפה,31,חיפה,311,99,מועצה מקומית,14645,1957.0,209795739685,95,355,10004207,2023,אשכול רשויות המפרץ
926,נווה אבות,Newe Avot,NEWE AVOT,3,חיפה,32,חדרה,324,,חסר מעמד מוניציפלי,43,1948.0,197199710151,51,353,10004333,2023,ללא שיוך לאשכול
932,אבו עמרה (שבט),Abu 'Amra,ABU AMRE,6,הדרום,62,באר שבע,623,,חסר מעמד מוניציפלי,0,,185000571000,,699,,2023,ללא שיוך לאשכול
935,אבו סריחאן (שבט),Abu Surayhan,ABU SUREIHAN,6,הדרום,62,באר שבע,623,,חסר מעמד מוניציפלי,0,,186500574500,,699,,2023,ללא שיוך לאשכול
939,מסעודין אל-עזאזמה (שבט),Mas'udin al 'Azazma,MAS'UDIN AL-'AZAZME,6,הדרום,62,באר שבע,623,,חסר מעמד מוניציפלי,0,,182300567300,,699,,2023,ללא שיוך לאשכול
942,סואעד (חמרייה)*,Sawa'id(Hamriyye),SAWA'ID(HAMRIYYE),2,הצפון,25,יזרעאל,237,9,מועצה אזורית עמק יזרעאל,269,,216058741415,170,254,10004497,2023,אשכול רשויות הגליל והעמקים
944,בסמת טבעון,Basmat Tab'un,BASMAT TAB'UN,2,הצפון,23,יזרעאל,237,99,מועצה מקומית,8175,,214243738386,189,257,10004207,2023,אשכול רשויות המפרץ
948,חוג'ייראת (ד'הרה) (שבט),Al-Hujayrat (Zahra),HUJEIRAT (DAHRA),2,הצפון,24,עכו,241,56,מועצה אזורית משגב,0,,227850748870,,299,10004513,2023,אשכול רשויות בית הכרם הגלילי
956,הוזייל (שבט),Al-Huzayyil,HUZAYYEL,6,הדרום,62,באר שבע,623,,חסר מעמד מוניציפלי,0,,176200590800,,699,,2023,ללא שיוך לאשכול
957,עוקבי (בנו עוקבה) (שבט),Al-'Ukbi,UQBI (BANU UQBA),6,הדרום,62,באר שבע,623,,חסר מעמד מוניציפלי,0,,192000577000,,699,,2023,ללא שיוך לאשכול
958,אבו עבדון (שבט),Abu 'Abdun,ABU ABDUN,6,הדרום,62,באר שבע,623,,חסר מעמד מוניציפלי,0,,185000579000,,699,,2023,ללא שיוך לאשכול
959,אפיניש (שבט),Afaynish,AFEINISH,6,הדרום,62,באר שבע,623,,חסר מעמד מוניציפלי,0,,199000580000,,699,,2023,ללא שיוך לאשכול
960,אסד (שבט),Asad,ASAD,6,הדרום,62,באר שבע,623,,חסר מעמד מוניציפלי,0,,188000581500,,699,,2023,ללא שיוך לאשכול
961,אבו רוקייק (שבט),Abu Rukayyek,ABU RUQAYYEQ,6,הדרום,62,באר שבע,623,,חסר מעמד מוניציפלי,0,,192000566000,,699,,2023,ללא שיוך לאשכול
962,טובא-זנגרייה,Tuba-Zangariyye,TUBA-ZANGARIYYE,2,הצפון,21,צפת,213,99,מועצה מקומית,7108,,255638763419,293,259,10004540,2023,אשכול רשויות גליל מזרחי
963,אעצם (שבט),A'sam,A'SAM,6,הדרום,62,באר שבע,623,,חסר מעמד מוניציפלי,0,,191000561000,,699,,2023,ללא שיוך לאשכול
964,קודייראת א-צאנע (שבט),Kudayrat as-Sani',QUDEIRAT AS-SANI,6,הדרום,62,באר שבע,623,,חסר מעמד מוניציפלי,0,,211000578000,,699,,2023,ללא שיוך לאשכול
965,אטרש (שבט),Atrash,ATRASH,6,הדרום,62,באר שבע,623,,חסר מעמד מוניציפלי,0,,194000575200,,699,,2023,ללא שיוך לאשכול
966,אבו רובייעה (שבט),Abu Rubay'a,ABU RUBEI'A,6,הדרום,62,באר שבע,623,,חסר מעמד מוניציפלי,0,,205000572000,,699,,2023,ללא שיוך לאשכול
967,אבו ג'ווייעד (שבט),Abu Juway'ad,ABU JUWEI'ID,6,הדרום,62,באר שבע,623,,חסר מעמד מוניציפלי,0,,204000571000,,699,,2023,ללא שיוך לאשכול
968,אבו קורינאת (שבט),Abu Kuraynat,ABU QUREINAT,6,הדרום,62,באר שבע,623,,חסר מעמד מוניציפלי,0,,197000560000,,699,,2023,ללא שיוך לאשכול
969,עטאוונה (שבט),Al-'Atawina,ATAWNE,6,הדרום,62,באר שבע,623,,חסר מעמד מוניציפלי,0,,193200576900,,699,,2023,ללא שיוך לאשכול
970,תראבין א-צאנע (שבט),Tarabin as-Sani',TARABIN AS-SANI,6,הדרום,62,באר שבע,623,,חסר מעמד מוניציפלי,0,,183000564000,,699,,2023,ללא שיוך לאשכול
972,קוואעין (שבט),Kawa'in,QAWA'IN,6,הדרום,62,באר שבע,623,,חסר מעמד מוניציפלי,0,,202000581000,,699,,2023,ללא שיוך לאשכול
975,זרזיר,Zarzir,ZARZIR,2,הצפון,23,יזרעאל,237,99,מועצה מקומית,9044,,221144736705,186,254,10004411,2023,אשכול רשויות הגליל והעמקים
976,ג'נאביב (שבט),Janabib,JUNNABIB,6,הדרום,62,באר שבע,623,,חסר מעמד מוניציפלי,0,,203000569000,,699,,2023,ללא שיוך לאשכול
978,כעביה-טבאש-חג'אג'רה,Ka'abiyye-Tabbash-Hajajre,KA'ABIYYE-TABBASH-HAJAJRE,2,הצפון,25,יזרעאל,237,99,מועצה מקומית,6422,,217662739491,163,254,10004411,2023,אשכול רשויות הגליל והעמקים
986,ח'ואלד (שבט),Khawalid / Al-Khawalid,KHAWALED,2,הצפון,25,יזרעאל,237,,חסר מעמד מוניציפלי,0,,215010740510,,299,10004207,2023,ללא שיוך לאשכול
989,סואעד (כמאנה) (שבט),Sawa'id (Al-Kammana),SAWA'ID (KAMANE),2,הצפון,24,עכו,242,,חסר מעמד מוניציפלי,0,,232030756990,,299,10004465,2023,ללא שיוך לאשכול
990,ראס עלי,Ras Ali,RAS ALI,3,חיפה,31,חיפה,311,12,מועצה אזורית זבולון,783,,214796741961,63,301,10004207,2023,אשכול רשויות המפרץ
993,חמאם,Hamam,HAMAM,2,הצפון,22,כנרת,221,65,מועצה אזורית אל-בטוף,1749,,246192748381,-105,251,10004552,2023,אשכול רשויות הכנרת והעמקים
994,מנשית זבדה,Manshiyyet Zabda,MANSHIYYET ZABDA,2,הצפון,25,יזרעאל,237,9,מועצה אזורית עמק יזרעאל,1502,,218441734673,104,254,10004411,2023,אשכול רשויות הגליל והעמקים
997,רומת הייב,Rumat Heib,RUMAT HEIB,2,הצפון,25,יזרעאל,237,65,מועצה אזורית אל-בטוף,2565,,228861742554,194,251,15002369,2023,אשכול רשויות הכנרת והעמקים
998,ביר אל-מכסור,Bir El-Maksur,BIR EL-MAKSUR,2,הצפון,24,עכו,241,99,מועצה מקומית,10895,,221115743081,243,261,10004497,2023,אשכול רשויות המפרץ
1015,מבשרת ציון,Mevasseret Ziyyon,MEVASSERET ZIYYON,1,ירושלים,11,ירושלים,111,99,מועצה מקומית,26105,1951.0,214417634125,719,152,10002475,2023,ללא שיוך לאשכול
1020,אור עקיבא,Or Aqiva,OR AQIVA,3,חיפה,32,חדרה,324,0,עירייה,24203,1951.0,192712712692,15,353,10004261,2023,ללא שיוך לאשכול
1024,חרוצים,Haruzim,HARUZIM,4,המרכז,41,השרון,411,19,מועצה אזורית חוף השרון,792,1951.0,187448681611,45,401,15000060,2023,ללא שיוך לאשכול
1031,שדרות,Sederot,SEDEROT,6,הדרום,61,אשקלון,614,0,עירייה,35477,1951.0,161517604254,83,611,10001829,2023,אשכול רשויות נגב מערבי
1034,קריית מלאכי,Qiryat Mal'akhi,QIRYAT MAL'AKHI,6,הדרום,61,אשקלון,611,0,עירייה,27396,1951.0,175963626696,62,617,10001821,2023,אשכול רשויות שורק דרומי
1041,נצאצרה (שבט),An-Nasasira,NASASRA,6,הדרום,62,באר שבע,623,,חסר מעמד מוניציפלי,0,,210000570000,,699,,2023,ללא שיוך לאשכול
1042,אבו עמאר (שבט),Abu 'Ammar,ABU AMMAR,6,הדרום,62,באר שבע,623,,חסר מעמד מוניציפלי,0,,195000567000,,699,,2023,ללא שיוך לאשכול
1043,גיזו,Gizo,GIZO,1,ירושלים,11,ירושלים,112,26,מועצה אזורית מטה יהודה,212,1968.0,194312634718,197,151,15000597,2023,ללא שיוך לאשכול
1044,יעף,Ye'af,YE'AF,4,המרכז,41,השרון,411,18,מועצה אזורית לב השרון,284,1968.0,197026686055,56,412,15000060,2023,אשכול רשויות השרון
1045,שתולה,Shetula,SHETULA,2,הצפון,24,עכו,244,52,מועצה אזורית מעלה יוסף,344,1969.0,229701776676,655,255,10004302,2023,אשכול רשויות גליל מערבי
1046,אוהד,Ohad,OHAD,6,הדרום,62,באר שבע,622,38,מועצה אזורית אשכול,623,1969.0,145808571993,131,651,10001893,2023,אשכול רשויות נגב מערבי
1047,חזון,Hazon,HAZON,2,הצפון,21,צפת,214,2,מועצה אזורית מרום הגליל,345,1969.0,237273756861,442,209,10004465,2023,אשכול רשויות גליל מזרחי
1050,בית חשמונאי,Bet Hashmonay,BET HASHMONAY,4,המרכז,43,רמלה,432,30,מועצה אזורית גזר,2162,1972.0,192470643993,104,426,10002228,2023,ללא שיוך לאשכול
1051,תלמי אליהו,Talme Eliyyahu,TALME ELIYYAHU,6,הדרום,62,באר שבע,622,38,מועצה אזורית אשכול,424,1970.0,145577571089,136,651,10001893,2023,אשכול רשויות נגב מערבי
1052,קטורה,Qetura,QETURA,6,הדרום,62,באר שבע,625,53,מועצה אזורית חבל אילות,511,1970.0,205618431256,113,608,10001955,2023,אשכול רשויות נגב מזרחי
1053,עין חצבה,En Hazeva,EN HAZEVA,6,הדרום,62,באר שבע,625,51,מועצה אזורית תמר,88,1960.0,223425523103,-141,656,10001918,2023,ללא שיוך לאשכול
1054,תל שבע,Tel Sheva,TEL SHEVA,6,הדרום,62,באר שבע,623,99,מועצה מקומית,24195,,186703573041,312,652,10001937,2023,אשכול רשויות נגב מזרחי
1056,"עין כרם-בי""ס חקלאי",En Karem-B.S.Haqla'i,EN KAREM-B.S.HAQLA'I,1,ירושלים,11,ירושלים,111,26,מועצה אזורית מטה יהודה,61,1952.0,214589631724,574,151,10002521,2023,ללא שיוך לאשכול
1057,נווה זוהר,Newe Zohar,NEWE ZOHAR,6,הדרום,62,באר שבע,624,51,מועצה אזורית תמר,182,1972.0,234778562392,-371,656,10001911,2023,ללא שיוך לאשכול
1058,שדה ניצן,Sede Nizzan,SEDE NIZZAN,6,הדרום,62,באר שבע,622,38,מועצה אזורית אשכול,530,1973.0,144653571222,135,651,10001893,2023,אשכול רשויות נגב מערבי
1059,כסיפה,Kuseife,KUSEIFE,6,הדרום,62,באר שבע,623,99,מועצה מקומית,20093,,208488572462,466,652,15003711,2023,אשכול רשויות נגב מזרחי
1060,לקיה,Laqye,LAQYE,6,הדרום,62,באר שבע,623,99,מועצה מקומית,18323,,187377581425,391,652,10001937,2023,אשכול רשויות נגב מערבי
1061,נוף הגליל,Nof HaGalil,NOF HAGALIL,2,הצפון,25,יזרעאל,237,0,עירייה,45587,1957.0,230607734902,328,212,10004453,2023,אשכול רשויות הגליל והעמקים
1063,מעלות-תרשיחא,Ma'alot-Tarshiha,MA'ALOT-TARSHIHA,2,הצפון,24,עכו,243,0,עירייה,23133,1957.0,226290768810,517,223,10004484,2023,אשכול רשויות גליל מערבי
1064,אמירים,Amirim,AMIRIM,2,הצפון,21,צפת,212,2,מועצה אזורית מרום הגליל,790,1950.0,242565760276,549,209,10004528,2023,אשכול רשויות גליל מזרחי
1065,זמרת,Zimrat,ZIMRAT,6,הדרום,62,באר שבע,621,39,מועצה אזורית שדות נגב,802,1957.0,157492595299,122,651,10001930,2023,אשכול רשויות נגב מערבי
1066,"בני עי""ש",Bene Ayish,BENE AYISH,4,המרכז,44,רחובות,441,99,מועצה מקומית,6659,1958.0,177419633066,72,453,10001821,2023,אשכול רשויות שורק דרומי
1067,"דוב""ב",Dovev,DOVEV,2,הצפון,24,עכו,244,2,מועצה אזורית מרום הגליל,489,1963.0,238396772975,770,209,10004528,2023,אשכול רשויות גליל מזרחי
1068,אדמית,Adamit,ADAMIT,2,הצפון,24,עכו,244,4,מועצה אזורית מטה אשר,427,1958.0,219840776009,449,201,10004302,2023,אשכול רשויות גליל מערבי
1069,רם-און,Ram-On,RAM-ON,2,הצפון,23,יזרעאל,234,8,מועצה אזורית הגלבוע,910,1960.0,224649714749,79,204,10004394,2023,אשכול רשויות הגליל והעמקים
1070,אביעזר,Avi'ezer,AVI'EZER,1,ירושלים,11,ירושלים,112,26,מועצה אזורית מטה יהודה,933,1958.0,201663621049,376,151,15000597,2023,ללא שיוך לאשכול
1071,נווה מיכאל,Newe Mikha'el,NEWE MIKHA'EL,1,ירושלים,11,ירושלים,112,26,מועצה אזורית מטה יהודה,957,1958.0,200656620069,344,151,15000597,2023,ללא שיוך לאשכול
1072,גן הדרום,Gan HaDarom,GAN HADAROM,4,המרכז,44,רחובות,441,32,מועצה אזורית גדרות,584,1953.0,171769634732,39,456,10001821,2023,ללא שיוך לאשכול
1076,בית ברל,Bet Berl,BET BERL,4,המרכז,42,פתח תקווה,421,20,מועצה אזורית דרום השרון,266,1947.0,193228678650,69,417,10002133,2023,אשכול רשויות השרון
1077,גבעת שפירא,Giv'at Shappira,GIV'AT SHAPPIRA,4,המרכז,41,השרון,411,16,מועצה אזורית עמק חפר,341,1958.0,188603696003,37,409,15000060,2023,ללא שיוך לאשכול
1079,צפרירים,Zafririm,ZAFRIRIM,1,ירושלים,11,ירושלים,112,26,מועצה אזורית מטה יהודה,442,1958.0,194749618656,330,151,15000597,2023,ללא שיוך לאשכול
1080,מבועים,Mabbu'im,MABBU'IM,6,הדרום,62,באר שבע,621,42,מועצה אזורית מרחבים,1241,1958.0,167181595445,170,651,10001930,2023,אשכול רשויות נגב מערבי
1081,אבן מנחם,Even Menahem,EVEN MENAHEM,2,הצפון,24,עכו,244,52,מועצה אזורית מעלה יוסף,421,1960.0,227812775451,605,255,10004302,2023,אשכול רשויות גליל מערבי
1082,מעגלים,Ma'galim,MA'GALIM,6,הדרום,62,באר שבע,621,39,מועצה אזורית שדות נגב,1332,1958.0,161836589588,127,651,10001930,2023,אשכול רשויות נגב מערבי
1083,תושייה,Tushiyya,TUSHIYYA,6,הדרום,62,באר שבע,621,39,מועצה אזורית שדות נגב,473,1958.0,156371593726,108,651,10001930,2023,אשכול רשויות נגב מערבי
1084,בן שמן (כפר נוער),Ben Shemen(K.No'ar),BEN SHEMEN(K.NO'AR),4,המרכז,43,רמלה,432,25,מועצה אזורית חבל מודיעין,301,1921.0,193265651854,69,424,10002261,2023,ללא שיוך לאשכול
1085,כרם שלום,Kerem Shalom,KEREM SHALOM,6,הדרום,62,באר שבע,622,38,מועצה אזורית אשכול,236,1956.0,131788571050,88,651,10001893,2023,אשכול רשויות נגב מערבי
1094,כרם ביבנה (ישיבה),Kerem Beyavne,KEREM BEYAVNE,4,המרכז,44,רחובות,441,29,מועצה אזורית חבל יבנה,565,1963.0,173813636283,50,456,10001821,2023,אשכול רשויות שורק דרומי
1095,כפר מימון,Kefar Maymon,KEFAR MAYMON,6,הדרום,62,באר שבע,621,39,מועצה אזורית שדות נגב,889,1959.0,155896593550,99,651,10001930,2023,אשכול רשויות נגב מערבי
1098,מרכז שפירא,Merkaz Shappira,MERKAZ SHAPPIRA,6,הדרום,61,אשקלון,611,34,מועצה אזורית שפיר,2728,1948.0,172257622732,51,631,10001821,2023,ללא שיוך לאשכול
1102,צוקי ים,Zuqi Yam,ZUQI YAM,4,המרכז,41,השרון,411,16,מועצה אזורית עמק חפר,221,1956.0,186935696441,30,409,10002089,2023,ללא שיוך לאשכול
1103,גני הדר,Ganne Hadar,GANNE HADAR,4,המרכז,43,רמלה,432,30,מועצה אזורית גזר,386,1958.0,186270642893,89,426,10002241,2023,ללא שיוך לאשכול
1104,פורייה - כפר עבודה,Poriyya-Kefar Avoda,PORIYYA-KEFAR AVODA,2,הצפון,22,כנרת,221,6,מועצה אזורית עמק הירדן,338,1949.0,251543736169,40,214,10004552,2023,אשכול רשויות הכנרת והעמקים
1105,פורייה - נווה עובד,Poriyya-Newe Oved,PORIYYA-NEWE OVED,2,הצפון,22,כנרת,221,6,מועצה אזורית עמק הירדן,1591,1949.0,250655738891,138,214,10004552,2023,אשכול רשויות הכנרת והעמקים
1108,אומן,Omen,OMEN,2,הצפון,23,יזרעאל,234,8,מועצה אזורית הגלבוע,904,1958.0,223034718793,65,204,10004394,2023,אשכול רשויות הגליל והעמקים
1110,חבר,Hever,HEVER,2,הצפון,23,יזרעאל,234,8,מועצה אזורית הגלבוע,970,1958.0,225063717068,70,204,10004394,2023,אשכול רשויות הגליל והעמקים
1111,צופייה,Zofiyya,ZOFIYYA,4,המרכז,44,רחובות,441,29,מועצה אזורית חבל יבנה,0,,175391640493,36,456,15002488,2023,אשכול רשויות שורק דרומי
1112,יודפת,Yodefat,YODEFAT,2,הצפון,24,עכו,241,56,מועצה אזורית משגב,1000,1960.0,225773749208,430,205,10004513,2023,אשכול רשויות בית הכרם הגלילי
1113,צור הדסה,Zur Hadassa,ZUR HADASSA,1,ירושלים,11,ירושלים,111,99,מועצה מקומית,10473,1960.0,209206624864,718,151,15000597,2023,ללא שיוך לאשכול
1114,שריגים (לי-און),Sarigim (Li-On),SARIGIM (LI-ON),1,ירושלים,11,ירושלים,112,26,מועצה אזורית מטה יהודה,937,1960.0,193904620605,307,151,15000597,2023,ללא שיוך לאשכול
1115,אביבים,Avivim,AVIVIM,2,הצפון,21,צפת,212,2,מועצה אזורית מרום הגליל,499,1960.0,244417777076,725,209,10004528,2023,אשכול רשויות גליל מזרחי
1117,יעל,Ya'el,YA'EL,2,הצפון,23,יזרעאל,234,8,מועצה אזורית הגלבוע,0,,229193717524,72,204,10004394,2023,אשכול רשויות הגליל והעמקים
1123,אדרת,Adderet,ADDERET,1,ירושלים,11,ירושלים,112,26,מועצה אזורית מטה יהודה,1055,1961.0,199582618685,430,151,15000597,2023,ללא שיוך לאשכול
1124,נאות הכיכר,Ne'ot HaKikkar,NE'OT HAKIKKAR,6,הדרום,62,באר שבע,624,51,מועצה אזורית תמר,422,1961.0,236067538103,-350,656,10001911,2023,ללא שיוך לאשכול
1125,אלמגור,Almagor,ALMAGOR,2,הצפון,22,כנרת,221,6,מועצה אזורית עמק הירדן,508,1961.0,256683757537,-17,214,10004552,2023,אשכול רשויות הכנרת והעמקים
1126,אילות,Elot,ELOT,6,הדרום,62,באר שבע,625,53,מועצה אזורית חבל אילות,425,1962.0,196047388208,69,608,10001955,2023,אשכול רשויות נגב מזרחי
1127,מעלה גלבוע,Ma'ale Gilboa,MA'ALE GILBOA,2,הצפון,23,יזרעאל,231,7,מועצה אזורית עמק המעיינות,899,1962.0,239602709229,439,202,10004568,2023,אשכול רשויות הכנרת והעמקים
1128,מי עמי,Me Ammi,ME AMMI,3,חיפה,32,חדרה,323,14,מועצה אזורית מנשה,395,1963.0,214121712292,464,351,10004249,2023,ללא שיוך לאשכול
1129,גרופית,Gerofit,GEROFIT,6,הדרום,62,באר שבע,625,53,מועצה אזורית חבל אילות,331,1963.0,205946428068,117,608,10001955,2023,אשכול רשויות נגב מזרחי
1130,כפר רוזנואלד (זרעית),Kefar Rozenwald(Zarit),KEFAR ROZENWALD(ZARIT),2,הצפון,24,עכו,244,52,מועצה אזורית מעלה יוסף,285,1967.0,227290778317,622,255,10004302,2023,אשכול רשויות גליל מערבי
1132,שניר,Senir,SENIR,2,הצפון,21,צפת,211,1,מועצה אזורית הגליל העליון,749,1967.0,263589794179,309,253,10004591,2023,אשכול רשויות גליל מזרחי
1133,ורדון,Wardon,WARDON,6,הדרום,61,אשקלון,611,35,מועצה אזורית יואב,269,1968.0,179388619114,100,632,10001813,2023,אשכול רשויות שורק דרומי
1134,יד השמונה,Yad HaShemona,YAD HASHEMONA,1,ירושלים,11,ירושלים,111,26,מועצה אזורית מטה יהודה,259,1978.0,208601635173,676,151,10002475,2023,ללא שיוך לאשכול
1136,צוחר,Zohar,ZOHAR,6,הדרום,62,באר שבע,622,38,מועצה אזורית אשכול,601,1973.0,145266571905,135,651,10001893,2023,אשכול רשויות נגב מערבי
1137,קריית יערים,Qiryat Ye'arim,QIRYAT YE'ARIM,1,ירושלים,11,ירושלים,111,99,מועצה מקומית,7371,1975.0,209642634564,711,152,10002475,2023,ללא שיוך לאשכול
1138,יעד,Ya'ad,YA'AD,2,הצפון,24,עכו,241,56,מועצה אזורית משגב,802,1975.0,223009753831,255,205,10004513,2023,אשכול רשויות בית הכרם הגלילי
1139,כרמיאל,Karmi'el,KARMI'EL,2,הצפון,24,עכו,242,0,עירייה,48675,1964.0,227614757349,270,208,10004465,2023,אשכול רשויות בית הכרם הגלילי
1140,מדרשת בן גוריון,Midreshet Ben Gurion,MIDRESHET BEN GURION,6,הדרום,62,באר שבע,626,48,מועצה אזורית רמת נגב,1602,1965.0,178997529234,472,620,10001918,2023,אשכול רשויות נגב מזרחי
1141,מבוא מודיעים,Mevo Modi'im,MEVO MODI'IM,4,המרכז,43,רמלה,431,25,מועצה אזורית חבל מודיעין,199,1964.0,198920648964,209,424,10002277,2023,ללא שיוך לאשכול
1143,נס עמים,Nes Ammim,NES AMMIM,2,הצפון,24,עכו,245,4,מועצה אזורית מטה אשר,442,1964.0,211675763464,26,201,10004302,2023,אשכול רשויות גליל מערבי
1144,ידידה,Yedida,YEDIDA,1,ירושלים,11,ירושלים,111,26,מועצה אזורית מטה יהודה,219,1964.0,210094635617,730,151,10002475,2023,ללא שיוך לאשכול
1145,אלומה,Alumma,ALUMMA,6,הדרום,61,אשקלון,611,34,מועצה אזורית שפיר,1558,1965.0,175758617770,84,631,10001813,2023,ללא שיוך לאשכול
1146,עלומים,Alumim,ALUMIM,6,הדרום,62,באר שבע,622,39,מועצה אזורית שדות נגב,548,1966.0,153765595792,98,651,10001930,2023,אשכול רשויות נגב מערבי
1147,נטועה,Netu'a,NETU'A,2,הצפון,24,עכו,244,52,מועצה אזורית מעלה יוסף,339,1966.0,230575774397,653,255,10004484,2023,אשכול רשויות גליל מערבי
1148,צור נתן,Zur Natan,ZUR NATAN,4,המרכז,42,פתח תקווה,421,20,מועצה אזורית דרום השרון,277,1970.0,201431683034,185,417,10002155,2023,אשכול רשויות השרון
1149,עזר,Ezer,EZER,6,הדרום,61,אשקלון,611,33,מועצה אזורית באר טוביה,713,1966.0,168919627249,32,616,10001821,2023,אשכול רשויות שורק דרומי
1150,צופר,Zofar,ZOFAR,6,הדרום,62,באר שבע,625,54,מועצה אזורית הערבה התיכונה,855,1970.0,217175496694,-2,657,10001918,2023,אשכול רשויות נגב מזרחי
1151,פארן,Paran,PARAN,6,הדרום,62,באר שבע,625,54,מועצה אזורית הערבה התיכונה,1013,1972.0,214667474840,106,657,10001918,2023,אשכול רשויות נגב מזרחי
1152,אשלים,Ashalim,ASHALIM,6,הדרום,62,באר שבע,626,48,מועצה אזורית רמת נגב,711,1976.0,171262541615,327,620,15001466,2023,אשכול רשויות נגב מזרחי
1153,כישור,Kishor,KISHOR,2,הצפון,24,עכו,243,56,מועצה אזורית משגב,226,1976.0,223719761235,483,205,15002358,2023,אשכול רשויות בית הכרם הגלילי
1154,מיטל,Metal,METAL,2,הצפון,23,יזרעאל,231,7,מועצה אזורית עמק המעיינות,215,1976.0,239093704974,513,202,10004568,2023,אשכול רשויות הכנרת והעמקים
1155,מגן שאול,Magen Sha'ul,MAGEN SHA'UL,2,הצפון,23,יזרעאל,234,8,מועצה אזורית הגלבוע,873,1976.0,229149714124,83,204,10004394,2023,אשכול רשויות הגליל והעמקים
1156,סמר,Samar,SAMAR,6,הדרום,62,באר שבע,625,53,מועצה אזורית חבל אילות,246,1976.0,201874416004,94,608,10001955,2023,אשכול רשויות נגב מזרחי
1157,אחווה,Ahawa,AHAWA,6,הדרום,61,אשקלון,611,33,מועצה אזורית באר טוביה,291,1976.0,178217627967,61,616,10001821,2023,אשכול רשויות שורק דרומי
1158,יהל,Yahel,YAHEL,6,הדרום,62,באר שבע,625,53,מועצה אזורית חבל אילות,325,1976.0,212110443842,194,608,10001955,2023,אשכול רשויות נגב מזרחי
1160,שכניה,Shekhanya,SHEKHANYA,2,הצפון,24,עכו,241,56,מועצה אזורית משגב,727,1980.0,223424750461,439,205,10004513,2023,אשכול רשויות בית הכרם הגלילי
1161,רהט,Rahat,RAHAT,6,הדרום,62,באר שבע,623,0,עירייה,75684,,176674588820,222,618,10001946,2023,אשכול רשויות נגב מערבי
1162,בית רימון,Bet Rimmon,BET RIMMON,2,הצפון,23,יזרעאל,237,3,מועצה אזורית הגליל התחתון,1107,1977.0,231044743048,397,206,15002369,2023,אשכול רשויות הכנרת והעמקים
1163,מורן,Moran,MORAN,2,הצפון,24,עכו,242,56,מועצה אזורית משגב,431,1977.0,237161758538,327,205,10004465,2023,אשכול רשויות בית הכרם הגלילי
1165,שילת,Shilat,SHILAT,4,המרכז,43,רמלה,431,25,מועצה אזורית חבל מודיעין,822,1977.0,201908647333,265,424,10002277,2023,ללא שיוך לאשכול
1166,כפר רות,Kefar Rut,KEFAR RUT,4,המרכז,43,רמלה,431,25,מועצה אזורית חבל מודיעין,299,1977.0,203023646340,286,424,10002277,2023,ללא שיוך לאשכול
1167,קיסריה,Qesaryya,QESARYYA,3,חיפה,32,חדרה,324,15,מועצה אזורית חוף הכרמל,5765,1977.0,191618712309,20,303,10004261,2023,אשכול רשויות מישור החוף
1169,הוואשלה (שבט),Al-Hawashila,HAWASHLA,6,הדרום,62,באר שבע,623,,חסר מעמד מוניציפלי,0,,202000559000,,699,,2023,ללא שיוך לאשכול
1170,סייד (שבט),Sayyid,SAYYID,6,הדרום,62,באר שבע,623,,חסר מעמד מוניציפלי,0,,192200577600,,699,,2023,ללא שיוך לאשכול
1171,לוטם,Lotem,LOTEM,2,הצפון,24,עכו,242,56,מועצה אזורית משגב,723,1978.0,233764754252,316,205,10004513,2023,אשכול רשויות בית הכרם הגלילי
1172,תובל,Tuval,TUVAL,2,הצפון,24,עכו,243,56,מועצה אזורית משגב,405,1980.0,223224759334,527,205,15002358,2023,אשכול רשויות בית הכרם הגלילי
1173,לפידות,Lappidot,LAPPIDOT,2,הצפון,24,עכו,243,52,מועצה אזורית מעלה יוסף,139,1978.0,224822762657,471,255,10004484,2023,אשכול רשויות גליל מערבי
1174,מנוף,Manof,MANOF,2,הצפון,24,עכו,241,56,מועצה אזורית משגב,852,1980.0,222467750945,386,205,10004513,2023,אשכול רשויות בית הכרם הגלילי
1175,עידן,Iddan,IDDAN,6,הדרום,62,באר שבע,625,54,מועצה אזורית הערבה התיכונה,716,1980.0,228644524001,-180,657,10001918,2023,אשכול רשויות נגב מזרחי
1176,ספיר,Sappir,SAPPIR,6,הדרום,62,באר שבע,625,54,מועצה אזורית הערבה התיכונה,509,1979.0,217513502737,-15,657,10001918,2023,אשכול רשויות נגב מזרחי
1177,טללים,Telalim,TELALIM,6,הדרום,62,באר שבע,626,48,מועצה אזורית רמת נגב,662,1980.0,177966544645,361,620,15001466,2023,אשכול רשויות נגב מזרחי
1178,מורשת,Moreshet,MORESHET,2,הצפון,24,עכו,241,56,מועצה אזורית משגב,1628,1981.0,222119747919,308,205,10004513,2023,אשכול רשויות בית הכרם הגלילי
1179,קורנית,Qoranit,QORANIT,2,הצפון,24,עכו,241,56,מועצה אזורית משגב,883,1982.0,223968749881,443,205,10004513,2023,אשכול רשויות בית הכרם הגלילי
1180,צביה,Zviyya,ZVIYYA,2,הצפון,24,עכו,242,56,מועצה אזורית משגב,286,1979.0,231368754986,254,205,10004513,2023,אשכול רשויות בית הכרם הגלילי
1181,טל-אל,Tal-El,TAL-EL,2,הצפון,24,עכו,243,56,מועצה אזורית משגב,1328,1980.0,217018759005,116,205,15002143,2023,אשכול רשויות בית הכרם הגלילי
1182,אלון הגליל,Allon HaGalil,ALLON HAGALIL,2,הצפון,23,יזרעאל,237,9,מועצה אזורית עמק יזרעאל,1093,1980.0,220851740250,200,254,10004497,2023,אשכול רשויות הגליל והעמקים
1183,כליל,Kelil,KELIL,2,הצפון,24,עכו,243,4,מועצה אזורית מטה אשר,931,1979.0,218788765061,178,201,10004302,2023,אשכול רשויות גליל מערבי
1184,מתת,Mattat,MATTAT,2,הצפון,24,עכו,244,52,מועצה אזורית מעלה יוסף,227,1979.0,233759771780,805,255,10004484,2023,אשכול רשויות גליל מערבי
1185,פלך,Pelekh,PELEKH,2,הצפון,24,עכו,243,56,מועצה אזורית משגב,215,1980.0,222160759876,490,205,15002358,2023,אשכול רשויות בית הכרם הגלילי
1186,הושעיה,Hosha'aya,HOSHA'AYA,2,הצפון,23,יזרעאל,237,9,מועצה אזורית עמק יזרעאל,2024,1981.0,227626740436,223,254,15002369,2023,אשכול רשויות הגליל והעמקים
1187,עיר אובות,Ir Ovot,IR OVOT,6,הדרום,62,באר שבע,625,54,מועצה אזורית הערבה התיכונה,0,,223352524453,-135,657,10001918,2023,אשכול רשויות נגב מזרחי
1188,אשחר,Eshhar,ESHHAR,2,הצפון,24,עכו,241,56,מועצה אזורית משגב,977,1986.0,228464754557,363,205,10004513,2023,אשכול רשויות בית הכרם הגלילי
1190,מצפה נטופה,Mizpe Netofa,MIZPE NETOFA,2,הצפון,23,יזרעאל,237,3,מועצה אזורית הגליל התחתון,1000,1979.0,236440745330,396,206,10004552,2023,אשכול רשויות הכנרת והעמקים
1191,בר יוחאי,Bar Yohay,BAR YOHAY,2,הצפון,21,צפת,212,2,מועצה אזורית מרום הגליל,1161,1979.0,242317766945,713,209,10004528,2023,אשכול רשויות גליל מזרחי
1192,ערערה-בנגב,Ar'ara-BaNegev,AR'ARA-BANEGEV,6,הדרום,62,באר שבע,623,99,מועצה מקומית,20705,,202192563021,458,652,15003711,2023,אשכול רשויות נגב מזרחי
1195,ניצנה (קהילת חינוך),Nizzana (Qehilat Hinuh),NIZZANA (QEHILAT HINUH),6,הדרום,62,באר שבע,626,48,מועצה אזורית רמת נגב,268,1980.0,144592533078,226,620,15001466,2023,אשכול רשויות נגב מזרחי
1196,מחנה יתיר,Mahane Yattir,MAHANE YATTIR,6,הדרום,62,באר שבע,623,,חסר מעמד מוניציפלי,332,1979.0,205725583969,653,699,10001937,2023,ללא שיוך לאשכול
1197,נאות סמדר,Ne'ot Smadar,NE'OT SMADAR,6,הדרום,62,באר שבע,627,53,מועצה אזורית חבל אילות,258,1982.0,202310440103,407,608,10001955,2023,אשכול רשויות נגב מזרחי
1198,כרמים,Keramim,KERAMIM,6,הדרום,62,באר שבע,623,41,מועצה אזורית בני שמעון,591,1980.0,192203582485,405,625,10001937,2023,אשכול רשויות נגב מערבי
1199,עדי,Adi,ADI,2,הצפון,23,יזרעאל,237,9,מועצה אזורית עמק יזרעאל,1850,1980.0,216592743063,167,254,10004497,2023,אשכול רשויות הגליל והעמקים
1200,מודיעין-מכבים-רעות,Modi'in-Makkabbim-Re'ut,MODI'IN-MAKKABBIM-RE'UT,4,המרכז,43,רמלה,431,0,עירייה,97566,1986.0,201007644813,209,420,10002277,2023,ללא שיוך לאשכול
1201,כמון,Kammon,KAMMON,2,הצפון,24,עכו,242,56,מועצה אזורית משגב,733,1980.0,234003757516,557,205,10004465,2023,אשכול רשויות בית הכרם הגלילי
1202,מכמנים,Mikhmannim,MIKHMANNIM,2,הצפון,24,עכו,242,56,מועצה אזורית משגב,532,1980.0,230864756880,489,205,10004465,2023,אשכול רשויות בית הכרם הגלילי
1203,הררית,Hararit,HARARIT,2,הצפון,24,עכו,241,56,מועצה אזורית משגב,675,1980.0,234638750112,479,205,10004513,2023,אשכול רשויות בית הכרם הגלילי
1204,גילון,Gilon,GILON,2,הצפון,24,עכו,242,56,מועצה אזורית משגב,1221,1980.0,222506756455,297,205,10004465,2023,אשכול רשויות בית הכרם הגלילי
1205,מנות,Manot,MANOT,2,הצפון,24,עכו,243,52,מועצה אזורית מעלה יוסף,559,1980.0,218546771490,247,255,10004302,2023,אשכול רשויות גליל מערבי
1206,גיתה,Gitta,GITTA,2,הצפון,24,עכו,243,52,מועצה אזורית מעלה יוסף,274,1980.0,223619763566,430,255,10004484,2023,אשכול רשויות גליל מערבי
1207,לבון,Lavon,LAVON,2,הצפון,24,עכו,243,56,מועצה אזורית משגב,884,1980.0,227158760856,573,205,15002358,2023,אשכול רשויות בית הכרם הגלילי
1208,הילה,Hilla,HILLA,2,הצפון,24,עכו,243,52,מועצה אזורית מעלה יוסף,516,1980.0,223178771255,489,255,10004484,2023,אשכול רשויות גליל מערבי
1209,חרשים,Harashim,HARASHIM,2,הצפון,24,עכו,243,56,מועצה אזורית משגב,332,1980.0,231009762413,813,205,10004465,2023,אשכול רשויות בית הכרם הגלילי
1210,כחל,Kahal,KAHAL,2,הצפון,21,צפת,212,55,מועצה אזורית מבואות החרמון,519,1980.0,248114755138,101,253,10004540,2023,אשכול רשויות גליל מזרחי
1211,קדרים,Qaddarim,QADDARIM,2,הצפון,21,צפת,214,1,מועצה אזורית הגליל העליון,329,1980.0,244700755939,110,253,10004552,2023,אשכול רשויות גליל מזרחי
1212,עמוקה,Amuqqa,AMUQQA,2,הצפון,21,צפת,212,2,מועצה אזורית מרום הגליל,160,1980.0,249392767048,705,209,10004528,2023,אשכול רשויות גליל מזרחי
1213,צבעון,Ziv'on,ZIV'ON,2,הצפון,24,עכו,244,1,מועצה אזורית הגליל העליון,457,1980.0,239239770004,758,253,10004528,2023,אשכול רשויות גליל מזרחי
1214,טפחות,Tefahot,TEFAHOT,2,הצפון,21,צפת,214,2,מועצה אזורית מרום הגליל,515,1980.0,239833752650,81,209,10004552,2023,אשכול רשויות גליל מזרחי
1219,גורנות הגליל,Gornot HaGalil,GORNOT HAGALIL,2,הצפון,24,עכו,244,52,מועצה אזורית מעלה יוסף,336,1980.0,223636773868,389,255,10004302,2023,אשכול רשויות גליל מערבי
1220,אבירים,Abbirim,ABBIRIM,2,הצפון,24,עכו,244,52,מועצה אזורית מעלה יוסף,311,1980.0,227156771492,561,255,10004484,2023,אשכול רשויות גליל מערבי
1221,צורית,Zurit,ZURIT,2,הצפון,24,עכו,242,56,מועצה אזורית משגב,912,1981.0,223855756414,345,205,10004465,2023,אשכול רשויות בית הכרם הגלילי
1222,"מצפה אבי""ב",Mizpe Aviv,MIZPE AVIV,2,הצפון,24,עכו,241,56,מועצה אזורית משגב,1084,1981.0,219071749115,122,205,15002411,2023,אשכול רשויות בית הכרם הגלילי
1223,שדי אברהם,Sede Avraham,SEDE AVRAHAM,6,הדרום,62,באר שבע,622,38,מועצה אזורית אשכול,437,1981.0,136795569201,86,651,10001893,2023,אשכול רשויות נגב מערבי
1224,כוכב יאיר,Kokhav Ya'ir,KOKHAV YA'IR,4,המרכז,42,פתח תקווה,421,99,מועצה מקומית,9279,1981.0,199784680908,95,455,10004769,2023,אשכול רשויות השרון
1225,רביד,Ravid,RAVID,2,הצפון,22,כנרת,222,6,מועצה אזורית עמק הירדן,127,1981.0,243786750703,164,214,10004552,2023,אשכול רשויות הכנרת והעמקים
1226,יובלים,Yuvallim,YUVALLIM,2,הצפון,24,עכו,241,56,מועצה אזורית משגב,1222,1982.0,225609753755,189,205,10004513,2023,אשכול רשויות בית הכרם הגלילי
1227,יתד,Yated,YATED,6,הדרום,62,באר שבע,622,38,מועצה אזורית אשכול,843,1981.0,135830568649,83,651,10001893,2023,אשכול רשויות נגב מערבי
1228,רקפת,Raqqefet,RAQQEFET,2,הצפון,24,עכו,241,56,מועצה אזורית משגב,970,1981.0,225112751129,313,205,10004513,2023,אשכול רשויות בית הכרם הגלילי
1229,כלנית,Kallanit,KALLANIT,2,הצפון,21,צפת,214,2,מועצה אזורית מרום הגליל,308,1981.0,242960753391,17,209,10004552,2023,אשכול רשויות גליל מזרחי
1230,לבנים,Livnim,LIVNIM,2,הצפון,21,צפת,214,2,מועצה אזורית מרום הגליל,527,1982.0,246611752147,-52,209,10004552,2023,אשכול רשויות גליל מזרחי
1231,פרי גן,Peri Gan,PERI GAN,6,הדרום,62,באר שבע,622,38,מועצה אזורית אשכול,330,1981.0,138556570329,92,651,10001893,2023,אשכול רשויות נגב מערבי
1232,יבול,Yevul,YEVUL,6,הדרום,62,באר שבע,622,38,מועצה אזורית אשכול,444,1981.0,134973566762,85,651,10001893,2023,אשכול רשויות נגב מערבי
1233,שקף,Sheqef,SHEQEF,6,הדרום,61,אשקלון,612,50,מועצה אזורית לכיש,635,1982.0,193954602561,417,634,10001813,2023,ללא שיוך לאשכול
1234,קבועה (שבט),Kabbu'a,QABBO'A,6,הדרום,62,באר שבע,623,,חסר מעמד מוניציפלי,0,,216000572000,,699,,2023,ללא שיוך לאשכול
1235,שורשים,Shorashim,SHORASHIM,2,הצפון,24,עכו,242,56,מועצה אזורית משגב,589,1985.0,224614755365,135,205,10004513,2023,אשכול רשויות בית הכרם הגלילי
1236,נירית,Nirit,NIRIT,4,המרכז,42,פתח תקווה,421,20,מועצה אזורית דרום השרון,1041,1982.0,198754672624,109,417,15000658,2023,אשכול רשויות השרון
1237,תלמי יוסף,Talme Yosef,TALME YOSEF,6,הדרום,62,באר שבע,622,38,מועצה אזורית אשכול,479,1982.0,139170568071,111,651,10001893,2023,אשכול רשויות נגב מערבי
1238,סופה,Sufa,SUFA,6,הדרום,62,באר שבע,622,38,מועצה אזורית אשכול,223,1975.0,137306572072,85,651,10001893,2023,אשכול רשויות נגב מערבי
1239,חולית,Holit,HOLIT,6,הדרום,62,באר שבע,622,38,מועצה אזורית אשכול,244,1980.0,135736571348,76,651,10001893,2023,אשכול רשויות נגב מערבי
1240,עין הבשור,En HaBesor,EN HABESOR,6,הדרום,62,באר שבע,622,38,מועצה אזורית אשכול,1382,1982.0,146896576895,116,651,10001893,2023,אשכול רשויות נגב מערבי
1241,דקל,Deqel,DEQEL,6,הדרום,62,באר שבע,622,38,מועצה אזורית אשכול,440,1982.0,137649567433,103,651,10001893,2023,אשכול רשויות נגב מערבי
1242,נתיב העשרה,Netiv HaAsara,NETIV HAASARA,6,הדרום,61,אשקלון,614,36,מועצה אזורית חוף אשקלון,1242,1982.0,156342609068,59,633,10001829,2023,אשכול רשויות נגב מערבי
1243,קציר,Qazir,QAZIR,3,חיפה,32,חדרה,323,14,מועצה אזורית מנשה,2713,1982.0,209953710227,336,351,10004233,2023,ללא שיוך לאשכול
1244,תמרת,Timrat,TIMRAT,2,הצפון,23,יזרעאל,237,9,מועצה אזורית עמק יזרעאל,1410,1983.0,221405734332,239,254,10004411,2023,אשכול רשויות הגליל והעמקים
1245,סלמה,Sallama,SALLAMA,2,הצפון,24,עכו,242,56,מועצה אזורית משגב,3826,,234359755544,196,205,10004513,2023,אשכול רשויות בית הכרם הגלילי
1246,עראמשה,Aramsha,ARAMSHA,2,הצפון,24,עכו,244,4,מועצה אזורית מטה אשר,1742,,221440777046,428,201,10004302,2023,אשכול רשויות גליל מערבי
1247,חריש,Harish,HARISH,3,חיפה,32,חדרה,323,0,עירייה,39001,1982.0,204728707386,114,307,10004233,2023,ללא שיוך לאשכול
1248,אליפז,Elifaz,ELIFAZ,6,הדרום,62,באר שבע,625,53,מועצה אזורית חבל אילות,193,1982.0,200783411870,122,608,10001955,2023,אשכול רשויות נגב מזרחי
1249,הרדוף,Harduf,HARDUF,2,הצפון,23,יזרעאל,237,9,מועצה אזורית עמק יזרעאל,886,1982.0,216520741008,207,254,10004497,2023,אשכול רשויות הגליל והעמקים
1251,עין תמר,En Tamar,EN TAMAR,6,הדרום,62,באר שבע,624,51,מועצה אזורית תמר,342,1982.0,235665539137,-347,656,10001911,2023,ללא שיוך לאשכול
1252,כורזים,Korazim,KORAZIM,2,הצפון,21,צפת,213,55,מועצה אזורית מבואות החרמון,487,1983.0,251868757370,173,253,10004540,2023,אשכול רשויות גליל מזרחי
1253,אמנון,Amnun,AMNUN,2,הצפון,21,צפת,213,55,מועצה אזורית מבואות החרמון,521,1983.0,253903756700,13,253,10004540,2023,אשכול רשויות גליל מזרחי
1254,נטף,Nataf,NATAF,1,ירושלים,11,ירושלים,111,26,מועצה אזורית מטה יהודה,485,1982.0,206504637690,507,151,10002475,2023,ללא שיוך לאשכול
1255,לוטן,Lotan,LOTAN,6,הדרום,62,באר שבע,625,53,מועצה אזורית חבל אילות,240,1983.0,208139433229,123,608,10001955,2023,אשכול רשויות נגב מזרחי
1256,אשרת,Asherat,ASHERAT,2,הצפון,24,עכו,245,4,מועצה אזורית מטה אשר,610,1983.0,215008764080,63,201,10004302,2023,אשכול רשויות גליל מערבי
1257,חנתון,Hannaton,HANNATON,2,הצפון,23,יזרעאל,237,9,מועצה אזורית עמק יזרעאל,1000,1984.0,223252743242,188,254,10004497,2023,אשכול רשויות הגליל והעמקים
1258,מסד,Massad,MASSAD,2,הצפון,22,כנרת,222,3,מועצה אזורית הגליל התחתון,352,1983.0,239927749921,262,206,10004552,2023,אשכול רשויות הכנרת והעמקים
1259,נווה שלום,Newe Shalom,NEWE SHALOM,1,ירושלים,11,ירושלים,112,26,מועצה אזורית מטה יהודה,313,1983.0,198078636158,276,151,15000597,2023,ללא שיוך לאשכול
1260,רתמים,Retamim,RETAMIM,6,הדרום,62,באר שבע,626,48,מועצה אזורית רמת נגב,783,1983.0,170326551513,260,620,15001466,2023,אשכול רשויות נגב מזרחי
1261,הר עמשא,Har Amasa,HAR AMASA,6,הדרום,62,באר שבע,623,51,מועצה אזורית תמר,232,1983.0,209711583525,813,656,10001937,2023,ללא שיוך לאשכול
1262,צוקים,Zuqim,ZUQIM,6,הדרום,62,באר שבע,625,54,מועצה אזורית הערבה התיכונה,366,1983.0,215797489037,43,657,10001918,2023,אשכול רשויות נגב מזרחי
1263,כפר ורדים,Kefar Weradim,KEFAR WERADIM,2,הצפון,24,עכו,243,99,מועצה מקומית,5718,1984.0,225494766750,533,255,10004484,2023,אשכול רשויות גליל מערבי
1264,כרמי יוסף,Karme Yosef,KARME YOSEF,4,המרכז,43,רמלה,432,30,מועצה אזורית גזר,1769,1984.0,192561639463,222,426,10002228,2023,ללא שיוך לאשכול
1265,שומרייה,Shomeriyya,SHOMERIYYA,6,הדרום,62,באר שבע,623,41,מועצה אזורית בני שמעון,865,1984.0,188965593404,378,625,10001937,2023,אשכול רשויות נגב מערבי
1266,שחרות,Shaharut,SHAHARUT,6,הדרום,62,באר שבע,627,53,מועצה אזורית חבל אילות,159,1985.0,199709423990,532,608,10001955,2023,אשכול רשויות נגב מזרחי
1267,שיטים,Shittim,SHITTIM,6,הדרום,62,באר שבע,627,53,מועצה אזורית חבל אילות,0,,201303454241,298,608,10001955,2023,אשכול רשויות נגב מזרחי
1268,מיתר,Metar,METAR,6,הדרום,62,באר שבע,623,99,מועצה מקומית,11646,1984.0,193429581812,408,615,10001937,2023,אשכול רשויות נגב מזרחי
1271,להבים,Lehavim,LEHAVIM,6,הדרום,62,באר שבע,623,99,מועצה מקומית,7861,1985.0,182170586424,296,619,10001946,2023,ללא שיוך לאשכול
1272,חלוץ,Haluz,HALUZ,2,הצפון,24,עכו,243,56,מועצה אזורית משגב,583,1985.0,229548761702,734,205,15002358,2023,אשכול רשויות בית הכרם הגלילי
1274,גן נר,Gan Ner,GAN NER,2,הצפון,23,יזרעאל,232,8,מועצה אזורית הגלבוע,2728,1987.0,232015715314,155,204,10004394,2023,אשכול רשויות הגליל והעמקים
1275,אבטליון,Avtalyon,AVTALYON,2,הצפון,24,עכו,241,56,מועצה אזורית משגב,460,1987.0,233248749083,364,205,10004513,2023,אשכול רשויות בית הכרם הגלילי
1276,אשבל,Eshbal,ESHBAL,2,הצפון,24,עכו,241,56,מועצה אזורית משגב,146,1979.0,228869753534,270,205,10004513,2023,אשכול רשויות בית הכרם הגלילי
1278,באר מילכה,Be'er Milka,BE'ER MILKA,6,הדרום,62,באר שבע,626,48,מועצה אזורית רמת נגב,313,2006.0,143276538270,217,620,15001466,2023,אשכול רשויות נגב מזרחי
1279,נווה חריף,Newe Harif,NEWE HARIF,6,הדרום,62,באר שבע,627,53,מועצה אזורית חבל אילות,135,1987.0,203330438802,438,608,10001955,2023,אשכול רשויות נגב מזרחי
1280,ניצני סיני,Nizzane Sinay,NIZZANE SINAY,6,הדרום,62,באר שבע,626,48,מועצה אזורית רמת נגב,744,1986.0,142293535143,233,620,15001466,2023,אשכול רשויות נגב מזרחי
1282,מירב,Merav,MERAV,2,הצפון,23,יזרעאל,231,7,מועצה אזורית עמק המעיינות,824,1987.0,239924706555,395,202,10004568,2023,אשכול רשויות הכנרת והעמקים
1283,תל תאומים,Tel Te'omim,TEL TE'OMIM,2,הצפון,23,יזרעאל,231,7,מועצה אזורית עמק המעיינות,642,1987.0,246857705377,-139,202,10004568,2023,אשכול רשויות הכנרת והעמקים
1284,נופית,Nofit,NOFIT,3,חיפה,31,חיפה,311,12,מועצה אזורית זבולון,2428,1987.0,213945740526,179,301,10004207,2023,אשכול רשויות המפרץ
1285,כרכום,Karkom,KARKOM,2,הצפון,21,צפת,213,55,מועצה אזורית מבואות החרמון,504,1988.0,257195759499,97,253,10004540,2023,אשכול רשויות גליל מזרחי
1286,שגב-שלום,Segev-Shalom,SEGEV-SHALOM,6,הדרום,62,באר שבע,623,99,מועצה מקומית,15406,,184648567339,318,652,15001466,2023,אשכול רשויות נגב מזרחי
1287,שני,Shani,SHANI,6,הדרום,62,באר שבע,623,,חסר מעמד מוניציפלי,468,1989.0,206659584907,694,699,10001937,2023,ללא שיוך לאשכול
1288,גבעת אלה,Giv'at Ela,GIV'AT ELA,2,הצפון,23,יזרעאל,237,9,מועצה אזורית עמק יזרעאל,1830,1988.0,223296736327,262,254,10004411,2023,אשכול רשויות הגליל והעמקים
1290,זמר,Zemer,ZEMER,4,המרכז,41,השרון,412,99,מועצה מקומית,7771,,203505696817,85,458,10002155,2023,ללא שיוך לאשכול
1291,כמהין,Kemehin,KEMEHIN,6,הדרום,62,באר שבע,626,48,מועצה אזורית רמת נגב,463,1988.0,145562535799,225,620,15001466,2023,אשכול רשויות נגב מזרחי
1292,ג'דיידה-מכר,Judeide-Maker,JUDEIDE-MAKER,2,הצפון,24,עכו,246,99,מועצה מקומית,20149,,214067759408,38,252,15002143,2023,אשכול רשויות גליל מערבי
1293,גבעת אבני,Giv'at Avni,GIV'AT AVNI,2,הצפון,22,כנרת,222,3,מועצה אזורית הגליל התחתון,2137,1991.0,241426742348,282,206,10004552,2023,אשכול רשויות הכנרת והעמקים
1294,אור הגנוז,Or HaGanuz,OR HAGANUZ,2,הצפון,21,צפת,212,2,מועצה אזורית מרום הגליל,699,1989.0,242122767835,732,209,10004528,2023,אשכול רשויות גליל מזרחי
1295,יאנוח-ג'ת,Yanuh-Jat,YANUH-JAT,2,הצפון,24,עכו,243,99,מועצה מקומית,6875,,223245765072,468,255,10004484,2023,ללא שיוך לאשכול
1296,כסרא-סמיע,Kisra-Sumei,KISRA-SUMEI,2,הצפון,24,עכו,243,99,מועצה מקומית,9217,,228769763766,624,255,10004484,2023,ללא שיוך לאשכול
1297,כפר חנניה,Kefar Hananya,KEFAR HANANYA,2,הצפון,21,צפת,212,2,מועצה אזורית מרום הגליל,794,1990.0,239929757810,326,209,10004465,2023,אשכול רשויות גליל מזרחי
1303,חורה,Hura,HURA,6,הדרום,62,באר שבע,623,99,מועצה מקומית,21937,,193911578430,416,652,10001937,2023,אשכול רשויות נגב מזרחי
1304,שוהם,Shoham,SHOHAM,4,המרכז,43,רמלה,432,99,מועצה מקומית,23447,1993.0,194960656088,96,421,10002168,2023,ללא שיוך לאשכול
1309,אלעד,El'ad,EL'AD,4,המרכז,42,פתח תקווה,422,0,עירייה,49766,1998.0,196051662013,122,422,10002168,2023,ללא שיוך לאשכול
1310,לפיד,Lappid,LAPPID,4,המרכז,43,רמלה,431,25,מועצה אזורית חבל מודיעין,2047,1996.0,203207647169,268,424,10002277,2023,ללא שיוך לאשכול
1311,אבשלום,Avshalom,AVSHALOM,6,הדרום,62,באר שבע,622,38,מועצה אזורית אשכול,419,1990.0,136212567439,92,651,10001893,2023,אשכול רשויות נגב מערבי
1313,פורייה עילית,Poriyya Illit,PORIYYA ILLIT,2,הצפון,22,כנרת,221,6,מועצה אזורית עמק הירדן,1398,1955.0,251529737377,137,214,10004552,2023,אשכול רשויות הכנרת והעמקים
1314,נווה זיו,Newe Ziv,NEWE ZIV,2,הצפון,24,עכו,243,52,מועצה אזורית מעלה יוסף,930,2000.0,217419770256,205,255,10004302,2023,אשכול רשויות גליל מערבי
1315,מתן,Mattan,MATTAN,4,המרכז,42,פתח תקווה,421,20,מועצה אזורית דרום השרון,3212,1995.0,197719673928,66,417,15000658,2023,אשכול רשויות השרון
1316,אל -עריאן,Al-Aryan,AL-ARYAN,3,חיפה,32,חדרה,323,14,מועצה אזורית מנשה,202,,212006711532,365,351,10004233,2023,ללא שיוך לאשכול
1317,דמיידה,Demeide,DEMEIDE,2,הצפון,24,עכו,241,56,מועצה אזורית משגב,592,,221630746739,203,205,10004513,2023,אשכול רשויות בית הכרם הגלילי
1318,מבואות ים,Mevo'ot Yam,MEVO'OT YAM,4,המרכז,41,השרון,411,16,מועצה אזורית עמק חפר,129,1954.0,187827701086,3,409,15000060,2023,ללא שיוך לאשכול
1319,בת חפר,Bat Hefer,BAT HEFER,4,המרכז,41,השרון,412,16,מועצה אזורית עמק חפר,4982,1996.0,201487693296,56,409,10002155,2023,ללא שיוך לאשכול
1320,עין חוד,Ein Hod,EIN HOD,3,חיפה,32,חדרה,322,15,מועצה אזורית חוף הכרמל,330,,200267733023,238,303,10004333,2023,אשכול רשויות מישור החוף
1321,ח'ואלד,Khawaled,KHAWALED,3,חיפה,31,חיפה,311,12,מועצה אזורית זבולון,771,,213106741740,63,301,10004207,2023,אשכול רשויות המפרץ
1322,הודיות,Hodayot,HODAYOT,2,הצפון,22,כנרת,222,3,מועצה אזורית הגליל התחתון,133,1959.0,241070743791,285,206,10004552,2023,אשכול רשויות הכנרת והעמקים
1323,בת הדר,Bat Hadar,BAT HADAR,6,הדרום,61,אשקלון,614,36,מועצה אזורית חוף אשקלון,661,1995.0,161818617368,58,633,10001829,2023,אשכול רשויות נגב מערבי
1324,ארסוף,Arsuf,ARSUF,4,המרכז,41,השרון,411,19,מועצה אזורית חוף השרון,184,1995.0,182873680087,39,401,15000060,2023,ללא שיוך לאשכול
1325,כפר זוהרים,Kefar Zoharim,KEFAR ZOHARIM,1,ירושלים,11,ירושלים,112,26,מועצה אזורית מטה יהודה,77,1995.0,192929614364,312,151,15000597,2023,ללא שיוך לאשכול
1326,"בסמ""ה",Basma,BASMA,3,חיפה,32,חדרה,323,99,מועצה מקומית,11734,,210076715130,235,354,10004233,2023,ללא שיוך לאשכול
1327,מעלה עירון,Ma'ale Iron,MA'ALE IRON,3,חיפה,32,חדרה,323,99,מועצה מקומית,15277,,214887717483,249,354,10004249,2023,ללא שיוך לאשכול
1330,אחוזת ברק,Ahuzzat Baraq,AHUZZAT BARAQ,2,הצפון,23,יזרעאל,234,9,מועצה אזורית עמק יזרעאל,2485,1998.0,231994727628,156,254,10004394,2023,אשכול רשויות הגליל והעמקים
1331,כמאנה,Kamane,KAMANE,2,הצפון,24,עכו,242,56,מועצה אזורית משגב,1599,,233148757599,525,205,10004465,2023,אשכול רשויות בית הכרם הגלילי
1332,חוסנייה,Hussniyya,HUSSNIYYA,2,הצפון,24,עכו,242,56,מועצה אזורית משגב,962,,230304756156,293,205,10004513,2023,אשכול רשויות בית הכרם הגלילי
1333,נוף איילון,Nof Ayyalon,NOF AYYALON,4,המרכז,43,רמלה,431,30,מועצה אזורית גזר,2017,1994.0,199057641802,197,426,10002277,2023,ללא שיוך לאשכול
1334,ראס אל-עין,Ras Al-Ein,RAS AL-EIN,2,הצפון,24,עכו,242,56,מועצה אזורית משגב,452,,235177757726,223,205,10004465,2023,אשכול רשויות בית הכרם הגלילי
1335,ערב אל נעים,Arab Al Naim,ARAB AL NAIM,2,הצפון,24,עכו,241,56,מועצה אזורית משגב,850,,227487754808,302,205,10004513,2023,אשכול רשויות בית הכרם הגלילי
1336,אירוס,Irus,IRUS,4,המרכז,44,רחובות,442,27,מועצה אזורית גן רווה,1072,2013.0,179008648533,46,456,15002488,2023,ללא שיוך לאשכול
1337,שמשית,Shimshit,SHIMSHIT,2,הצפון,23,יזרעאל,237,9,מועצה אזורית עמק יזרעאל,2249,2000.0,223413737578,222,254,10004426,2023,אשכול רשויות הגליל והעמקים
1338,כדיתה,Kaddita,KADDITA,2,הצפון,21,צפת,212,2,מועצה אזורית מרום הגליל,174,2009.0,243725767769,767,209,10004528,2023,אשכול רשויות גליל מזרחי
1339,אל -עזי,Al-Azy,AL-AZY,6,הדרום,61,אשקלון,611,35,מועצה אזורית יואב,193,,180995625560,93,632,10001821,2023,אשכול רשויות שורק דרומי
1340,מרחב עם,Merhav Am,MERHAV AM,6,הדרום,62,באר שבע,626,48,מועצה אזורית רמת נגב,641,2002.0,183481533036,511,620,10001918,2023,אשכול רשויות נגב מזרחי
1341,רוח מדבר,Ruah Midbar,RUAH MIDBAR,6,הדרום,62,באר שבע,626,48,מועצה אזורית רמת נגב,54,,174468543498,329,620,15001466,2023,אשכול רשויות נגב מזרחי
1342,אבו קורינאת (יישוב),Abu Qureinat,ABU QUREINAT,6,הדרום,62,באר שבע,623,68,מועצה אזורית נווה מדבר,2458,,196365561051,449,624,15003711,2023,אשכול רשויות נגב מזרחי
1343,מכחול,Makchul,MAKCHUL,6,הדרום,62,באר שבע,623,69,מועצה אזורית אל קסום,1904,,206359577603,523,624,10001937,2023,אשכול רשויות נגב מזרחי
1344,גבעות בר,Geva'ot Bar,GEVA'OT BAR,6,הדרום,62,באר שבע,623,41,מועצה אזורית בני שמעון,1344,2004.0,176835585059,229,625,10001946,2023,אשכול רשויות נגב מערבי
1345,צור יצחק,Zur Yizhaq,ZUR YIZHAQ,4,המרכז,42,פתח תקווה,421,20,מועצה אזורית דרום השרון,7397,2007.0,200107683080,119,417,10002155,2023,אשכול רשויות השרון
1346,תרבין א-צאנע (יישוב)*,Tarabin As-Sani,TARABIN AS-SANI,6,הדרום,62,באר שבע,623,69,מועצה אזורית אל קסום,1037,,175265583691,230,624,10001946,2023,אשכול רשויות נגב מזרחי
1347,קצר א-סר,Qasr A-Sir,QASR A-SIR,6,הדרום,62,באר שבע,623,68,מועצה אזורית נווה מדבר,3363,,198243554663,536,624,10001918,2023,אשכול רשויות נגב מזרחי
1348,ביר הדאג',Bir Hadage,BIR HADAGE,6,הדרום,62,באר שבע,626,68,מועצה אזורית נווה מדבר,2839,,171465548459,288,624,15001466,2023,אשכול רשויות נגב מזרחי
1349,דריג'את,Derig'at,DERIG'AT,6,הדרום,62,באר שבע,623,69,מועצה אזורית אל קסום,571,,207206578826,557,624,10001937,2023,אשכול רשויות נגב מזרחי
1358,אום בטין,Umm Batin,UMM BATIN,6,הדרום,62,באר שבע,623,69,מועצה אזורית אל קסום,5295,,188678576564,329,624,10001937,2023,אשכול רשויות נגב מזרחי
1359,אל סייד,Al Sayyid,AL SAYYID,6,הדרום,62,באר שבע,623,69,מועצה אזורית אל קסום,5775,,191786577112,376,624,10001937,2023,אשכול רשויות נגב מזרחי
1360,סעוה,Sa'Wa,SA'WA,6,הדרום,62,באר שבע,623,69,מועצה אזורית אל קסום,5046,,197182573737,428,624,10001937,2023,אשכול רשויות נגב מזרחי
1361,בת חן,Bat Hen,BAT HEN,4,המרכז,41,השרון,411,16,מועצה אזורית עמק חפר,434,1967.0,188199696298,34,409,15000060,2023,ללא שיוך לאשכול
1362,גבעות עדן,Giv'ot Eden,GIV'OT EDEN,1,ירושלים,11,ירושלים,112,26,מועצה אזורית מטה יהודה,122,2022.0,201507618889,380,151,15000597,2023,ללא שיוך לאשכול
1363,בני נצרים,Bne Netsarim,BNE NETSARIM,6,הדרום,62,באר שבע,622,38,מועצה אזורית אשכול,1155,2010.0,134610561415,99,651,10001893,2023,אשכול רשויות נגב מערבי
1364,שלומית,Shlomit,SHLOMIT,6,הדרום,62,באר שבע,622,38,מועצה אזורית אשכול,536,2011.0,133739564419,93,651,10001893,2023,אשכול רשויות נגב מערבי
1365,אליאב,Eliav,ELIAV,6,הדרום,61,אשקלון,612,50,מועצה אזורית לכיש,823,2013.0,193428604083,361,634,10001813,2023,ללא שיוך לאשכול
1366,נווה,Nave,NAVE,6,הדרום,62,באר שבע,622,38,מועצה אזורית אשכול,1323,2010.0,136459563772,100,651,10001893,2023,אשכול רשויות נגב מערבי
1367,כחלה,Kochlea,KOCHLEA,6,הדרום,62,באר שבע,623,69,מועצה אזורית אל קסום,344,,205064577580,532,624,10001937,2023,אשכול רשויות נגב מזרחי
1368,בני דקלים,Bne Dkalim,BNE DEQALIM,6,הדרום,61,אשקלון,612,50,מועצה אזורית לכיש,1844,2009.0,192456602848,390,634,10001813,2023,ללא שיוך לאשכול
1369,נטע,Neta,NETA,6,הדרום,61,אשקלון,612,50,מועצה אזורית לכיש,958,2012.0,193007598465,426,634,10001813,2023,ללא שיוך לאשכול
1370,מצפה אילן,Mitspe Ilan,MITSPE ILAN,3,חיפה,32,חדרה,323,14,מועצה אזורית מנשה,875,2009.0,206756707620,129,351,10004233,2023,ללא שיוך לאשכול
1371,גני טל,Ganne Tal,GANNE TAL,4,המרכז,44,רחובות,441,31,מועצה אזורית נחל שורק,1040,2010.0,180399632936,78,456,15002488,2023,אשכול רשויות שורק דרומי
1372,נצר חזני,Nezer Hazzani,NEZER HAZZANI,4,המרכז,44,רחובות,441,31,מועצה אזורית נחל שורק,597,2010.0,187100636548,95,456,15002488,2023,אשכול רשויות שורק דרומי
1373,שלווה במדבר,Shalva Bamidbar,SHALVA BAMIDBAR,6,הדרום,62,באר שבע,626,48,מועצה אזורית רמת נגב,0,,174611526896,506,620,10001918,2023,אשכול רשויות נגב מזרחי
1374,כרמי קטיף,Karme Katif,KARME KATIF,6,הדרום,61,אשקלון,612,50,מועצה אזורית לכיש,799,2016.0,191673605082,338,634,10001813,2023,ללא שיוך לאשכול
1375,אבו תלול,Abu Tulul,ABU TULUL,6,הדרום,62,באר שבע,623,68,מועצה אזורית נווה מדבר,5160,,193326565890,388,624,15003711,2023,אשכול רשויות נגב מזרחי
1376,באר גנים,Be'er Gannim,BE'ER GANNIM,6,הדרום,61,אשקלון,614,36,מועצה אזורית חוף אשקלון,2704,2012.0,162996623243,31,633,10001805,2023,אשכול רשויות נגב מערבי
1377,שבי דרום,Shave Darom,SHAVE DAROM,6,הדרום,62,באר שבע,621,42,מועצה אזורית מרחבים,644,2017.0,165731597232,143,651,10001930,2023,אשכול רשויות נגב מערבי
1378,שיזף,Shezaf,SHEZAF,6,הדרום,62,באר שבע,626,48,מועצה אזורית רמת נגב,142,2021.0,177508545761,349,620,15001466,2023,אשכול רשויות נגב מזרחי
1411,מחנה הילה*,Mahane Hilla,MAHANE HILLA,4,המרכז,44,רחובות,442,27,מועצה אזורית גן רווה,0,,171000646000,,499,15002488,2023,ללא שיוך לאשכול
1412,מחנה תל נוף*,Mahane Tel Nof,MAHANE TEL NOF,4,המרכז,44,רחובות,441,28,מועצה אזורית ברנר,0,,183000638000,,499,15002488,2023,אשכול רשויות שורק דרומי
1413,מחנה יהודית*,Mahane Yehudit,MAHANE YEHUDIT,2,הצפון,23,יזרעאל,234,9,מועצה אזורית עמק יזרעאל,0,,217000730000,,299,10004411,2023,אשכול רשויות הגליל והעמקים
1414,מחנה מרים*,Mahane Miryam,MAHANE MIRYAM,6,הדרום,61,אשקלון,611,33,מועצה אזורית באר טוביה,0,,174000629000,,699,10001821,2023,אשכול רשויות שורק דרומי
1415,מחנה יפה*,Mahane Yafa,MAHANE YAFA,6,הדרום,62,באר שבע,622,42,מועצה אזורית מרחבים,0,,169000570000,,699,10001900,2023,אשכול רשויות נגב מערבי
1416,מחנה יוכבד*,Mahane Yokheved,MAHANE YOKHEVED,6,הדרום,62,באר שבע,627,53,מועצה אזורית חבל אילות,0,,193000427000,,699,10001955,2023,אשכול רשויות נגב מזרחי
1418,מחנה טלי*,Mahane Tali,MAHANE TALI,6,הדרום,62,באר שבע,626,48,מועצה אזורית רמת נגב,0,,168000518000,,699,10001918,2023,אשכול רשויות נגב מזרחי
1419,ניצן ב',Nizzan B,NIZZAN B,6,הדרום,61,אשקלון,614,36,מועצה אזורית חוף אשקלון,452,2007.0,165656627228,37,633,10001805,2023,אשכול רשויות נגב מערבי
1701,אזור תעשייה הר-טוב,,,1,ירושלים,11,ירושלים,112,26,מועצה אזורית מטה יהודה,0,,199011630560,235,151,15000597,2023,ללא שיוך לאשכול
1702,נווה אילן*,,,1,ירושלים,11,ירושלים,111,26,מועצה אזורית מטה יהודה,0,,208836634824,681,151,10002475,2023,ללא שיוך לאשכול
1705,"מרכז כ""ח",,,2,הצפון,21,צפת,211,55,מועצה אזורית מבואות החרמון,0,,253587780642,90,253,10004591,2023,אשכול רשויות גליל מזרחי
1706,מפעלי גליל עליון,,,2,הצפון,21,צפת,211,1,מועצה אזורית הגליל העליון,0,,253732788710,79,253,10004591,2023,אשכול רשויות גליל מזרחי
1707,תל חי (מכללה),,,2,הצפון,21,צפת,211,1,מועצה אזורית הגליל העליון,0,,254363793393,240,253,10004591,2023,אשכול רשויות גליל מזרחי
1708,מרכז אזורי מרום הגליל,,,2,הצפון,21,צפת,212,2,מועצה אזורית מרום הגליל,0,,241507766997,697,209,10004528,2023,אשכול רשויות גליל מזרחי
1709,תעשיון דלתון,,,2,הצפון,21,צפת,212,2,מועצה אזורית מרום הגליל,0,,245158770213,846,209,10004528,2023,אשכול רשויות גליל מזרחי
1711,מפעלי צמח,,,2,הצפון,22,כנרת,221,6,מועצה אזורית עמק הירדן,0,,255373734394,-199,214,10004552,2023,אשכול רשויות הכנרת והעמקים
1712,בית חולים פוריה,,,2,הצפון,22,כנרת,221,6,מועצה אזורית עמק הירדן,0,,250941739841,197,214,10004552,2023,אשכול רשויות הכנרת והעמקים
1713,מרכז אזורי כדורי,,,2,הצפון,22,כנרת,222,3,מועצה אזורית הגליל התחתון,0,,238270734647,140,206,10004552,2023,אשכול רשויות הכנרת והעמקים
1714,תעשיות גליל תחתון,,,2,הצפון,22,כנרת,222,3,מועצה אזורית הגליל התחתון,0,,243662743425,166,206,10004552,2023,אשכול רשויות הכנרת והעמקים
1715,"מרכז מיר""ב*",,,3,חיפה,32,חדרה,322,15,מועצה אזורית חוף הכרמל,0,,196928727951,44,303,10004333,2023,אשכול רשויות מישור החוף
1716,אילון תבור*,,,2,הצפון,23,יזרעאל,233,9,מועצה אזורית עמק יזרעאל,0,,234327726752,230,254,10004394,2023,אשכול רשויות הגליל והעמקים
1717,מפעלי העמק (יזרעאל),,,2,הצפון,23,יזרעאל,234,9,מועצה אזורית עמק יזרעאל,0,,222380730006,119,254,10004411,2023,אשכול רשויות הגליל והעמקים
1719,מפעלי שאן,,,2,הצפון,23,יזרעאל,231,7,מועצה אזורית עמק המעיינות,0,,248953711435,-203,202,10004568,2023,אשכול רשויות הכנרת והעמקים
1722,מגדל תפן,,,2,הצפון,24,עכו,243,99,מועצה מקומית,0,,226157764492,649,255,10004484,2023,אשכול רשויות גליל מערבי
1723,מרכז אזורי משגב,,,2,הצפון,24,עכו,241,56,מועצה אזורית משגב,0,,224569751524,305,205,10004513,2023,אשכול רשויות בית הכרם הגלילי
1724,אזור תעסוקה משגב(תרדיון),,,2,הצפון,24,עכו,241,56,מועצה אזורית משגב,0,,225872752554,286,205,10004513,2023,אשכול רשויות בית הכרם הגלילי
1725,"בי""ס אזורי מקיף (אשר)",,,2,הצפון,24,עכו,245,4,מועצה אזורית מטה אשר,0,,214420768297,74,201,10004302,2023,אשכול רשויות גליל מערבי
1726,אזור תעשייה אכזיב (מילואות),,,2,הצפון,24,עכו,245,4,מועצה אזורית מטה אשר,0,,210529774643,9,201,10004302,2023,אשכול רשויות גליל מערבי
1727,אזור תעשייה נעמן (מילואות),,,2,הצפון,24,עכו,246,4,מועצה אזורית מטה אשר,0,,209148754129,7,201,10004315,2023,אשכול רשויות גליל מערבי
1728,בר-לב,,,2,הצפון,24,עכו,242,4,מועצה אזורית מטה אשר,0,,217919756890,71,201,10004315,2023,אשכול רשויות גליל מערבי
1729,מפעלי חבל מודיעים,,,4,המרכז,43,רמלה,432,25,מועצה אזורית חבל מודיעין,0,,196358657326,119,424,10002168,2023,ללא שיוך לאשכול
1739,מפעלי גרנות,,,3,חיפה,32,חדרה,324,14,מועצה אזורית מנשה,0,,195932705678,19,351,10004261,2023,ללא שיוך לאשכול
1740,גבעת חביבה,,,3,חיפה,32,חדרה,324,14,מועצה אזורית מנשה,0,,202273707129,51,351,15002436,2023,ללא שיוך לאשכול
1741,תעשיון השרון,,,4,המרכז,41,השרון,411,18,מועצה אזורית לב השרון,0,,192788686920,51,412,15000060,2023,אשכול רשויות השרון
1742,תעשיון חצב*,,,4,המרכז,42,פתח תקווה,422,20,מועצה אזורית דרום השרון,0,,196138663783,110,417,10002168,2023,אשכול רשויות השרון
1744,תעשיון ימין,Industrial Zone Yamin,INDUSTRIAL ZONE YAMIN,4,המרכז,42,פתח תקווה,421,20,מועצה אזורית דרום השרון,0,,195794676013,40,417,10002133,2023,אשכול רשויות השרון
1745,פארק תעשיות עמק חפר,,,4,המרכז,41,השרון,411,16,מועצה אזורית עמק חפר,0,,190397700909,19,409,15000060,2023,ללא שיוך לאשכול
1746,קרית תעופה,,,4,המרכז,43,רמלה,432,25,מועצה אזורית חבל מודיעין,0,,191859655108,48,424,10002168,2023,ללא שיוך לאשכול
1747,מרכז אזורי שוהם,,,4,המרכז,43,רמלה,432,25,מועצה אזורית חבל מודיעין,0,,194581655316,81,424,10002168,2023,ללא שיוך לאשכול
1748,נמל תעופה בן-גוריון,,,4,המרכז,43,רמלה,432,,חסר מעמד מוניציפלי,0,,189381657037,37,424,10002286,2023,ללא שיוך לאשכול
1749,תעשיון צריפין,,,4,המרכז,43,רמלה,432,40,מועצה אזורית שדות דן,0,,186262652278,50,425,10002228,2023,ללא שיוך לאשכול
1750,תעשיון חבל יבנה,,,4,המרכז,44,רחובות,441,29,מועצה אזורית חבל יבנה,0,,169000636211,13,456,10001836,2023,אשכול רשויות שורק דרומי
1753,מפעלי כנות,,,6,הדרום,61,אשקלון,611,33,מועצה אזורית באר טוביה,0,,177315634394,67,616,10001821,2023,אשכול רשויות שורק דרומי
1754,תעשיון מבצע*,,,6,הדרום,61,אשקלון,611,33,מועצה אזורית באר טוביה,0,,176752630962,60,616,10001821,2023,אשכול רשויות שורק דרומי
1755,תעשיון ראם*,,,6,הדרום,61,אשקלון,611,35,מועצה אזורית יואב,0,,179944629543,60,616,10001821,2023,אשכול רשויות שורק דרומי
1760,תעשיון נוף אדום,Nof Edom Industrial Zone,NOF EDOM INDUSTRIAL ZONE,6,הדרום,62,באר שבע,,53,מועצה אזורית חבל אילות,0,,,,608,10001955,2023,אשכול רשויות נגב מזרחי
1761,מפעלי צומת מלאכי,,,6,הדרום,61,אשקלון,611,33,מועצה אזורית באר טוביה,0,,176432625712,67,616,10001821,2023,אשכול רשויות שורק דרומי
1762,עד הלום,,,6,הדרום,61,אשקלון,611,33,מועצה אזורית באר טוביה,0,,168152630087,30,616,10001836,2023,אשכול רשויות שורק דרומי
1763,פארק תעשיות ספירים,,,6,הדרום,61,אשקלון,614,37,מועצה אזורית שער הנגב,0,,161451602833,105,651,10001829,2023,אשכול רשויות נגב מערבי
1765,עידן הנגב,Idan Hanegev,IDAN HANEGEV,6,הדרום,62,באר שבע,623,41,מועצה אזורית בני שמעון,0,,179766587361,259,625,10001946,2023,אשכול רשויות נגב מערבי
1766,קרית חינוך עזתה,,,6,הדרום,62,באר שבע,621,39,מועצה אזורית שדות נגב,0,,161265593351,142,651,10001930,2023,אשכול רשויות נגב מערבי
1767,קמה (אזור תעשייה חקלאית),,,6,הדרום,62,באר שבע,621,41,מועצה אזורית בני שמעון,0,,177233594404,238,625,10001946,2023,אשכול רשויות נגב מערבי
1768,קריית חינוך מרחבים*,,,6,הדרום,62,באר שבע,622,42,מועצה אזורית מרחבים,0,,161794580479,126,651,10001893,2023,אשכול רשויות נגב מערבי
1769,מפעלי מעון,,,6,הדרום,62,באר שבע,622,38,מועצה אזורית אשכול,0,,145740578218,117,651,10001893,2023,אשכול רשויות נגב מערבי
1770,נאות חובב,,,6,הדרום,62,באר שבע,623,99,מועצה מקומית,0,,179517560499,383,621,15001466,2023,ללא שיוך לאשכול
1771,אורון,,,6,הדרום,62,באר שבע,626,48,מועצה אזורית רמת נגב,0,,201447535576,356,620,10001918,2023,אשכול רשויות נגב מזרחי
1772,ים המלח - בתי מלון,,,6,הדרום,62,באר שבע,624,51,מועצה אזורית תמר,0,,234503567490,-378,656,10001911,2023,ללא שיוך לאשכול
1773,מפעלי מישור רותם,,,6,הדרום,62,באר שבע,626,51,מועצה אזורית תמר,0,,218261551829,391,656,10001918,2023,ללא שיוך לאשכול
1775,מפעלי ים המלח(סדום),,,6,הדרום,62,באר שבע,624,51,מועצה אזורית תמר,0,,235173548825,-380,656,10001911,2023,ללא שיוך לאשכול
1776,מפעלי צין - ערבה,,,6,הדרום,62,באר שבע,626,54,מועצה אזורית הערבה התיכונה,0,,208513528195,92,657,10001918,2023,אשכול רשויות נגב מזרחי
1791,מפעלי ברקן,,,7,אזור יהודה ושומרון,73,טול כרם,,72,מועצה אזורית שומרון,0,,211265667685,439,710,15004488,2023,אשכול יהודה ושומרון
1792,"תעשיון שח""ק",,,7,אזור יהודה ושומרון,71,ג'נין,,72,מועצה אזורית שומרון,0,,216993708884,335,710,15004488,2023,אשכול יהודה ושומרון
1793,שלומציון,,,7,אזור יהודה ושומרון,75,ירדן-יריחו,,75,מועצה אזורית ערבות הירדן,0,,246757667431,-256,712,10003299,2023,אשכול יהודה ושומרון
1794,תעשיון מיתרים,,,7,אזור יהודה ושומרון,77,חברון,,78,מועצה אזורית הר חברון,0,,200544586822,603,715,15003512,2023,אשכול יהודה ושומרון
1801,"הרי יהודה מ""א 26",,,1,ירושלים,11,ירושלים,111,26,מועצה אזורית מטה יהודה,0,,2067063030,,,,2023,ללא שיוך לאשכול
1802,"הרי יהודה של""ש",,,1,ירושלים,11,ירושלים,111,,חסר מעמד מוניציפלי,0,,,,,,2023,ללא שיוך לאשכול
1803,"שפלת יהודה מ""א 26",,,1,ירושלים,11,ירושלים,112,26,מועצה אזורית מטה יהודה,0,,1939062680,,,,2023,ללא שיוך לאשכול
1804,"שפלת יהודה של""ש",,,1,ירושלים,11,ירושלים,112,,חסר מעמד מוניציפלי,0,,,,,,2023,ללא שיוך לאשכול
1805,"אזור כינרות מ""א 3",,,2,הצפון,22,כנרת,221,3,מועצה אזורית הגליל התחתון,0,,2481074680,,,,2023,אשכול רשויות הכנרת והעמקים
1806,"עמק חולה מ""א 1",,,2,הצפון,21,צפת,211,1,מועצה אזורית הגליל העליון,0,,2578078330,,,,2023,אשכול רשויות גליל מזרחי
1807,"עמק חולה מ""א 55",,,2,הצפון,21,צפת,211,55,מועצה אזורית מבואות החרמון,0,,2580077650,,,,2023,אשכול רשויות גליל מזרחי
1808,"עמק חולה של""ש",,,2,הצפון,21,צפת,211,,חסר מעמד מוניציפלי,0,,,,,,2023,ללא שיוך לאשכול
1809,"גליל עליון מז מ""א 1",,,2,הצפון,21,צפת,212,1,מועצה אזורית הגליל העליון,0,,2362077180,,,,2023,אשכול רשויות גליל מזרחי
1810,"גליל עליון מז מ""א 55",,,2,הצפון,21,צפת,212,55,מועצה אזורית מבואות החרמון,0,,2508077340,,,,2023,אשכול רשויות גליל מזרחי
1811,"גליל עליון מז מ""א 2",,,2,הצפון,21,צפת,212,2,מועצה אזורית מרום הגליל,0,,2438076690,,,,2023,אשכול רשויות גליל מזרחי
1812,"גליל עליון מז של""ש",,,2,הצפון,21,צפת,212,,חסר מעמד מוניציפלי,0,,2385076890,,,,2023,ללא שיוך לאשכול
1813,"אזור חצור מ""א 1",,,2,הצפון,21,צפת,213,1,מועצה אזורית הגליל העליון,0,,2545075990,,,,2023,אשכול רשויות גליל מזרחי
1814,"אזור חצור מ""א 55",,,2,הצפון,21,צפת,213,55,מועצה אזורית מבואות החרמון,0,,2584076640,,,,2023,אשכול רשויות גליל מזרחי
1815,"אזור חצור של""ש",,,2,הצפון,21,צפת,213,,חסר מעמד מוניציפלי,0,,2549076740,,,,2023,ללא שיוך לאשכול
1816,"אזור כנרות מ""א 1",,,2,הצפון,22,כנרת,221,1,מועצה אזורית הגליל העליון,0,,2528075660,,,,2023,אשכול רשויות גליל מזרחי
1817,"אזור כנרות מ""א 6",,,2,הצפון,22,כנרת,221,6,מועצה אזורית עמק הירדן,0,,2610074110,,,,2023,אשכול רשויות הכנרת והעמקים
1818,"אזור כנרות של""ש",,,2,הצפון,22,כנרת,221,,חסר מעמד מוניציפלי,0,,,,,,2023,ללא שיוך לאשכול
1819,"גליל תחתון מז מ""א 3",,,2,הצפון,22,כנרת,222,3,מועצה אזורית הגליל התחתון,0,,2426074060,,,,2023,אשכול רשויות הכנרת והעמקים
1820,"גליל תחתון מז מ""א 2",,,2,הצפון,22,כנרת,222,2,מועצה אזורית מרום הגליל,0,,2419075400,,,,2023,אשכול רשויות גליל מזרחי
1821,"גליל תחתון מז מ""א 6",,,2,הצפון,22,כנרת,222,6,מועצה אזורית עמק הירדן,0,,2484072760,,,,2023,אשכול רשויות הכנרת והעמקים
1822,"גליל תחתון מז של""ש",,,2,הצפון,22,כנרת,222,,חסר מעמד מוניציפלי,0,,2416075000,,,,2023,ללא שיוך לאשכול
1823,הרי נצרת-תירען,,,2,הצפון,23,יזרעאל,237,,חסר מעמד מוניציפלי,0,,2351073910,,,,2023,ללא שיוך לאשכול
1824,"עמק בית שאן מ""א 7",,,2,הצפון,23,יזרעאל,231,7,מועצה אזורית עמק המעיינות,0,,2474070920,,,,2023,אשכול רשויות הכנרת והעמקים
1825,"עמק בית שאן של""ש",,,2,הצפון,23,יזרעאל,231,,חסר מעמד מוניציפלי,0,,,,,,2023,ללא שיוך לאשכול
1826,"עמק חרוד מ""א 8",,,2,הצפון,23,יזרעאל,232,8,מועצה אזורית הגלבוע,0,,2368071640,,,,2023,אשכול רשויות הגליל והעמקים
1827,"עמק חרוד של""ש",,,2,הצפון,23,יזרעאל,232,,חסר מעמד מוניציפלי,0,,,,,,2023,ללא שיוך לאשכול
1828,"רמת כוכב מ""א 7",,,2,הצפון,23,יזרעאל,233,7,מועצה אזורית עמק המעיינות,0,,2497072050,,,,2023,אשכול רשויות הכנרת והעמקים
1829,"רמת כוכב מ""א 8",,,2,הצפון,23,יזרעאל,233,8,מועצה אזורית הגלבוע,0,,2427072230,,,,2023,אשכול רשויות הגליל והעמקים
1830,"רמת כוכב מ""א 9",,,2,הצפון,23,יזרעאל,233,9,מועצה אזורית עמק יזרעאל,0,,2362072710,,,,2023,אשכול רשויות הגליל והעמקים
1831,"רמת כוכב של""ש",,,2,הצפון,23,יזרעאל,233,,חסר מעמד מוניציפלי,0,,,,,,2023,ללא שיוך לאשכול
1832,"עמק יזרעאל מ""א 8",,,2,הצפון,23,יזרעאל,234,8,מועצה אזורית הגלבוע,0,,2268071730,,,,2023,אשכול רשויות הגליל והעמקים
1833,"עמק יזרעאל מ""א 9",,,2,הצפון,23,יזרעאל,234,9,מועצה אזורית עמק יזרעאל,0,,2244072700,,,,2023,אשכול רשויות הגליל והעמקים
1834,"עמק יזרעאל מ""א 13",,,2,הצפון,23,יזרעאל,234,13,מועצה אזורית מגידו,0,,2185072150,,,,2023,אשכול רשויות הגליל והעמקים
1835,"אזור יקנעם מ""א 9",,,2,הצפון,23,יזרעאל,235,9,מועצה אזורית עמק יזרעאל,0,,2115073310,,,,2023,אשכול רשויות הגליל והעמקים
1836,"אזור יקנעם מ""א 13",,,2,הצפון,23,יזרעאל,235,13,מועצה אזורית מגידו,0,,2121072800,,,,2023,אשכול רשויות הגליל והעמקים
1837,"רמת מנשה מ""א 13",,,2,הצפון,23,יזרעאל,236,13,מועצה אזורית מגידו,0,,2093072110,,,,2023,אשכול רשויות הגליל והעמקים
1838,"רמת מנשה של""ש",,,2,הצפון,23,יזרעאל,236,,חסר מעמד מוניציפלי,0,,,,,,2023,ללא שיוך לאשכול
1839,"הרי נצרת-תירען מ""א 9",,,2,הצפון,23,יזרעאל,237,9,מועצה אזורית עמק יזרעאל,0,,2227073890,,,,2023,אשכול רשויות הגליל והעמקים
1840,"אזור שפרעם מ""א 9",,,2,הצפון,24,עכו,241,9,מועצה אזורית עמק יזרעאל,0,,2179074200,,,,2023,אשכול רשויות הגליל והעמקים
1841,"אזור שפרעם מ""א 56",,,2,הצפון,24,עכו,241,56,מועצה אזורית משגב,0,,2266075010,,,,2023,אשכול רשויות בית הכרם הגלילי
1842,"אזור שפרעם של""ש",,,2,הצפון,24,עכו,241,,חסר מעמד מוניציפלי,0,,2183074930,,,,2023,ללא שיוך לאשכול
1843,"אזור כרמיאל מ""א 2",,,2,הצפון,24,עכו,242,2,מועצה אזורית מרום הגליל,0,,2339075980,,,,2023,אשכול רשויות גליל מזרחי
1844,"אזור כרמיאל מ""א 56",,,2,הצפון,24,עכו,242,56,מועצה אזורית משגב,0,,2327075530,,,,2023,אשכול רשויות בית הכרם הגלילי
1845,"אזור כרמיאל של""ש",,,2,הצפון,24,עכו,242,,חסר מעמד מוניציפלי,0,,2369075930,,,,2023,ללא שיוך לאשכול
1846,"אזור יחיעם מ""א 4",,,2,הצפון,24,עכו,243,4,מועצה אזורית מטה אשר,0,,2180076770,,,,2023,אשכול רשויות גליל מערבי
1847,"אזור יחיעם מ""א 52",,,2,הצפון,24,עכו,243,52,מועצה אזורית מעלה יוסף,0,,2283076610,,,,2023,אשכול רשויות גליל מערבי
1848,"אזור יחיעם מ""א 2",,,2,הצפון,24,עכו,243,2,מועצה אזורית מרום הגליל,0,,2386075990,,,,2023,אשכול רשויות גליל מזרחי
1849,"אזור יחיעם מ""א 56",,,2,הצפון,24,עכו,243,56,מועצה אזורית משגב,0,,2214075970,,,,2023,אשכול רשויות בית הכרם הגלילי
1850,"אזור יחיעם של""ש",,,2,הצפון,24,עכו,243,,חסר מעמד מוניציפלי,0,,2325076540,,,,2023,ללא שיוך לאשכול
1851,"אזור אילון מ""א 52",,,2,הצפון,24,עכו,244,52,מועצה אזורית מעלה יוסף,0,,2266077360,,,,2023,אשכול רשויות גליל מערבי
1852,"אזור אילון מ""א 4",,,2,הצפון,24,עכו,244,4,מועצה אזורית מטה אשר,0,,2196077510,,,,2023,אשכול רשויות גליל מערבי
1853,"אזור אילון של""ש",,,2,הצפון,24,עכו,244,,חסר מעמד מוניציפלי,0,,2314076950,,,,2023,ללא שיוך לאשכול
1854,"בקעת נטופה מ""א 56",,,2,הצפון,24,עכו,241,56,מועצה אזורית משגב,0,,2546075680,,,,2023,אשכול רשויות בית הכרם הגלילי
1855,"אזור נהרייה מ""א 4",,,2,הצפון,24,עכו,245,4,מועצה אזורית מטה אשר,0,,2125076910,,,,2023,אשכול רשויות גליל מערבי
1856,"אזור נהרייה של""ש",,,2,הצפון,24,עכו,245,,חסר מעמד מוניציפלי,0,,2131076190,,,,2023,ללא שיוך לאשכול
1857,"אזור עכו מ""א 56",,,2,הצפון,24,עכו,246,56,מועצה אזורית משגב,0,,2128075670,,,,2023,אשכול רשויות בית הכרם הגלילי
1858,"אזור עכו מ""א 4",,,2,הצפון,24,עכו,246,4,מועצה אזורית מטה אשר,0,,2128075480,,,,2023,אשכול רשויות גליל מערבי
1859,"אזור עכו של""ש",,,2,הצפון,24,עכו,246,,חסר מעמד מוניציפלי,0,,2127075860,,,,2023,ללא שיוך לאשכול
1860,"אזור חיפה מ""א 12",,,3,חיפה,31,חיפה,311,12,מועצה אזורית זבולון,0,,2104074200,,,,2023,אשכול רשויות המפרץ
1861,"נחל תבור מ""א 8",,,2,הצפון,23,יזרעאל,233,8,מועצה אזורית הגלבוע,0,,2525072450,,,,2023,אשכול רשויות הגליל והעמקים
1862,"אזור חיפה של""ש",,,3,חיפה,31,חיפה,311,,חסר מעמד מוניציפלי,0,,2088073220,,,,2023,ללא שיוך לאשכול
1863,"יערות גבעת המורה מ""א 9",,,2,הצפון,23,יזרעאל,234,9,מועצה אזורית עמק יזרעאל,0,,2404072680,,,,2023,אשכול רשויות הגליל והעמקים
1864,"חוף הכרמל מ""א 15",,,3,חיפה,32,חדרה,321,15,מועצה אזורית חוף הכרמל,0,,1947072760,,,,2023,אשכול רשויות מישור החוף
1865,"אזור תעשיה אכסאל מ""א 9",,,2,הצפון,23,יזרעאל,234,9,מועצה אזורית עמק יזרעאל,0,,2325072360,,,,2023,אשכול רשויות הגליל והעמקים
1866,"אזור זכרון יעקב מ""א 15",,,3,חיפה,32,חדרה,322,15,מועצה אזורית חוף הכרמל,0,,2001072840,,,,2023,אשכול רשויות מישור החוף
1867,"אזור זכרון יעקב של""ש",,,3,חיפה,32,חדרה,322,,חסר מעמד מוניציפלי,0,,2040072880,,,,2023,ללא שיוך לאשכול
1868,"הר אלכסנדר מ""א 45",,,3,חיפה,32,חדרה,323,45,מועצה אזורית אלונה,0,,2009071920,,,,2023,אשכול רשויות מישור החוף
1869,"הר אלכסנדר מ""א 14",,,3,חיפה,32,חדרה,323,14,מועצה אזורית מנשה,0,,2050071490,,,,2023,ללא שיוך לאשכול
1870,"הר אלכסנדר של""ש",,,3,חיפה,32,חדרה,323,,חסר מעמד מוניציפלי,0,,2105071460,,,,2023,ללא שיוך לאשכול
1871,"אזור חדרה מ""א 45",,,3,חיפה,32,חדרה,324,45,מועצה אזורית אלונה,0,,1999071630,,,,2023,אשכול רשויות מישור החוף
1872,"אזור חדרה מ""א 15",,,3,חיפה,32,חדרה,324,15,מועצה אזורית חוף הכרמל,0,,1932070920,,,,2023,אשכול רשויות מישור החוף
1873,"אזור חדרה מ""א 14",,,3,חיפה,32,חדרה,324,14,מועצה אזורית מנשה,0,,2012070620,,,,2023,ללא שיוך לאשכול
1874,"אזור חדרה של""ש",,,3,חיפה,32,חדרה,324,,חסר מעמד מוניציפלי,0,,2029069980,,,,2023,ללא שיוך לאשכול
1875,"עמק חפר מזרח מ""א 16",,,4,המרכז,41,השרון,411,16,מועצה אזורית עמק חפר,0,,2289073170,,,,2023,ללא שיוך לאשכול
1876,"מערב השרון מ""א 16",,,4,המרכז,41,השרון,411,16,מועצה אזורית עמק חפר,0,,1934069710,,,,2023,ללא שיוך לאשכול
1877,"מערב השרון מ""א 18",,,4,המרכז,41,השרון,411,18,מועצה אזורית לב השרון,0,,1936068670,,,,2023,אשכול רשויות השרון
1878,"מערב השרון מ""א 19",,,4,המרכז,41,השרון,411,19,מועצה אזורית חוף השרון,0,,1860068190,,,,2023,ללא שיוך לאשכול
1879,"מזרח השרון מ""א 16",,,4,המרכז,41,השרון,412,16,מועצה אזורית עמק חפר,0,,2001069530,,,,2023,ללא שיוך לאשכול
1880,"מזרח השרון מ""א 18",,,4,המרכז,41,השרון,412,18,מועצה אזורית לב השרון,0,,2002068950,,,,2023,אשכול רשויות השרון
1881,"דרום השרון מ""א 18",,,4,המרכז,42,פתח תקווה,421,18,מועצה אזורית לב השרון,0,,,,,,2023,אשכול רשויות השרון
1882,"דרום השרון מ""א 20",,,4,המרכז,42,פתח תקווה,421,20,מועצה אזורית דרום השרון,0,,1899068100,,,,2023,אשכול רשויות השרון
1883,"נחל יפתחאל מ""א 3",,,2,הצפון,23,יזרעאל,237,3,מועצה אזורית הגליל התחתון,0,,2291074310,,,,2023,אשכול רשויות הכנרת והעמקים
1884,"בקעת תירען מ""א 3",,,2,הצפון,23,יזרעאל,237,3,מועצה אזורית הגליל התחתון,0,,2334074370,,,,2023,אשכול רשויות הכנרת והעמקים
1885,"דרום השרון של""ש",,,4,המרכז,42,פתח תקווה,421,,חסר מעמד מוניציפלי,0,,1960067130,,,,2023,ללא שיוך לאשכול
1886,"אזור פתח תקווה מ""א 25",,,4,המרכז,42,פתח תקווה,422,25,מועצה אזורית חבל מודיעין,0,,1984065740,,,,2023,ללא שיוך לאשכול
1887,"אזור מודיעין מ""א 25",,,4,המרכז,43,רמלה,431,25,מועצה אזורית חבל מודיעין,0,,2311074610,,,,2023,ללא שיוך לאשכול
1888,"אזור פתח תקווה מ""א 20",,,4,המרכז,42,פתח תקווה,422,20,מועצה אזורית דרום השרון,0,,1933066570,,,,2023,אשכול רשויות השרון
1889,"אזור פתח תקווה של""ש",,,4,המרכז,42,פתח תקווה,422,,חסר מעמד מוניציפלי,0,,1921066200,,,,2023,ללא שיוך לאשכול
1890,"אזור מודיעין מ""א 30",,,4,המרכז,43,רמלה,431,30,מועצה אזורית גזר,0,,2010069770,,,,2023,ללא שיוך לאשכול
1891,"אזור רמלה מ""א 30",,,4,המרכז,43,רמלה,432,30,מועצה אזורית גזר,0,,1891064330,,,,2023,ללא שיוך לאשכול
1892,"אזור רמלה מ""א 25",,,4,המרכז,43,רמלה,432,25,מועצה אזורית חבל מודיעין,0,,,,,,2023,ללא שיוך לאשכול
1893,"אזור רמלה מ""א 40",,,4,המרכז,43,רמלה,432,40,מועצה אזורית שדות דן,0,,1865065340,,,,2023,ללא שיוך לאשכול
1894,"אזור רמלה של""ש",,,4,המרכז,43,רמלה,432,,חסר מעמד מוניציפלי,0,,1850065140,,,,2023,ללא שיוך לאשכול
1895,"אזור מודיעין של""ש",,,4,המרכז,43,רמלה,431,,חסר מעמד מוניציפלי,0,,1833067310,,,,2023,ללא שיוך לאשכול
1896,"אזור רחובות מ""א 28",,,4,המרכז,44,רחובות,441,28,מועצה אזורית ברנר,0,,1803064000,,,,2023,אשכול רשויות שורק דרומי
1897,"אזור רחובות מ""א 32",,,4,המרכז,44,רחובות,441,32,מועצה אזורית גדרות,0,,1745063800,,,,2023,ללא שיוך לאשכול
1898,"אזור רחובות מ""א 30",,,4,המרכז,44,רחובות,441,30,מועצה אזורית גזר,0,,1843064140,,,,2023,ללא שיוך לאשכול
1899,"אזור רחובות מ""א 29",,,4,המרכז,44,רחובות,441,29,מועצה אזורית חבל יבנה,0,,1721063800,,,,2023,אשכול רשויות שורק דרומי
1901,"אזור רחובות מ""א 31",,,4,המרכז,44,רחובות,441,31,מועצה אזורית נחל שורק,0,,1832063450,,,,2023,אשכול רשויות שורק דרומי
1902,"אזור רחובות של""ש",,,4,המרכז,44,רחובות,441,,חסר מעמד מוניציפלי,0,,1721064500,,,,2023,ללא שיוך לאשכול
1903,"אזור ראשל""צ מ""א 27",,,4,המרכז,44,רחובות,442,27,מועצה אזורית גן רווה,0,,1753064760,,,,2023,ללא שיוך לאשכול
1904,"אזור ראשל""צ של""ש",,,4,המרכז,44,רחובות,442,,חסר מעמד מוניציפלי,0,,1755065150,,,,2023,ללא שיוך לאשכול
1905,"אזור תל אביב של""ש",,,5,תל אביב,51,תל אביב,511,,חסר מעמד מוניציפלי,0,,,,,,2023,ללא שיוך לאשכול
1907,"אזור גלילות מ""א 19",,,5,תל אביב,51,תל אביב,511,19,מועצה אזורית חוף השרון,0,,,,,,2023,ללא שיוך לאשכול
1908,"אזור רמת גן של""ש",,,5,תל אביב,52,תל אביב,512,,חסר מעמד מוניציפלי,0,,1864066110,,,,2023,ללא שיוך לאשכול
1909,"אזור חולון של""ש",,,5,תל אביב,53,תל אביב,513,,חסר מעמד מוניציפלי,0,,1817066000,,,,2023,ללא שיוך לאשכול
1911,"אזור מלאכי מ""א 33",,,6,הדרום,61,אשקלון,611,33,מועצה אזורית באר טוביה,0,,1755063200,,,,2023,אשכול רשויות שורק דרומי
1913,"אזור מלאכי מ""א 35",,,6,הדרום,61,אשקלון,611,35,מועצה אזורית יואב,0,,1816062200,,,,2023,אשכול רשויות שורק דרומי
1914,"אזור מלאכי מ""א 50",,,6,הדרום,61,אשקלון,611,50,מועצה אזורית לכיש,0,,1780061800,,,,2023,ללא שיוך לאשכול
1915,"אזור מלאכי מ""א 34",,,6,הדרום,61,אשקלון,611,34,מועצה אזורית שפיר,0,,1766062160,,,,2023,ללא שיוך לאשכול
1917,"אזור לכיש מ""א 35",,,6,הדרום,61,אשקלון,612,35,מועצה אזורית יואב,0,,1870061370,,,,2023,אשכול רשויות שורק דרומי
1918,"אזור לכיש מ""א 50",,,6,הדרום,61,אשקלון,612,50,מועצה אזורית לכיש,0,,1836060440,,,,2023,ללא שיוך לאשכול
1919,"אזור לכיש מ""א 34",,,6,הדרום,61,אשקלון,612,34,מועצה אזורית שפיר,0,,1769061100,,,,2023,ללא שיוך לאשכול
1920,"אזור לכיש מ""א 41",,,6,הדרום,61,אשקלון,612,41,מועצה אזורית בני שמעון,0,,1888059260,,,,2023,אשכול רשויות נגב מערבי
1921,"אזור אשדוד מ""א 33",,,6,הדרום,61,אשקלון,613,33,מועצה אזורית באר טוביה,0,,1649062930,,,,2023,אשכול רשויות שורק דרומי
1922,"אזור אשדוד מ""א 29",,,6,הדרום,61,אשקלון,613,29,מועצה אזורית חבל יבנה,0,,1726063970,,,,2023,אשכול רשויות שורק דרומי
1923,"אזור אשדוד של""ש",,,6,הדרום,61,אשקלון,613,,חסר מעמד מוניציפלי,0,,1681064050,,,,2023,ללא שיוך לאשכול
1924,"אזור אשקלון מ""א 36",,,6,הדרום,61,אשקלון,614,36,מועצה אזורית חוף אשקלון,0,,1663061620,,,,2023,אשכול רשויות נגב מערבי
1926,"אזור אשקלון מ""א 37",,,6,הדרום,61,אשקלון,614,37,מועצה אזורית שער הנגב,0,,1637060210,,,,2023,אשכול רשויות נגב מערבי
1929,"אזור גרר מ""א 41",,,6,הדרום,62,באר שבע,621,41,מועצה אזורית בני שמעון,0,,1725058920,,,,2023,אשכול רשויות נגב מערבי
1930,"אזור גרר מ""א 42",,,6,הדרום,62,באר שבע,621,42,מועצה אזורית מרחבים,0,,1679059410,,,,2023,אשכול רשויות נגב מערבי
1931,"אזור גרר מ""א 39",,,6,הדרום,62,באר שבע,621,39,מועצה אזורית שדות נגב,0,,1572058820,,,,2023,אשכול רשויות נגב מערבי
1933,"אזור בשור מ""א 38",,,6,הדרום,62,באר שבע,622,38,מועצה אזורית אשכול,0,,1457057060,,,,2023,אשכול רשויות נגב מערבי
1934,"אזור בשור מ""א 42",,,6,הדרום,62,באר שבע,622,42,מועצה אזורית מרחבים,0,,1608057600,,,,2023,אשכול רשויות נגב מערבי
1935,"אזור בשור מ""א 39",,,6,הדרום,62,באר שבע,622,39,מועצה אזורית שדות נגב,0,,1505059540,,,,2023,אשכול רשויות נגב מערבי
1937,"אזור באר שבע מ""א 41",,,6,הדרום,62,באר שבע,623,41,מועצה אזורית בני שמעון,0,,1807058120,,,,2023,אשכול רשויות נגב מערבי
1938,"אזור באר שבע מ""א 51",,,6,הדרום,62,באר שבע,623,51,מועצה אזורית תמר,0,,2240057100,,,,2023,ללא שיוך לאשכול
1939,"אזור באר שבע של""ש",,,6,הדרום,62,באר שבע,623,,חסר מעמד מוניציפלי,0,,1974056740,,,,2023,ללא שיוך לאשכול
1942,"אזור ים המלח מ""א 51",,,6,הדרום,62,באר שבע,624,51,מועצה אזורית תמר,0,,2340056200,,,,2023,ללא שיוך לאשכול
1944,"הערבה מ""א 51",,,6,הדרום,62,באר שבע,625,51,מועצה אזורית תמר,0,,,,,,2023,ללא שיוך לאשכול
1945,"הערבה מ""א 53",,,6,הדרום,62,באר שבע,625,53,מועצה אזורית חבל אילות,0,,2062043180,,,,2023,אשכול רשויות נגב מזרחי
1946,"הערבה מ""א 54",,,6,הדרום,62,באר שבע,625,54,מועצה אזורית הערבה התיכונה,0,,2159050670,,,,2023,אשכול רשויות נגב מזרחי
1947,"הר הנגב הצפוני מ""א 53",,,6,הדרום,62,באר שבע,626,53,מועצה אזורית חבל אילות,0,,1658047710,,,,2023,אשכול רשויות נגב מזרחי
1948,"הר הנגב הצפוני מ""א 48",,,6,הדרום,62,באר שבע,626,48,מועצה אזורית רמת נגב,0,,1728052230,,,,2023,אשכול רשויות נגב מזרחי
1949,"הר הנגב הצפוני מ""א 51",,,6,הדרום,62,באר שבע,626,51,מועצה אזורית תמר,0,,2189054410,,,,2023,ללא שיוך לאשכול
1950,"הר הנגב הצפוני מ""א 54",,,6,הדרום,62,באר שבע,626,54,מועצה אזורית הערבה התיכונה,0,,2054052480,,,,2023,אשכול רשויות נגב מזרחי
1951,"הר הנגב הדרומי מ""א 53",,,6,הדרום,62,באר שבע,627,53,מועצה אזורית חבל אילות,0,,1883044330,,,,2023,אשכול רשויות נגב מזרחי
1952,"הר הנגב הדרומי מ""א 54",,,6,הדרום,62,באר שבע,627,54,מועצה אזורית הערבה התיכונה,0,,2040048240,,,,2023,אשכול רשויות נגב מזרחי
1953,"הר הנגב הדרומי מ""א 48",,,6,הדרום,62,באר שבע,627,48,מועצה אזורית רמת נגב,0,,1851048010,,,,2023,אשכול רשויות נגב מזרחי
1960,"חרמון מ""א 71",,,2,הצפון,29,גולן,291,71,מועצה אזורית גולן,0,,2685079910,,,,2023,אשכול רשויות גליל מזרחי
1961,"פארק הירדן מ""א 6",,,2,הצפון,22,כנרת,221,6,מועצה אזורית עמק הירדן,0,,,,,,2023,אשכול רשויות הכנרת והעמקים
1962,"גולן צפוני מ""א 71",,,2,הצפון,29,גולן,292,71,מועצה אזורית גולן,0,,2709077860,,,,2023,אשכול רשויות גליל מזרחי
1963,"גאון הירדן מ""א 3",,,2,הצפון,22,כנרת,222,3,מועצה אזורית הגליל התחתון,0,,,,,,2023,אשכול רשויות הכנרת והעמקים
1964,"גולן תיכון מ""א 71",,,2,הצפון,29,גולן,293,71,מועצה אזורית גולן,0,,2670076100,,,,2023,אשכול רשויות גליל מזרחי
1966,"גולן דרומי מ""א 71",,,2,הצפון,29,גולן,294,71,מועצה אזורית גולן,0,,2704074680,,,,2023,אשכול רשויות גליל מזרחי
1970,"נפת ג'נין מ""א 72",,,7,אזור יהודה ושומרון,71,ג'נין,,72,מועצה אזורית שומרון,0,,,,,,2023,אשכול יהודה ושומרון
1971,נפת ג'נין,,,7,אזור יהודה ושומרון,71,ג'נין,,,חסר מעמד מוניציפלי,0,,,,,,2023,ללא שיוך לאשכול
1972,"נפת שכם מ""א 72",,,7,אזור יהודה ושומרון,72,שכם,,72,מועצה אזורית שומרון,0,,,,,,2023,אשכול יהודה ושומרון
1973,נפת שכם,,,7,אזור יהודה ושומרון,72,שכם,,,חסר מעמד מוניציפלי,0,,,,,,2023,ללא שיוך לאשכול
1974,"נפת ראמאללה מ""א 73",,,7,אזור יהודה ושומרון,73,טול כרם,,72,מועצה אזורית שומרון,0,,,,,,2023,אשכול יהודה ושומרון
1975,נפת טול כרם,,,7,אזור יהודה ושומרון,73,טול כרם,,,חסר מעמד מוניציפלי,0,,,,,,2023,ללא שיוך לאשכול
1976,"נפת ראמאללה מ""א 73",,,7,אזור יהודה ושומרון,74,ראמאללה,,73,מועצה אזורית מטה בנימין,0,,,,,,2023,אשכול יהודה ושומרון
1977,נפת ראמאללה,,,7,אזור יהודה ושומרון,74,ראמאללה,,,חסר מעמד מוניציפלי,0,,,,,,2023,ללא שיוך לאשכול
1978,"נפת ירדן מ""א 74",,,7,אזור יהודה ושומרון,75,ירדן-יריחו,,74,מועצה אזורית מגילות ים המלח,0,,,,,,2023,אשכול יהודה ושומרון
1979,"נפת ירדן מ""א 75",,,7,אזור יהודה ושומרון,75,ירדן-יריחו,,75,מועצה אזורית ערבות הירדן,0,,,,,,2023,אשכול יהודה ושומרון
1980,נפת ירדן,,,7,אזור יהודה ושומרון,75,ירדן-יריחו,,,חסר מעמד מוניציפלי,0,,,,,,2023,ללא שיוך לאשכול
1981,"נפת בית לחם מ""א 76",,,7,אזור יהודה ושומרון,76,בית לחם,,76,מועצה אזורית גוש עציון,0,,,,,,2023,ללא שיוך לאשכול
1982,נפת בית לחם,,,7,אזור יהודה ושומרון,76,בית לחם,,,חסר מעמד מוניציפלי,0,,,,,,2023,ללא שיוך לאשכול
1983,"נפת חברון מ""א 78",,,7,אזור יהודה ושומרון,77,חברון,,78,מועצה אזורית הר חברון,0,,,,,,2023,אשכול יהודה ושומרון
1984,נפת חברון,,,7,אזור יהודה ושומרון,77,חברון,,,חסר מעמד מוניציפלי,0,,,,,,2023,ללא שיוך לאשכול
1997,"גמ""ל מחוז דרום",,,6,הדרום,62,באר שבע,623,,חסר מעמד מוניציפלי,0,,,,,,2023,ללא שיוך לאשכול
1998,דרום יהודה,,,7,אזור יהודה ושומרון,77,חברון,,,חסר מעמד מוניציפלי,0,,,,,,2023,ללא שיוך לאשכול
1999,השומרון,,,7,אזור יהודה ושומרון,71,ג'נין,,,חסר מעמד מוניציפלי,0,,2235665137,,,,2023,ללא שיוך לאשכול
2002,תנובות,Tenuvot,TENUVOT,4,המרכז,41,השרון,411,18,מועצה אזורית לב השרון,941,1952.0,196684690228,40,412,15000060,2023,אשכול רשויות השרון
2003,תלמי אלעזר,Talme El'azar,TALME EL'AZAR,3,חיפה,32,חדרה,324,14,מועצה אזורית מנשה,918,1952.0,198109705718,27,351,10004261,2023,ללא שיוך לאשכול
2006,כנות,Kannot,KANNOT,6,הדרום,61,אשקלון,611,33,מועצה אזורית באר טוביה,113,1952.0,176624634447,69,616,10001821,2023,אשכול רשויות שורק דרומי
2008,שדה יצחק,Sede Yizhaq,SEDE YIZHAQ,3,חיפה,32,חדרה,324,14,מועצה אזורית מנשה,719,1952.0,199601701264,31,351,15002436,2023,ללא שיוך לאשכול
2009,יובל,Yuval,YUVAL,2,הצפון,21,צפת,211,55,מועצה אזורית מבואות החרמון,829,1952.0,256129794643,245,253,10004591,2023,אשכול רשויות גליל מזרחי
2010,כפר בן נון,Kefar Bin Nun,KEFAR BIN NUN,4,המרכז,43,רמלה,432,30,מועצה אזורית גזר,808,1952.0,195123641019,150,426,10002228,2023,ללא שיוך לאשכול
2011,ינון,Yinnon,YINNON,6,הדרום,61,אשקלון,611,33,מועצה אזורית באר טוביה,1229,1952.0,179378627851,66,616,10001821,2023,אשכול רשויות שורק דרומי
2012,אורות,Orot,OROT,6,הדרום,61,אשקלון,611,33,מועצה אזורית באר טוביה,547,1952.0,174927627827,50,616,10001821,2023,אשכול רשויות שורק דרומי
2013,בן שמן (מושב),Ben Shemen (Moshav),BEN SHEMEN (MOSHAV),4,המרכז,43,רמלה,432,25,מועצה אזורית חבל מודיעין,850,1952.0,192834651104,65,424,10002261,2023,ללא שיוך לאשכול
2014,גבעולים,Giv'olim,GIV'OLIM,6,הדרום,62,באר שבע,621,39,מועצה אזורית שדות נגב,525,1952.0,161163589598,120,651,10001930,2023,אשכול רשויות נגב מערבי
2015,שדי חמד,Sede Hemed,SEDE HEMED,4,המרכז,42,פתח תקווה,421,20,מועצה אזורית דרום השרון,1017,1952.0,194812674036,35,417,10002133,2023,אשכול רשויות השרון
2016,רוויה,Rewaya,REWAYA,2,הצפון,23,יזרעאל,231,7,מועצה אזורית עמק המעיינות,472,1952.0,244748706112,-109,202,10004568,2023,אשכול רשויות הכנרת והעמקים
2018,גבעת חיים (איחוד),Giv'at Hayyim (Ihud),GIV'AT HAYYIM (IHUD),4,המרכז,41,השרון,411,16,מועצה אזורית עמק חפר,1227,1932.0,193839700642,22,409,15000060,2023,ללא שיוך לאשכול
2021,אשל הנשיא,Eshel HaNasi,ESHEL HANASI,6,הדרום,62,באר שבע,622,42,מועצה אזורית מרחבים,153,1952.0,171200581686,192,651,10001893,2023,אשכול רשויות נגב מערבי
2023,להב,Lahav,LAHAV,6,הדרום,62,באר שבע,623,41,מועצה אזורית בני שמעון,675,1952.0,187514587545,455,625,10001937,2023,אשכול רשויות נגב מערבי
2024,אום אל-קוטוף,Umm Al-Qutuf,UMM AL-QUTUF,3,חיפה,32,חדרה,323,14,מועצה אזורית מנשה,1237,,205537708358,140,351,10004233,2023,ללא שיוך לאשכול
2026,ירדנה,Yardena,YARDENA,2,הצפון,23,יזרעאל,231,7,מועצה אזורית עמק המעיינות,516,1952.0,253286719060,-236,202,10004568,2023,אשכול רשויות הכנרת והעמקים
2029,מדרך עוז,Midrakh Oz,MIDRAKH OZ,2,הצפון,23,יזרעאל,234,13,מועצה אזורית מגידו,851,1952.0,215156722309,127,254,10004411,2023,אשכול רשויות הגליל והעמקים
2030,מנוחה,Menuha,MENUHA,6,הדרום,61,אשקלון,611,50,מועצה אזורית לכיש,781,1953.0,178866618444,102,634,10001813,2023,ללא שיוך לאשכול
2033,בית חלקיה,Bet Hilqiyya,BET HILQIYYA,4,המרכז,44,רחובות,441,31,מועצה אזורית נחל שורק,1298,1953.0,182257633353,66,456,15002488,2023,אשכול רשויות שורק דרומי
2034,חצור הגלילית,Hazor HaGelilit,HAZOR HAGELILIT,2,הצפון,21,צפת,213,99,מועצה מקומית,11062,1953.0,251189765405,430,259,10004540,2023,אשכול רשויות גליל מזרחי
2035,עדנים,Adanim,ADANIM,4,המרכז,42,פתח תקווה,421,20,מועצה אזורית דרום השרון,461,1950.0,191234671814,23,417,10002133,2023,אשכול רשויות השרון
2038,ברקת,Bareqet,BAREQET,4,המרכז,42,פתח תקווה,422,25,מועצה אזורית חבל מודיעין,2154,1952.0,194893658135,81,424,10002168,2023,ללא שיוך לאשכול
2039,קריית יערים (מוסד),Qiryat Ye'arim(Institute),QIRYAT YE'ARIM(INSTITUTE),1,ירושלים,11,ירושלים,111,26,מועצה אזורית מטה יהודה,94,1952.0,209957635433,715,151,10002475,2023,ללא שיוך לאשכול
2042,עין גדי,En Gedi,EN GEDI,6,הדרום,62,באר שבע,624,51,מועצה אזורית תמר,716,1953.0,236590595639,-303,656,10001911,2023,ללא שיוך לאשכול
2043,בחן,Bahan,BAHAN,4,המרכז,41,השרון,412,16,מועצה אזורית עמק חפר,1143,1953.0,202099695377,64,409,10002155,2023,ללא שיוך לאשכול
2044,מלילות,Melilot,MELILOT,6,הדרום,62,באר שבע,621,39,מועצה אזורית שדות נגב,546,1953.0,161510588786,112,651,10001930,2023,אשכול רשויות נגב מערבי
2045,נחלה,Nahala,NAHALA,6,הדרום,61,אשקלון,611,35,מועצה אזורית יואב,725,1953.0,180588618491,123,632,10001813,2023,אשכול רשויות שורק דרומי
2046,סגולה,Segulla,SEGULLA,6,הדרום,61,אשקלון,611,35,מועצה אזורית יואב,660,1953.0,179241619770,99,632,10001813,2023,אשכול רשויות שורק דרומי
2047,ניר משה,Nir Moshe,NIR MOSHE,6,הדרום,62,באר שבע,621,42,מועצה אזורית מרחבים,551,1953.0,164955598521,139,651,10001930,2023,אשכול רשויות נגב מערבי
2048,ניר עקיבא,Nir Aqiva,NIR AQIVA,6,הדרום,62,באר שבע,621,42,מועצה אזורית מרחבים,745,1953.0,166442597670,154,651,10001930,2023,אשכול רשויות נגב מערבי
2049,שדה צבי,Sede Zevi,SEDE ZEVI,6,הדרום,62,באר שבע,621,42,מועצה אזורית מרחבים,765,1953.0,172670595308,202,651,10001930,2023,אשכול רשויות נגב מערבי
2050,"תלמי ביל""ו",Talme Bilu,TALME BILU,6,הדרום,62,באר שבע,621,42,מועצה אזורית מרחבים,604,1953.0,166285594115,171,651,10001930,2023,אשכול רשויות נגב מערבי
2051,רווחה,Rewaha,REWAHA,6,הדרום,61,אשקלון,612,34,מועצה אזורית שפיר,670,1953.0,174776617537,84,631,10001813,2023,ללא שיוך לאשכול
2052,אביטל,Avital,AVITAL,2,הצפון,23,יזרעאל,234,8,מועצה אזורית הגלבוע,628,1953.0,229099718146,73,204,10004394,2023,אשכול רשויות הגליל והעמקים
2053,פרזון,Perazon,PERAZON,2,הצפון,23,יזרעאל,234,8,מועצה אזורית הגלבוע,440,1953.0,229444716845,78,204,10004394,2023,אשכול רשויות הגליל והעמקים
2054,מיטב,Metav,METAV,2,הצפון,23,יזרעאל,234,8,מועצה אזורית הגלבוע,575,1954.0,228508716854,72,204,10004394,2023,אשכול רשויות הגליל והעמקים
2055,מאור,Ma'or,MA'OR,3,חיפה,32,חדרה,324,14,מועצה אזורית מנשה,1636,1953.0,200797703411,32,351,15002436,2023,ללא שיוך לאשכול
2057,שדי תרומות,Sede Terumot,SEDE TERUMOT,2,הצפון,23,יזרעאל,231,7,מועצה אזורית עמק המעיינות,600,1951.0,245923705201,-128,202,10004568,2023,אשכול רשויות הכנרת והעמקים
2059,"פעמי תש""ז",Pa'ame Tashaz,PA'AME TASHAZ,6,הדרום,62,באר שבע,621,42,מועצה אזורית מרחבים,696,1953.0,170817594241,179,651,10001930,2023,אשכול רשויות נגב מערבי
2060,ברוש,Berosh,BEROSH,6,הדרום,62,באר שבע,621,41,מועצה אזורית בני שמעון,570,1953.0,165093586660,129,625,10001893,2023,אשכול רשויות נגב מערבי
2061,תדהר,Tidhar,TIDHAR,6,הדרום,62,באר שבע,621,41,מועצה אזורית בני שמעון,773,1953.0,164560587625,115,625,10001893,2023,אשכול רשויות נגב מערבי
2062,תאשור,Te'ashur,TE'ASHUR,6,הדרום,62,באר שבע,621,41,מועצה אזורית בני שמעון,445,1953.0,166065586800,137,625,10001893,2023,אשכול רשויות נגב מערבי
2063,דישון,Dishon,DISHON,2,הצפון,21,צפת,212,55,מועצה אזורית מבואות החרמון,396,1953.0,248824776372,443,253,10004591,2023,אשכול רשויות גליל מזרחי
2064,זרועה,Zeru'a,ZERU'A,6,הדרום,62,באר שבע,621,39,מועצה אזורית שדות נגב,522,1953.0,164298596420,135,651,10001930,2023,אשכול רשויות נגב מערבי
2100,טירת כרמל,Tirat Karmel,TIRAT KARMEL,3,חיפה,31,חיפה,311,0,עירייה,31896,1949.0,197604740756,44,355,10004710,2023,אשכול רשויות המפרץ
2200,דימונה,Dimona,DIMONA,6,הדרום,62,באר שבע,626,0,עירייה,39230,1955.0,203387553207,453,607,10001918,2023,אשכול רשויות נגב מזרחי
2300,קריית טבעון,Qiryat Tiv'on,QIRYAT TIV'ON,3,חיפה,31,חיפה,311,99,מועצה מקומית,18697,1937.0,212083735636,103,306,10004207,2023,אשכול רשויות המפרץ
2400,אור יהודה,Or Yehuda,OR YEHUDA,5,תל אביב,52,תל אביב,512,0,עירייה,40143,1950.0,186342659652,29,510,10001516,2023,ללא שיוך לאשכול
2500,נשר,Nesher,NESHER,3,חיפה,31,חיפה,311,0,עירייה,22760,1925.0,204205741554,154,355,15005224,2023,אשכול רשויות המפרץ
2530,באר יעקב,Be'er Ya'aqov,BE'ER YA'AQOV,4,המרכז,43,רמלה,432,0,עירייה,34601,1907.0,184909649950,66,455,10002228,2023,ללא שיוך לאשכול
2550,גדרה,Gedera,GEDERA,4,המרכז,44,רחובות,441,99,מועצה מקומית,30685,1884.0,179285635559,57,431,15002488,2023,אשכול רשויות שורק דרומי
2560,ערד,Arad,ARAD,6,הדרום,62,באר שבע,623,0,עירייה,29323,1961.0,220364574137,488,610,10001911,2023,אשכול רשויות נגב מזרחי
2600,אילת,Elat,ELAT,6,הדרום,62,באר שבע,625,0,עירייה,57339,1951.0,194137385051,163,602,10001955,2023,ללא שיוך לאשכול
2610,בית שמש,Bet Shemesh,BET SHEMESH,1,ירושלים,11,ירושלים,112,0,עירייה,167318,1950.0,198975626616,302,102,10002507,2023,ללא שיוך לאשכול
2620,קריית אונו,Qiryat Ono,QIRYAT ONO,5,תל אביב,52,תל אביב,512,0,עירייה,43310,1939.0,186662663065,61,508,10001516,2023,ללא שיוך לאשכול
2630,קריית גת,Qiryat Gat,QIRYAT GAT,6,הדרום,61,אשקלון,612,0,עירייה,69762,1954.0,177866613288,128,606,10001813,2023,ללא שיוך לאשכול
2640,ראש העין,Rosh HaAyin,ROSH HAAYIN,4,המרכז,42,פתח תקווה,422,0,עירייה,77104,1950.0,196255666822,83,418,10002168,2023,ללא שיוך לאשכול
2650,רמת השרון,Ramat HaSharon,RAMAT HASHARON,5,תל אביב,51,תל אביב,511,0,עירייה,49002,1923.0,185199671833,39,553,10001605,2023,ללא שיוך לאשכול
2660,יבנה,Yavne,YAVNE,4,המרכז,44,רחובות,441,0,עירייה,57725,1949.0,175203642744,26,404,15002488,2023,ללא שיוך לאשכול
2710,אום אל-פחם,Umm al-Fahm,UMM AL-FAHM,3,חיפה,32,חדרה,323,0,עירייה,59319,,214505714034,309,354,10004249,2023,ללא שיוך לאשכול
2720,טירה,Tire,TIRE,4,המרכז,41,השרון,412,0,עירייה,27228,,195988682273,61,403,10004769,2023,אשכול רשויות השרון
2730,טייבה,Tayibe,TAYIBE,4,המרכז,41,השרון,412,0,עירייה,46194,,200810685697,64,402,10002155,2023,אשכול רשויות השרון
2742,זבארגה (שבט),Az-Zabarika,ZABARGA,6,הדרום,62,באר שבע,623,,חסר מעמד מוניציפלי,0,,203200571700,,699,,2023,ללא שיוך לאשכול
2800,קריית שמונה,Qiryat Shemona,QIRYAT SHEMONA,2,הצפון,21,צפת,211,0,עירייה,24254,1950.0,253933790871,207,217,10004591,2023,אשכול רשויות גליל מזרחי
3000,ירושלים,Jerusalem,JERUSALEM,1,ירושלים,11,ירושלים,111,0,עירייה,1028366,ותיק,220976632344,715,101,10002489,2023,ללא שיוך לאשכול
3488,כפר עציון,Kefar Ezyon,KEFAR EZYON,7,אזור יהודה ושומרון,76,בית לחם,,76,מועצה אזורית גוש עציון,1168,1967.0,211038617453,934,714,15000586,2023,ללא שיוך לאשכול
3555,נתיב הגדוד,Netiv HaGedud,NETIV HAGEDUD,7,אזור יהודה ושומרון,75,ירדן-יריחו,,75,מועצה אזורית ערבות הירדן,214,1976.0,242152655081,-221,712,10003299,2023,אשכול יהודה ושומרון
3556,אלמוג,Almog,ALMOG,7,אזור יהודה ושומרון,75,ירדן-יריחו,,74,מועצה אזורית מגילות ים המלח,306,1977.0,243781632942,-278,713,10003314,2023,אשכול יהודה ושומרון
3557,קדומים,Qedumim,QEDUMIM,7,אזור יהודה ושומרון,73,טול כרם,,99,מועצה מקומית,4539,1977.0,215343680643,417,721,15004488,2023,אשכול יהודה ושומרון
3558,תומר,Tomer,TOMER,7,אזור יהודה ושומרון,75,ירדן-יריחו,,75,מועצה אזורית ערבות הירדן,420,1978.0,241601658417,-228,712,10003299,2023,אשכול יהודה ושומרון
3560,אלקנה,Elqana,ELQANA,7,אזור יהודה ושומרון,73,טול כרם,,99,מועצה מקומית,4392,1977.0,203631668682,228,702,15004488,2023,אשכול יהודה ושומרון
3561,מגדל עוז,Migdal Oz,MIGDAL OZ,7,אזור יהודה ושומרון,76,בית לחם,,76,מועצה אזורית גוש עציון,575,1977.0,213595616417,938,714,15000586,2023,ללא שיוך לאשכול
3563,תקוע,Teqoa,TEQOA,7,אזור יהודה ושומרון,76,בית לחם,,76,מועצה אזורית גוש עציון,4688,1977.0,221894617533,646,714,15000586,2023,ללא שיוך לאשכול
3564,כוכב השחר,Kokhav HaShahar,KOKHAV HASHAHAR,7,אזור יהודה ושומרון,74,ראמאללה,,73,מועצה אזורית מטה בנימין,2754,1977.0,233146651874,574,711,10003299,2023,אשכול יהודה ושומרון
3565,רימונים,Rimmonim,RIMMONIM,7,אזור יהודה ושומרון,74,ראמאללה,,73,מועצה אזורית מטה בנימין,707,1977.0,232346648997,669,711,10003299,2023,אשכול יהודה ושומרון
3566,יפית,Yafit,YAFIT,7,אזור יהודה ושומרון,75,ירדן-יריחו,,75,מועצה אזורית ערבות הירדן,279,1980.0,244901663404,-243,712,10003299,2023,אשכול יהודה ושומרון
3567,סלעית,Sal'it,SAL'IT,7,אזור יהודה ושומרון,73,טול כרם,,72,מועצה אזורית שומרון,1437,1977.0,204958683214,248,710,15004488,2023,אשכול יהודה ושומרון
3568,ריחן,Rehan,REHAN,7,אזור יהודה ושומרון,71,ג'נין,,72,מועצה אזורית שומרון,499,1977.0,213042708238,363,710,15004488,2023,אשכול יהודה ושומרון
3569,מבוא דותן,Mevo Dotan,MEVO DOTAN,7,אזור יהודה ושומרון,71,ג'נין,,72,מועצה אזורית שומרון,683,1978.0,216662702986,314,710,15004488,2023,אשכול יהודה ושומרון
3570,אריאל,Ari'el,ARI'EL,7,אזור יהודה ושומרון,73,טול כרם,,0,עירייה,21841,1978.0,217856667882,520,701,15004488,2023,ללא שיוך לאשכול
3571,שבי שומרון,Shave Shomeron,SHAVE SHOMERON,7,אזור יהודה ושומרון,72,שכם,,72,מועצה אזורית שומרון,1110,1977.0,217639685552,335,710,15004488,2023,אשכול יהודה ושומרון
3572,כפר תפוח,Kefar Tappuah,KEFAR TAPPUAH,7,אזור יהודה ושומרון,73,טול כרם,,72,מועצה אזורית שומרון,1606,1978.0,223764669483,653,710,15004488,2023,אשכול יהודה ושומרון
3573,נווה צוף,Neve Tsuf,NEVE TSUF,7,אזור יהודה ושומרון,74,ראמאללה,,73,מועצה אזורית מטה בנימין,1439,1977.0,212117657033,557,711,10004054,2023,אשכול יהודה ושומרון
3574,בית אל,Bet El,BET EL,7,אזור יהודה ושומרון,74,ראמאללה,,99,מועצה מקומית,6040,1977.0,221211649865,853,722,10003299,2023,אשכול יהודה ושומרון
3575,בית חורון,Bet Horon,BET HORON,7,אזור יהודה ושומרון,74,ראמאללה,,73,מועצה אזורית מטה בנימין,1496,1977.0,212099642804,629,711,10004054,2023,אשכול יהודה ושומרון
3576,מצפה יריחו,Mizpe Yeriho,MIZPE YERIHO,7,אזור יהודה ושומרון,75,ירדן-יריחו,,73,מועצה אזורית מטה בנימין,2895,1978.0,237435635949,157,711,10003314,2023,אשכול יהודה ושומרון
3578,שדמות מחולה,Shadmot Mehola,SHADMOT MEHOLA,7,אזור יהודה ושומרון,75,ירדן-יריחו,,75,מועצה אזורית ערבות הירדן,731,1979.0,250441694843,-190,712,10003299,2023,אשכול יהודה ושומרון
3579,אלון מורה,Elon More,ELON MORE,7,אזור יהודה ושומרון,72,שכם,,72,מועצה אזורית שומרון,2161,1979.0,231496682306,662,710,15004488,2023,אשכול יהודה ושומרון
3598,ארגמן,Argaman,ARGAMAN,7,אזור יהודה ושומרון,75,ירדן-יריחו,,75,מועצה אזורית ערבות הירדן,160,1968.0,249518675505,-181,712,10003299,2023,אשכול יהודה ושומרון
3599,מחולה,Mehola,MEHOLA,7,אזור יהודה ושומרון,75,ירדן-יריחו,,75,מועצה אזורית ערבות הירדן,760,1968.0,248660696920,-177,712,10003299,2023,אשכול יהודה ושומרון
3601,קליה,Qalya,QALYA,7,אזור יהודה ושומרון,75,ירדן-יריחו,,74,מועצה אזורית מגילות ים המלח,550,1968.0,244344628653,-361,713,10003314,2023,אשכול יהודה ושומרון
3602,ראש צורים,Rosh Zurim,ROSH ZURIM,7,אזור יהודה ושומרון,76,בית לחם,,76,מועצה אזורית גוש עציון,1115,1969.0,211933619501,918,714,15000586,2023,ללא שיוך לאשכול
3603,הר גילה,Har Gillo,HAR GILLO,7,אזור יהודה ושומרון,76,בית לחם,,76,מועצה אזורית גוש עציון,1651,1972.0,216038625638,891,714,10002521,2023,ללא שיוך לאשכול
3604,אלון שבות,Allon Shevut,ALLON SHEVUT,7,אזור יהודה ושומרון,76,בית לחם,,76,מועצה אזורית גוש עציון,3267,1970.0,212026618052,953,714,15000586,2023,ללא שיוך לאשכול
3605,משואה,Massu'a,MASSU'A,7,אזור יהודה ושומרון,75,ירדן-יריחו,,75,מועצה אזורית ערבות הירדן,434,1970.0,246492668848,-251,712,10003299,2023,אשכול יהודה ושומרון
3606,גלגל,Gilgal,GILGAL,7,אזור יהודה ושומרון,75,ירדן-יריחו,,75,מועצה אזורית ערבות הירדן,209,1970.0,242368656288,-249,712,10003299,2023,אשכול יהודה ושומרון
3607,"ייט""ב",Yitav,YITAV,7,אזור יהודה ושומרון,75,ירדן-יריחו,,75,מועצה אזורית ערבות הירדן,199,1970.0,240174650518,-108,712,10003299,2023,אשכול יהודה ושומרון
3608,מעלה אפרים,Ma'ale Efrayim,MA'ALE EFRAYIM,7,אזור יהודה ושומרון,75,ירדן-יריחו,,99,מועצה מקומית,1695,1970.0,238300664237,178,707,10003299,2023,ללא שיוך לאשכול
3609,חמרה,Hamra,HAMRA,7,אזור יהודה ושומרון,75,ירדן-יריחו,,75,מועצה אזורית ערבות הירדן,271,1971.0,241290678378,-46,712,10003299,2023,אשכול יהודה ושומרון
3610,מצפה שלם,Mizpe Shalem,MIZPE SHALEM,7,אזור יהודה ושומרון,75,ירדן-יריחו,,74,מועצה אזורית מגילות ים המלח,279,1971.0,238095608392,-302,713,10003314,2023,אשכול יהודה ושומרון
3611,קריית ארבע,Qiryat Arba,QIRYAT ARBA,7,אזור יהודה ושומרון,77,חברון,,99,מועצה מקומית,7572,1972.0,211271604818,913,709,15003512,2023,אשכול יהודה ושומרון
3612,בקעות,Beqa'ot,BEQA'OT,7,אזור יהודה ושומרון,75,ירדן-יריחו,,75,מועצה אזורית ערבות הירדן,247,1972.0,242891683279,79,712,10003299,2023,אשכול יהודה ושומרון
3613,גיתית,Gittit,GITTIT,7,אזור יהודה ושומרון,75,ירדן-יריחו,,75,מועצה אזורית ערבות הירדן,567,1973.0,237596667649,300,712,10003299,2023,אשכול יהודה ושומרון
3614,מכורה,Mekhora,MEKHORA,7,אזור יהודה ושומרון,75,ירדן-יריחו,,75,מועצה אזורית ערבות הירדן,250,1973.0,240103674639,220,712,10003299,2023,אשכול יהודה ושומרון
3615,פצאל,Peza'el,PEZA'EL,7,אזור יהודה ושומרון,75,ירדן-יריחו,,75,מועצה אזורית ערבות הירדן,534,1975.0,241921661231,-235,712,10003299,2023,אשכול יהודה ושומרון
3616,מעלה אדומים,Ma'ale Adummim,MA'ALE ADUMMIM,7,אזור יהודה ושומרון,76,בית לחם,,0,עירייה,36680,1975.0,229199631963,330,706,10003314,2023,אשכול יהודה ושומרון
3617,עפרה,Ofra,OFRA,7,אזור יהודה ושומרון,74,ראמאללה,,73,מועצה אזורית מטה בנימין,3191,1975.0,224836651215,830,711,10003299,2023,אשכול יהודה ושומרון
3618,אלעזר,El'azar,EL'AZAR,7,אזור יהודה ושומרון,76,בית לחם,,76,מועצה אזורית גוש עציון,2567,1975.0,213468618749,926,714,15000586,2023,ללא שיוך לאשכול
3619,רועי,Ro'i,RO'I,7,אזור יהודה ושומרון,75,ירדן-יריחו,,75,מועצה אזורית ערבות הירדן,154,1976.0,246301683806,31,712,10003299,2023,אשכול יהודה ושומרון
3620,נערן,Na'aran,NA'ARAN,7,אזור יהודה ושומרון,75,ירדן-יריחו,,75,מועצה אזורית ערבות הירדן,146,1977.0,243165652774,-182,712,10003299,2023,אשכול יהודה ושומרון
3638,כפר אדומים,Kefar Adummim,KEFAR ADUMMIM,7,אזור יהודה ושומרון,74,ראמאללה,,73,מועצה אזורית מטה בנימין,5019,1979.0,232104637134,285,711,10003314,2023,אשכול יהודה ושומרון
3639,ורד יריחו,Wered Yeriho,WERED YERIHO,7,אזור יהודה ושומרון,75,ירדן-יריחו,,74,מועצה אזורית מגילות ים המלח,416,1980.0,241101637102,-158,713,10003314,2023,אשכול יהודה ושומרון
3640,קרני שומרון,Qarne Shomeron,QARNE SHOMERON,7,אזור יהודה ושומרון,73,טול כרם,,99,מועצה מקומית,10354,1978.0,208856675109,317,717,15004488,2023,אשכול יהודה ושומרון
3641,שילה,Shilo,SHILO,7,אזור יהודה ושומרון,74,ראמאללה,,73,מועצה אזורית מטה בנימין,5737,1979.0,228549662192,719,711,10003299,2023,אשכול יהודה ושומרון
3643,חיננית,Hinnanit,HINNANIT,7,אזור יהודה ושומרון,71,ג'נין,,72,מועצה אזורית שומרון,1705,1981.0,215978709701,395,710,15004488,2023,אשכול יהודה ושומרון
3644,גבעון החדשה,Giv'on HaHadasha,GIV'ON HAHADASHA,7,אזור יהודה ושומרון,74,ראמאללה,,73,מועצה אזורית מטה בנימין,1189,1980.0,215084639466,795,711,10002489,2023,אשכול יהודה ושומרון
3645,בית הערבה,Bet HaArava,BET HAARAVA,7,אזור יהודה ושומרון,75,ירדן-יריחו,,74,מועצה אזורית מגילות ים המלח,565,1980.0,245225635058,-301,713,10003314,2023,אשכול יהודה ושומרון
3646,חמדת,Hemdat,HEMDAT,7,אזור יהודה ושומרון,75,ירדן-יריחו,,75,מועצה אזורית ערבות הירדן,386,1980.0,249776684234,147,712,10003299,2023,אשכול יהודה ושומרון
3647,יקיר,Yaqir,YAQIR,7,אזור יהודה ושומרון,73,טול כרם,,72,מועצה אזורית שומרון,2719,1981.0,210719672848,384,710,15004488,2023,אשכול יהודה ושומרון
3648,מתתיהו,Mattityahu,MATTITYAHU,7,אזור יהודה ושומרון,74,ראמאללה,,73,מועצה אזורית מטה בנימין,1144,1981.0,203254648538,265,711,10004054,2023,אשכול יהודה ושומרון
3649,שקד,Shaqed,SHAQED,7,אזור יהודה ושומרון,71,ג'נין,,72,מועצה אזורית שומרון,1147,1981.0,216097708807,405,710,15004488,2023,אשכול יהודה ושומרון
3650,אפרת,Efrat,EFRAT,7,אזור יהודה ושומרון,76,בית לחם,,99,מועצה מקומית,12300,1980.0,215152619308,839,704,15000586,2023,ללא שיוך לאשכול
3651,מעלה מכמש,Ma'ale Mikhmas,MA'ALE MIKHMAS,7,אזור יהודה ושומרון,74,ראמאללה,,73,מועצה אזורית מטה בנימין,2131,1981.0,229275642878,587,711,10003299,2023,אשכול יהודה ושומרון
3652,בית אריה-עופרים,Bet Arye-Ofarim,BET ARYE-OFARIM,7,אזור יהודה ושומרון,74,ראמאללה,,99,מועצה מקומית,5516,1981.0,204860660002,295,719,10004054,2023,ללא שיוך לאשכול
3653,מעלה עמוס,Ma'ale Amos,MA'ALE AMOS,7,אזור יהודה ושומרון,76,בית לחם,,76,מועצה אזורית גוש עציון,1279,1981.0,221504611886,745,714,15000586,2023,ללא שיוך לאשכול
3654,ברקן,Barqan,BARQAN,7,אזור יהודה ושומרון,73,טול כרם,,72,מועצה אזורית שומרון,2169,1981.0,210148668352,441,710,15004488,2023,אשכול יהודה ושומרון
3655,"ניל""י",Nili,NILI,7,אזור יהודה ושומרון,74,ראמאללה,,73,מועצה אזורית מטה בנימין,2203,1981.0,204545652224,324,711,10004054,2023,אשכול יהודה ושומרון
3656,כרמל,Karmel,KARMEL,7,אזור יהודה ושומרון,77,חברון,,78,מועצה אזורית הר חברון,632,1981.0,217399593284,712,715,15003512,2023,אשכול יהודה ושומרון
3657,מעון,Ma'on,MA'ON,7,אזור יהודה ושומרון,77,חברון,,78,מועצה אזורית הר חברון,749,1981.0,215597591309,773,715,15003512,2023,אשכול יהודה ושומרון
3658,עטרת,Ateret,ATERET,7,אזור יהודה ושומרון,74,ראמאללה,,73,מועצה אזורית מטה בנימין,716,1981.0,216870656395,696,711,10003299,2023,אשכול יהודה ושומרון
3659,פסגות,Pesagot,PESAGOT,7,אזור יהודה ושומרון,74,ראמאללה,,73,מועצה אזורית מטה בנימין,2208,1981.0,221397645086,850,711,10003299,2023,אשכול יהודה ושומרון
3660,עמנואל,Immanu'el,IMMANU'EL,7,אזור יהודה ושומרון,73,טול כרם,,99,מועצה מקומית,5451,1983.0,213225674333,363,708,15004488,2023,אשכול יהודה ושומרון
3709,מבוא חורון,Mevo Horon,MEVO HORON,7,אזור יהודה ושומרון,74,ראמאללה,,73,מועצה אזורית מטה בנימין,2590,1970.0,203456639605,243,711,10004054,2023,אשכול יהודה ושומרון
3710,ברכה,Berakha,BERAKHA,7,אזור יהודה ושומרון,72,שכם,,72,מועצה אזורית שומרון,3394,1983.0,225190677708,847,710,15004488,2023,אשכול יהודה ושומרון
3712,ענב,Enav,ENAV,7,אזור יהודה ושומרון,73,טול כרם,,72,מועצה אזורית שומרון,1172,1981.0,212060687841,291,710,15004488,2023,אשכול יהודה ושומרון
3713,"נעמ""ה",Na'ama,NA'AMA,7,אזור יהודה ושומרון,75,ירדן-יריחו,,75,מועצה אזורית ערבות הירדן,311,1982.0,244368646004,-194,712,10003299,2023,אשכול יהודה ושומרון
3715,עלמון,Almon,ALMON,7,אזור יהודה ושומרון,74,ראמאללה,,73,מועצה אזורית מטה בנימין,1513,1982.0,227995637454,515,711,10003314,2023,אשכול יהודה ושומרון
3717,חרמש,Hermesh,HERMESH,7,אזור יהודה ושומרון,71,ג'נין,,72,מועצה אזורית שומרון,284,1982.0,211418703272,239,710,15004488,2023,אשכול יהודה ושומרון
3719,תלם,Telem,TELEM,7,אזור יהודה ושומרון,77,חברון,,78,מועצה אזורית הר חברון,581,1982.0,203046607897,674,715,15003512,2023,אשכול יהודה ושומרון
3722,אשכולות,Eshkolot,ESHKOLOT,7,אזור יהודה ושומרון,77,חברון,,78,מועצה אזורית הר חברון,635,1982.0,190756588870,566,715,15003512,2023,אשכול יהודה ושומרון
3723,פני חבר,Pene Hever,PENE HEVER,7,אזור יהודה ושומרון,77,חברון,,78,מועצה אזורית הר חברון,622,1982.0,215753599332,792,715,15003512,2023,אשכול יהודה ושומרון
3724,נגוהות,Negohot,NEGOHOT,7,אזור יהודה ושומרון,77,חברון,,78,מועצה אזורית הר חברון,534,1999.0,198460600131,674,715,15003512,2023,אשכול יהודה ושומרון
3725,נווה דניאל,Newe Daniyyel,NEWE DANIYYEL,7,אזור יהודה ושומרון,76,בית לחם,,76,מועצה אזורית גוש עציון,2433,1982.0,213671620613,949,714,15000586,2023,ללא שיוך לאשכול
3726,נוקדים,Noqedim,NOQEDIM,7,אזור יהודה ושומרון,76,בית לחם,,76,מועצה אזורית גוש עציון,3327,1982.0,223612617415,570,714,15000586,2023,ללא שיוך לאשכול
3727,עלי זהב,Ale Zahav,ALE ZAHAV,7,אזור יהודה ושומרון,73,טול כרם,,72,מועצה אזורית שומרון,5253,1982.0,205627664130,350,710,15004488,2023,אשכול יהודה ושומרון
3730,גבעת זאב,Giv'at Ze'ev,GIV'AT ZE'EV,7,אזור יהודה ושומרון,74,ראמאללה,,99,מועצה מקומית,24193,1983.0,215911640344,732,705,10002489,2023,אשכול יהודה ושומרון
3743,טנא,Tene,TENE,7,אזור יהודה ושומרון,77,חברון,,78,מועצה אזורית הר חברון,1094,1983.0,195883587003,554,715,15003512,2023,אשכול יהודה ושומרון
3744,ברוכין,Brukhin,BRUKHIN,7,אזור יהודה ושומרון,73,טול כרם,,72,מועצה אזורית שומרון,2793,2012.0,208695665360,382,710,15004488,2023,אשכול יהודה ושומרון
3745,מצדות יהודה,Mezadot Yehuda,MEZADOT YEHUDA,7,אזור יהודה ושומרון,77,חברון,,78,מועצה אזורית הר חברון,796,1983.0,210719585872,873,715,15003512,2023,אשכול יהודה ושומרון
3746,קריית נטפים,Qiryat Netafim,QIRYAT NETAFIM,7,אזור יהודה ושומרון,73,טול כרם,,72,מועצה אזורית שומרון,880,1983.0,210794669260,431,710,15004488,2023,אשכול יהודה ושומרון
3747,דולב,Dolev,DOLEV,7,אזור יהודה ושומרון,74,ראמאללה,,73,מועצה אזורית מטה בנימין,1598,1983.0,212719648166,557,711,10004054,2023,אשכול יהודה ושומרון
3748,עתניאל,Otni'el,OTNI'EL,7,אזור יהודה ושומרון,77,חברון,,78,מועצה אזורית הר חברון,1016,1983.0,202798594163,699,715,15003512,2023,אשכול יהודה ושומרון
3749,יצהר,Yizhar,YIZHAR,7,אזור יהודה ושומרון,72,שכם,,72,מועצה אזורית שומרון,2304,1983.0,222571674953,760,710,15004488,2023,אשכול יהודה ושומרון
3750,אלפי מנשה,Alfe Menashe,ALFE MENASHE,7,אזור יהודה ושומרון,73,טול כרם,,99,מועצה מקומית,8126,1983.0,201453675588,185,703,15004488,2023,אשכול יהודה ושומרון
3751,מגדלים,Migdalim,MIGDALIM,7,אזור יהודה ושומרון,72,שכם,,72,מועצה אזורית שומרון,700,1983.0,232484666373,774,710,15004488,2023,אשכול יהודה ושומרון
3752,מעלה לבונה,Ma'ale Levona,MA'ALE LEVONA,7,אזור יהודה ושומרון,74,ראמאללה,,73,מועצה אזורית מטה בנימין,967,1983.0,222823662406,736,711,10003299,2023,אשכול יהודה ושומרון
3754,אספר,Asfar,ASFAR,7,אזור יהודה ושומרון,77,חברון,,76,מועצה אזורית גוש עציון,1362,1983.0,217840610415,927,714,15000586,2023,ללא שיוך לאשכול
3756,סוסיה,Suseya,SUSEYA,7,אזור יהודה ושומרון,77,חברון,,78,מועצה אזורית הר חברון,1567,1983.0,210809588916,798,715,15003512,2023,אשכול יהודה ושומרון
3759,אדורה,Adora,ADORA,7,אזור יהודה ושומרון,77,חברון,,78,מועצה אזורית הר חברון,534,1984.0,201758606677,639,715,15003512,2023,אשכול יהודה ושומרון
3760,אורנית,Oranit,ORANIT,7,אזור יהודה ושומרון,73,טול כרם,,99,מועצה מקומית,10055,1985.0,199541670871,125,718,15004488,2023,אשכול יהודה ושומרון
3762,איתמר,Itamar,ITAMAR,7,אזור יהודה ושומרון,72,שכם,,72,מועצה אזורית שומרון,1670,1984.0,229214675568,613,710,15004488,2023,אשכול יהודה ושומרון
3763,גבע בנימין,Geva Binyamin,GEVA BINYAMIN,7,אזור יהודה ושומרון,74,ראמאללה,,73,מועצה אזורית מטה בנימין,5827,1984.0,226213639674,571,711,10003299,2023,אשכול יהודה ושומרון
3764,חגי,Haggay,HAGGAY,7,אזור יהודה ושומרון,77,חברון,,78,מועצה אזורית הר חברון,863,1984.0,207619600110,854,715,15003512,2023,אשכול יהודה ושומרון
3765,עלי,Eli,ELI,7,אזור יהודה ושומרון,72,שכם,,73,מועצה אזורית מטה בנימין,4746,1984.0,225364664359,705,711,10003299,2023,אשכול יהודה ושומרון
3766,כרמי צור,Karme Zur,KARME ZUR,7,אזור יהודה ושומרון,77,חברון,,76,מועצה אזורית גוש עציון,1003,1984.0,209583612947,936,714,15000586,2023,ללא שיוך לאשכול
3767,נחליאל,Nahali'el,NAHALI'EL,7,אזור יהודה ושומרון,74,ראמאללה,,73,מועצה אזורית מטה בנימין,724,1984.0,213299653480,557,711,10004054,2023,אשכול יהודה ושומרון
3768,פדואל,Pedu'el,PEDU'EL,7,אזור יהודה ושומרון,73,טול כרם,,72,מועצה אזורית שומרון,2214,1984.0,205113663231,370,710,15004488,2023,אשכול יהודה ושומרון
3769,הר אדר,Har Adar,HAR ADAR,7,אזור יהודה ושומרון,74,ראמאללה,,99,מועצה מקומית,4389,1986.0,212327637113,825,720,10002475,2023,אשכול יהודה ושומרון
3770,חשמונאים,Hashmona'im,HASHMONA'IM,7,אזור יהודה ושומרון,74,ראמאללה,,73,מועצה אזורית מטה בנימין,3122,1985.0,202368648728,252,711,10004054,2023,אשכול יהודה ושומרון
3777,סנסנה,Sansana,SANSANA,7,אזור יהודה ושומרון,77,חברון,,78,מועצה אזורית הר חברון,842,2013.0,190691585676,522,715,10001937,2023,אשכול יהודה ושומרון
3779,כוכב יעקב,Kokhav Ya'aqov,KOKHAV YA'AQOV,7,אזור יהודה ושומרון,74,ראמאללה,,73,מועצה אזורית מטה בנימין,3763,1985.0,223421643009,747,711,10003299,2023,אשכול יהודה ושומרון
3780,ביתר עילית,Betar Illit,BETAR ILLIT,7,אזור יהודה ושומרון,76,בית לחם,,0,עירייה,69281,1985.0,210740622482,702,716,15000586,2023,ללא שיוך לאשכול
3781,קדר,Qedar,QEDAR,7,אזור יהודה ושומרון,76,בית לחם,,76,מועצה אזורית גוש עציון,1535,1985.0,229386628934,449,714,10003314,2023,ללא שיוך לאשכול
3782,רותם,Rotem,ROTEM,7,אזור יהודה ושומרון,75,ירדן-יריחו,,75,מועצה אזורית ערבות הירדן,311,1983.0,249081693730,-66,712,10003299,2023,אשכול יהודה ושומרון
3784,שמעה,Shim'a,SHIM'A,7,אזור יהודה ושומרון,77,חברון,,78,מועצה אזורית הר חברון,1015,1985.0,201225588444,608,715,15003512,2023,אשכול יהודה ושומרון
3785,משכיות,Maskiyyot,MASKIYYOT,7,אזור יהודה ושומרון,75,ירדן-יריחו,,75,מועצה אזורית ערבות הירדן,389,1986.0,247650691591,-46,712,10003299,2023,אשכול יהודה ושומרון
3786,אבנת,Avenat,AVENAT,7,אזור יהודה ושומרון,75,ירדן-יריחו,,74,מועצה אזורית מגילות ים המלח,271,1983.0,241473620687,-352,713,10003314,2023,אשכול יהודה ושומרון
3787,נעלה,Na'ale,NA'ALE,7,אזור יהודה ושומרון,74,ראמאללה,,73,מועצה אזורית מטה בנימין,2834,1988.0,206140652254,395,711,10004054,2023,אשכול יהודה ושומרון
3788,טלמון,Talmon,TALMON,7,אזור יהודה ושומרון,74,ראמאללה,,73,מועצה אזורית מטה בנימין,5915,1989.0,212819649535,561,711,10004054,2023,אשכול יהודה ושומרון
3790,נופים,Nofim,NOFIM,7,אזור יהודה ושומרון,73,טול כרם,,72,מועצה אזורית שומרון,1392,1987.0,209764673515,387,710,15004488,2023,אשכול יהודה ושומרון
3791,צופים,Zufim,ZUFIM,7,אזור יהודה ושומרון,73,טול כרם,,72,מועצה אזורית שומרון,2568,1989.0,201149678366,154,710,15004488,2023,אשכול יהודה ושומרון
3793,אבני חפץ,Avne Hefez,AVNE HEFEZ,7,אזור יהודה ושומרון,73,טול כרם,,72,מועצה אזורית שומרון,2454,1990.0,207071687954,204,710,15004488,2023,אשכול יהודה ושומרון
3794,בת עין,Bat Ayin,BAT AYIN,7,אזור יהודה ושומרון,76,בית לחם,,76,מועצה אזורית גוש עציון,1869,1989.0,209641618424,805,714,15000586,2023,ללא שיוך לאשכול
3795,רבבה,Revava,REVAVA,7,אזור יהודה ושומרון,72,שכם,,72,מועצה אזורית שומרון,3195,1991.0,212275669485,423,710,15004488,2023,אשכול יהודה ושומרון
3796,כפר האורנים,Kefar HaOranim,KEFAR HAORANIM,7,אזור יהודה ושומרון,74,ראמאללה,,73,מועצה אזורית מטה בנימין,2342,1998.0,203623647427,299,711,10004054,2023,אשכול יהודה ושומרון
3797,מודיעין עילית,Modi'in Illit,MODI'IN ILLIT,7,אזור יהודה ושומרון,74,ראמאללה,,0,עירייה,87486,1996.0,204275648787,294,730,10004054,2023,אשכול יהודה ושומרון
3815,תל ציון,Tel Tsiyon,TEL TSIYON,7,אזור יהודה ושומרון,74,ראמאללה,,73,מועצה אזורית מטה בנימין,6692,2023.0,222687642963,,711,10003299,2023,אשכול יהודה ושומרון
3822,רחלים,Rehelim,REHELIM,7,אזור יהודה ושומרון,72,שכם,,72,מועצה אזורית שומרון,1189,2013.0,224415667675,554,710,15004488,2023,אשכול יהודה ושומרון
3823,גני מודיעין,Ganne Modi'in,GANNE MODI'IN,7,אזור יהודה ושומרון,74,ראמאללה,,73,מועצה אזורית מטה בנימין,3239,1996.0,201756648472,236,711,10004054,2023,אשכול יהודה ושומרון
3824,עמיחי,Ammihay,AMMIHAY,7,אזור יהודה ושומרון,74,ראמאללה,,73,מועצה אזורית מטה בנימין,368,2018.0,231080661373,754,711,10003299,2023,אשכול יהודה ושומרון
3825,מבואות יריחו,Mevo'ot Yeriho,MEVO'OT YERIHO,7,אזור יהודה ושומרון,75,ירדן-יריחו,,75,מועצה אזורית ערבות הירדן,538,2019.0,239669645897,-104,712,10003299,2023,אשכול יהודה ושומרון
3826,שער שומרון,Sha'ar Shomron,SHA'AR SHOMRON,7,אזור יהודה ושומרון,73,טול כרם,,99,מועצה מקומית,8839,2022.0,203164669834,195,710,15004488,2023,אשכול יהודה ושומרון
4000,חיפה,Haifa,HAIFA,3,חיפה,31,חיפה,311,0,עירייה,298312,ותיק,201177745467,96,304,10004171,2023,ללא שיוך לאשכול
4001,בוקעאתא,Buq'ata,BUQ'ATA,2,הצפון,29,גולן,292,99,מועצה מקומית,6835,,273000789725,1096,256,10004579,2023,אשכול רשויות גליל מזרחי
4002,אלי-עד,Eli-Ad,ELI-AD,2,הצפון,29,גולן,294,71,מועצה אזורית גולן,602,1968.0,269140745726,367,224,10004579,2023,אשכול רשויות גליל מזרחי
4003,אל -רום,El-Rom,EL-ROM,2,הצפון,29,גולן,292,71,מועצה אזורית גולן,552,1971.0,272320787405,1049,224,10004579,2023,אשכול רשויות גליל מזרחי
4004,כפר חרוב,Kefar Haruv,KEFAR HARUV,2,הצפון,29,גולן,294,71,מועצה אזורית גולן,528,1974.0,262456740996,310,224,10004579,2023,אשכול רשויות גליל מזרחי
4005,חספין,Haspin,HASPIN,2,הצפון,29,גולן,294,71,מועצה אזורית גולן,1965,1973.0,274674750221,419,224,10004579,2023,אשכול רשויות גליל מזרחי
4006,קשת,Qeshet,QESHET,2,הצפון,29,גולן,292,71,מועצה אזורית גולן,947,1974.0,275919765142,702,224,10004579,2023,אשכול רשויות גליל מזרחי
4007,יונתן,Yonatan,YONATAN,2,הצפון,29,גולן,293,71,מועצה אזורית גולן,865,1976.0,274628760495,550,224,10004579,2023,אשכול רשויות גליל מזרחי
4008,מעלה גמלא,Ma'ale Gamla,MA'ALE GAMLA,2,הצפון,29,גולן,293,71,מועצה אזורית גולן,655,1976.0,264347755050,113,224,10004579,2023,אשכול רשויות גליל מזרחי
4009,שעל,Sha'al,SHA'AL,2,הצפון,29,גולן,292,71,מועצה אזורית גולן,437,1976.0,267403780250,785,224,10004579,2023,אשכול רשויות גליל מזרחי
4010,אודם,Odem,ODEM,2,הצפון,29,גולן,292,71,מועצה אזורית גולן,292,1976.0,270283788804,1051,224,10004579,2023,אשכול רשויות גליל מזרחי
4011,אבני איתן,Avne Etan,AVNE ETAN,2,הצפון,29,גולן,294,71,מועצה אזורית גולן,1022,1978.0,271966747749,381,224,10004579,2023,אשכול רשויות גליל מזרחי
4012,אניעם,Ani'am,ANI'AM,2,הצפון,29,גולן,293,71,מועצה אזורית גולן,497,1978.0,269544762605,426,224,10004579,2023,אשכול רשויות גליל מזרחי
4013,אורטל,Ortal,ORTAL,2,הצפון,29,גולן,292,71,מועצה אזורית גולן,370,1978.0,271203776993,885,224,10004579,2023,אשכול רשויות גליל מזרחי
4014,נטור,Natur,NATUR,2,הצפון,29,גולן,294,71,מועצה אזורית גולן,787,1980.0,270818751063,411,224,10004579,2023,אשכול רשויות גליל מזרחי
4015,בני יהודה,Bene Yehuda,BENE YEHUDA,2,הצפון,29,גולן,294,71,מועצה אזורית גולן,1269,1972.0,264881744942,344,224,10004579,2023,אשכול רשויות גליל מזרחי
4017,אלוני הבשן,Allone HaBashan,ALLONE HABASHAN,2,הצפון,29,גולן,292,71,מועצה אזורית גולן,509,1981.0,278700772244,957,224,10004579,2023,אשכול רשויות גליל מזרחי
4019,מיצר,Mezar,MEZAR,2,הצפון,29,גולן,294,71,מועצה אזורית גולן,354,1981.0,269260741509,359,224,10004579,2023,אשכול רשויות גליל מזרחי
4021,גבעת יואב,Giv'at Yo'av,GIV'AT YO'AV,2,הצפון,29,גולן,294,71,מועצה אזורית גולן,766,1968.0,264160745031,311,224,10004579,2023,אשכול רשויות גליל מזרחי
4022,גשור,Geshur,GESHUR,2,הצפון,29,גולן,294,71,מועצה אזורית גולן,326,1971.0,267455747240,347,224,10004579,2023,אשכול רשויות גליל מזרחי
4024,קלע,Qela,QELA,2,הצפון,29,גולן,292,71,מועצה אזורית גולן,410,1984.0,264203781926,623,224,10004579,2023,אשכול רשויות גליל מזרחי
4025,קדמת צבי,Qidmat Zevi,QIDMAT ZEVI,2,הצפון,29,גולן,293,71,מועצה אזורית גולן,689,1985.0,265535770650,475,224,10004579,2023,אשכול רשויות גליל מזרחי
4026,חד-נס,Had-Nes,HAD-NES,2,הצפון,29,גולן,293,71,מועצה אזורית גולן,918,1989.0,260416759249,-7,224,10004579,2023,אשכול רשויות גליל מזרחי
4028,כנף,Kanaf,KANAF,2,הצפון,29,גולן,293,71,מועצה אזורית גולן,513,1991.0,265828752866,294,224,10004579,2023,אשכול רשויות גליל מזרחי
4029,רמת הנשיא טראמפ,President Trump Heights,PRESIDENT TRUMP HEIGHTS,2,הצפון,29,גולן,292,71,מועצה אזורית גולן,102,2022.0,264828781989,662,224,10004579,2023,אשכול רשויות גליל מזרחי
4035,נמרוד,Nimrod,NIMROD,2,הצפון,29,גולן,291,71,מועצה אזורית גולן,0,,270458794604,1095,224,10004579,2023,אשכול רשויות גליל מזרחי
4100,קצרין,Qazrin,QAZRIN,2,הצפון,29,גולן,293,99,מועצה מקומית,8042,1977.0,264540766483,332,220,10004579,2023,אשכול רשויות גליל מזרחי
4101,מרום גולן,Merom Golan,MEROM GOLAN,2,הצפון,29,גולן,292,71,מועצה אזורית גולן,802,1967.0,272775782124,977,224,10004579,2023,אשכול רשויות גליל מזרחי
4201,מג'דל שמס,Majdal Shams,MAJDAL SHAMS,2,הצפון,29,גולן,291,99,מועצה מקומית,11235,,272174796593,1232,256,10004579,2023,אשכול רשויות גליל מזרחי
4203,מסעדה,Mas'ade,MAS'ADE,2,הצפון,29,גולן,292,99,מועצה מקומית,4161,,270929792974,1035,256,10004579,2023,אשכול רשויות גליל מזרחי
4204,מבוא חמה,Mevo Hamma,MEVO HAMMA,2,הצפון,29,גולן,294,71,מועצה אזורית גולן,534,1968.0,261724738212,347,224,10004579,2023,אשכול רשויות גליל מזרחי
4301,אפיק,Afiq,AFIQ,2,הצפון,29,גולן,294,71,מועצה אזורית גולן,394,1967.0,265987742739,339,224,10004579,2023,אשכול רשויות גליל מזרחי
4303,"נווה אטי""ב",Newe Ativ,NEWE ATIV,2,הצפון,29,גולן,291,71,מועצה אזורית גולן,227,1972.0,269515796427,978,224,10004579,2023,אשכול רשויות גליל מזרחי
4304,נוב,Nov,NOV,2,הצפון,29,גולן,294,71,מועצה אזורית גולן,1186,1973.0,273595748817,408,224,10004579,2023,אשכול רשויות גליל מזרחי
4501,ע'ג'ר,Ghajar,GHAJAR,2,הצפון,29,גולן,292,99,מועצה מקומית,2700,,258490797316,282,256,10004591,2023,אשכול רשויות גליל מזרחי
4502,עין קנייא,Ein Qiniyye,EIN QINIYYE,2,הצפון,29,גולן,291,99,מועצה מקומית,2438,,268585793634,801,256,10004579,2023,אשכול רשויות גליל מזרחי
4503,עין זיוון,En Ziwan,EN ZIWAN,2,הצפון,29,גולן,292,71,מועצה אזורית גולן,541,1968.0,274683778070,962,224,10004579,2023,אשכול רשויות גליל מזרחי
4551,נאות גולן,Ne'ot Golan,NE'OT GOLAN,2,הצפון,29,גולן,294,71,מועצה אזורית גולן,744,1967.0,265047743635,312,224,10004579,2023,אשכול רשויות גליל מזרחי
4701,רמת מגשימים,Ramat Magshimim,RAMAT MAGSHIMIM,2,הצפון,29,גולן,294,71,מועצה אזורית גולן,821,1968.0,275955750162,429,224,10004579,2023,אשכול רשויות גליל מזרחי
4702,רמות,Ramot,RAMOT,2,הצפון,29,גולן,293,71,מועצה אזורית גולן,835,1970.0,262729750638,-9,224,10004579,2023,אשכול רשויות גליל מזרחי
5000,תל אביב -יפו,Tel Aviv - Yafo,TEL AVIV - YAFO,5,תל אביב,51,תל אביב,511,0,עירייה,495230,1909.0,180263664864,17,507,10001579,2023,ללא שיוך לאשכול
6000,באקה אל-גרביה,Baqa Al-Gharbiyye,BAQA AL-GHARBIYYE,3,חיפה,32,חדרה,324,0,עירייה,30750,,204130702898,68,354,15002436,2023,ללא שיוך לאשכול
6100,בני ברק,Bene Beraq,BENE BERAQ,5,תל אביב,52,תל אביב,512,0,עירייה,223785,1924.0,184558665992,26,501,15003979,2023,ללא שיוך לאשכול
6200,בת ים,Bat Yam,BAT YAM,5,תל אביב,53,תל אביב,513,0,עירייה,131099,1926.0,176515658597,22,502,15005711,2023,ללא שיוך לאשכול
6300,גבעתיים,Giv'atayim,GIV'ATAYIM,5,תל אביב,52,תל אביב,512,0,עירייה,58557,1922.0,182209664303,43,503,10001533,2023,ללא שיוך לאשכול
6400,הרצלייה,Herzliyya,HERZLIYYA,5,תל אביב,51,תל אביב,511,0,עירייה,108650,1924.0,184417675211,38,504,10001605,2023,ללא שיוך לאשכול
6500,חדרה,Hadera,HADERA,3,חיפה,32,חדרה,324,0,עירייה,106765,1890.0,192540704671,19,302,10004261,2023,ללא שיוך לאשכול
6600,חולון,Holon,HOLON,5,תל אביב,53,תל אביב,513,0,עירייה,192980,1940.0,179253658225,33,505,15005645,2023,ללא שיוך לאשכול
6700,טבריה,Tiberias,TIBERIAS,2,הצפון,22,כנרת,221,0,עירייה,51476,ותיק,249372743703,8,207,10004552,2023,אשכול רשויות הכנרת והעמקים
6800,קריית אתא,Qiryat Atta,QIRYAT ATTA,3,חיפה,31,חיפה,311,0,עירייה,62134,1925.0,210490745508,31,305,10004207,2023,אשכול רשויות המפרץ
6900,כפר סבא,Kefar Sava,KEFAR SAVA,4,המרכז,42,פתח תקווה,421,0,עירייה,100013,1903.0,191952676448,52,405,10002133,2023,אשכול רשויות השרון
7000,לוד,Lod,LOD,4,המרכז,43,רמלה,432,0,עירייה,90814,1948.0,189574650930,55,406,10002261,2023,ללא שיוך לאשכול
7100,אשקלון,Ashqelon,ASHQELON,6,הדרום,61,אשקלון,614,0,עירייה,161744,1948.0,159680619930,36,604,10001805,2023,ללא שיוך לאשכול
7200,נס ציונה,Nes Ziyyona,NES ZIYYONA,4,המרכז,44,רחובות,442,0,עירייה,47534,1883.0,181004648219,39,407,10002241,2023,ללא שיוך לאשכול
7300,נצרת,Nazareth,NAZARETH,2,הצפון,25,יזרעאל,237,0,עירייה,77208,,227906734177,347,211,10004426,2023,אשכול רשויות הגליל והעמקים
7400,נתניה,Netanya,NETANYA,4,המרכז,41,השרון,411,0,עירייה,233485,1929.0,187251691401,28,408,10002089,2023,ללא שיוך לאשכול
7500,סח'נין,Sakhnin,SAKHNIN,2,הצפון,24,עכו,241,0,עירייה,33201,,228323752208,231,262,10004513,2023,ללא שיוך לאשכול
7600,עכו,Akko,AKKO,2,הצפון,24,עכו,246,0,עירייה,53422,1948.0,208244759287,8,213,10004315,2023,אשכול רשויות גליל מערבי
7700,עפולה,Afula,AFULA,2,הצפון,23,יזרעאל,234,0,עירייה,64578,1925.0,228615724737,144,215,10004394,2023,אשכול רשויות הגליל והעמקים
7800,פרדס חנה-כרכור,Pardes Hanna-Karkur,PARDES HANNA-KARKUR,3,חיפה,32,חדרה,324,99,מועצה מקומית,45712,1913.0,197945708805,48,308,10004333,2023,ללא שיוך לאשכול
7900,פתח תקווה,Petah Tiqwa,PETAH TIQWA,4,המרכז,42,פתח תקווה,422,0,עירייה,267196,1878.0,189423665794,31,410,10002116,2023,ללא שיוך לאשכול
8000,צפת,Zefat,ZEFAT,2,הצפון,21,צפת,212,0,עירייה,39179,ותיק,247586763284,604,216,10004528,2023,אשכול רשויות גליל מזרחי
8200,קריית מוצקין,Qiryat Motzkin,QIRYAT MOTZKIN,3,חיפה,31,חיפה,311,0,עירייה,51349,1934.0,207817749056,9,352,10004207,2023,אשכול רשויות המפרץ
8300,ראשון לציון,Rishon LeZiyyon,RISHON LEZIYYON,4,המרכז,44,רחובות,442,0,עירייה,258680,1882.0,181206652951,41,413,10002207,2023,ללא שיוך לאשכול
8400,רחובות,Rehovot,REHOVOT,4,המרכז,44,רחובות,441,0,עירייה,153416,1890.0,181940644377,51,414,10002241,2023,ללא שיוך לאשכול
8500,רמלה,Ramla,RAMLA,4,המרכז,43,רמלה,432,0,עירייה,84312,1948.0,187515648359,76,415,10002228,2023,ללא שיוך לאשכול
8600,רמת גן,Ramat Gan,RAMAT GAN,5,תל אביב,52,תל אביב,512,0,עירייה,167794,1921.0,183556664014,37,506,15003979,2023,ללא שיוך לאשכול
8700,רעננה,Ra'annana,RA'ANNANA,4,המרכז,42,פתח תקווה,421,0,עירייה,83145,1921.0,187919676951,48,416,10002133,2023,אשכול רשויות השרון
8800,שפרעם,Shefar'am,SHEFAR'AM,2,הצפון,24,עכו,241,0,עירייה,43408,,216407745736,137,261,10004497,2023,אשכול רשויות המפרץ
8900,טמרה,Tamra,TAMRA,2,הצפון,24,עכו,241,0,עירייה,36251,,218069751042,94,263,15002411,2023,אשכול רשויות המפרץ
9000,באר שבע,Be'er Sheva,BE'ER SHEVA,6,הדרום,62,באר שבע,623,0,עירייה,218995,1948.0,179500573657,291,605,10001900,2023,ללא שיוך לאשכול
9100,נהרייה,Nahariyya,NAHARIYYA,2,הצפון,24,עכו,245,0,עירייה,68316,1934.0,209478768157,24,210,10004302,2023,אשכול רשויות גליל מערבי
9200,בית שאן,Bet She'an,BET SHE'AN,2,הצפון,23,יזרעאל,231,0,עירייה,20249,1948.0,246953711239,-131,203,10004568,2023,אשכול רשויות הכנרת והעמקים
9300,זכרון יעקב,Zikhron Ya'aqov,ZIKHRON YA'AQOV,3,חיפה,32,חדרה,322,99,מועצה מקומית,24126,1882.0,195812719605,78,353,10004333,2023,אשכול רשויות מישור החוף
9400,יהוד-מונוסון,Yehud-Monoson,YEHUD-MONOSON,4,המרכז,42,פתח תקווה,422,0,עירייה,32071,1948.0,189413660044,40,411,10001516,2023,ללא שיוך לאשכול
9500,קריית ביאליק,Qiryat Bialik,QIRYAT BIALIK,3,חיפה,31,חיפה,311,0,עירייה,46417,1934.0,208750749302,12,352,10004207,2023,אשכול רשויות המפרץ
9600,קריית ים,Qiryat Yam,QIRYAT YAM,3,חיפה,31,חיפה,311,0,עירייה,42246,1941.0,207063750454,7,352,10004207,2023,אשכול רשויות המפרץ
9700,הוד השרון,Hod HaSharon,HOD HASHARON,4,המרכז,42,פתח תקווה,421,0,עירייה,65393,1924.0,190183673237,37,423,10002133,2023,אשכול רשויות השרון
9800,בנימינה-גבעת עדה,Binyamina-Giv'at Ada,BINYAMINA-GIV'AT ADA,3,חיפה,32,חדרה,324,99,מועצה מקומית,15408,1903.0,196683714176,36,353,10004333,2023,אשכול רשויות מישור החוף
