municipality_code,municipality_name,municipality_type,district_name,subdistrict_name,cluster,total_population,num_localities,localities
0,חסר מעמד מוניציפלי,חסר מעמד מוניציפלי,תל אביב,תל אביב,ללא שיוך לאשכול,1173,75,"[{""locality_code"": 22, ""locality_name_he"": ""מקווה ישראל"", ""locality_name_en"": ""Miqwe Yisra'el"", ""population"": 330}, {""locality_code"": 926, ""locality_name_he"": ""נווה אבות"", ""locality_name_en"": ""Newe Avot"", ""population"": 43}, {""locality_code"": 932, ""locality_name_he"": ""אבו עמרה (שבט)"", ""locality_name_en"": ""Abu 'Amra"", ""population"": 0}, {""locality_code"": 935, ""locality_name_he"": ""אבו סריחאן (שבט)"", ""locality_name_en"": ""Abu Surayhan"", ""population"": 0}, {""locality_code"": 939, ""locality_name_he"": ""מסעודין אל-עזאזמה (שבט)"", ""locality_name_en"": ""Mas'udin al 'Azazma"", ""population"": 0}, {""locality_code"": 956, ""locality_name_he"": ""הוזייל (שבט)"", ""locality_name_en"": ""Al-Huzayyil"", ""population"": 0}, {""locality_code"": 957, ""locality_name_he"": ""עוקבי (בנו עוקבה) (שבט)"", ""locality_name_en"": ""Al-'Ukbi"", ""population"": 0}, {""locality_code"": 958, ""locality_name_he"": ""אבו עבדון (שבט)"", ""locality_name_en"": ""Abu 'Abdun"", ""population"": 0}, {""locality_code"": 959, ""locality_name_he"": ""אפיניש (שבט)"", ""locality_name_en"": ""Afaynish"", ""population"": 0}, {""locality_code"": 960, ""locality_name_he"": ""אסד (שבט)"", ""locality_name_en"": ""Asad"", ""population"": 0}, {""locality_code"": 961, ""locality_name_he"": ""אבו רוקייק (שבט)"", ""locality_name_en"": ""Abu Rukayyek"", ""population"": 0}, {""locality_code"": 963, ""locality_name_he"": ""אעצם (שבט)"", ""locality_name_en"": ""A'sam"", ""population"": 0}, {""locality_code"": 964, ""locality_name_he"": ""קודייראת א-צאנע (שבט)"", ""locality_name_en"": ""Kudayrat as-Sani'"", ""population"": 0}, {""locality_code"": 965, ""locality_name_he"": ""אטרש (שבט)"", ""locality_name_en"": ""Atrash"", ""population"": 0}, {""locality_code"": 966, ""locality_name_he"": ""אבו רובייעה (שבט)"", ""locality_name_en"": ""Abu Rubay'a"", ""population"": 0}, {""locality_code"": 967, ""locality_name_he"": ""אבו ג'ווייעד (שבט)"", ""locality_name_en"": ""Abu Juway'ad"", ""population"": 0}, {""locality_code"": 968, ""locality_name_he"": ""אבו קורינאת (שבט)"", ""locality_name_en"": ""Abu Kuraynat"", ""population"": 0}, {""locality_code"": 969, ""locality_name_he"": ""עטאוונה (שבט)"", ""locality_name_en"": ""Al-'Atawina"", ""population"": 0}, {""locality_code"": 970, ""locality_name_he"": ""תראבין א-צאנע (שבט)"", ""locality_name_en"": ""Tarabin as-Sani'"", ""population"": 0}, {""locality_code"": 972, ""locality_name_he"": ""קוואעין (שבט)"", ""locality_name_en"": ""Kawa'in"", ""population"": 0}, {""locality_code"": 976, ""locality_name_he"": ""ג'נאביב (שבט)"", ""locality_name_en"": ""Janabib"", ""population"": 0}, {""locality_code"": 986, ""locality_name_he"": ""ח'ואלד (שבט)"", ""locality_name_en"": ""Khawalid / Al-Khawalid"", ""population"": 0}, {""locality_code"": 989, ""locality_name_he"": ""סואעד (כמאנה) (שבט)"", ""locality_name_en"": ""Sawa'id (Al-Kammana)"", ""population"": 0}, {""locality_code"": 1041, ""locality_name_he"": ""נצאצרה (שבט)"", ""locality_name_en"": ""An-Nasasira"", ""population"": 0}, {""locality_code"": 1042, ""locality_name_he"": ""אבו עמאר (שבט)"", ""locality_name_en"": ""Abu 'Ammar"", ""population"": 0}, {""locality_code"": 1169, ""locality_name_he"": ""הוואשלה (שבט)"", ""locality_name_en"": ""Al-Hawashila"", ""population"": 0}, {""locality_code"": 1170, ""locality_name_he"": ""סייד (שבט)"", ""locality_name_en"": ""Sayyid"", ""population"": 0}, {""locality_code"": 1196, ""locality_name_he"": ""מחנה יתיר"", ""locality_name_en"": ""Mahane Yattir"", ""population"": 332}, {""locality_code"": 1234, ""locality_name_he"": ""קבועה (שבט)"", ""locality_name_en"": ""Kabbu'a"", ""population"": 0}, {""locality_code"": 1287, ""locality_name_he"": ""שני"", ""locality_name_en"": ""Shani"", ""population"": 468}, {""locality_code"": 1748, ""locality_name_he"": ""נמל תעופה בן-גוריון"", ""locality_name_en"": """", ""population"": 0}, {""locality_code"": 1802, ""locality_name_he"": ""הרי יהודה של\""ש"", ""locality_name_en"": """", ""population"": 0}, {""locality_code"": 1804, ""locality_name_he"": ""שפלת יהודה של\""ש"", ""locality_name_en"": """", ""population"": 0}, {""locality_code"": 1808, ""locality_name_he"": ""עמק חולה של\""ש"", ""locality_name_en"": """", ""population"": 0}, {""locality_code"": 1812, ""locality_name_he"": ""גליל עליון מז של\""ש"", ""locality_name_en"": """", ""population"": 0}, {""locality_code"": 1815, ""locality_name_he"": ""אזור חצור של\""ש"", ""locality_name_en"": """", ""population"": 0}, {""locality_code"": 1818, ""locality_name_he"": ""אזור כנרות של\""ש"", ""locality_name_en"": """", ""population"": 0}, {""locality_code"": 1822, ""locality_name_he"": ""גליל תחתון מז של\""ש"", ""locality_name_en"": """", ""population"": 0}, {""locality_code"": 1823, ""locality_name_he"": ""הרי נצרת-תירען"", ""locality_name_en"": """", ""population"": 0}, {""locality_code"": 1825, ""locality_name_he"": ""עמק בית שאן של\""ש"", ""locality_name_en"": """", ""population"": 0}, {""locality_code"": 1827, ""locality_name_he"": ""עמק חרוד של\""ש"", ""locality_name_en"": """", ""population"": 0}, {""locality_code"": 1831, ""locality_name_he"": ""רמת כוכב של\""ש"", ""locality_name_en"": """", ""population"": 0}, {""locality_code"": 1838, ""locality_name_he"": ""רמת מנשה של\""ש"", ""locality_name_en"": """", ""population"": 0}, {""locality_code"": 1842, ""locality_name_he"": ""אזור שפרעם של\""ש"", ""locality_name_en"": """", ""population"": 0}, {""locality_code"": 1845, ""locality_name_he"": ""אזור כרמיאל של\""ש"", ""locality_name_en"": """", ""population"": 0}, {""locality_code"": 1850, ""locality_name_he"": ""אזור יחיעם של\""ש"", ""locality_name_en"": """", ""population"": 0}, {""locality_code"": 1853, ""locality_name_he"": ""אזור אילון של\""ש"", ""locality_name_en"": """", ""population"": 0}, {""locality_code"": 1856, ""locality_name_he"": ""אזור נהרייה של\""ש"", ""locality_name_en"": """", ""population"": 0}, {""locality_code"": 1859, ""locality_name_he"": ""אזור עכו של\""ש"", ""locality_name_en"": """", ""population"": 0}, {""locality_code"": 1862, ""locality_name_he"": ""אזור חיפה של\""ש"", ""locality_name_en"": """", ""population"": 0}, {""locality_code"": 1867, ""locality_name_he"": ""אזור זכרון יעקב של\""ש"", ""locality_name_en"": """", ""population"": 0}, {""locality_code"": 1870, ""locality_name_he"": ""הר אלכסנדר של\""ש"", ""locality_name_en"": """", ""population"": 0}, {""locality_code"": 1874, ""locality_name_he"": ""אזור חדרה של\""ש"", ""locality_name_en"": """", ""population"": 0}, {""locality_code"": 1885, ""locality_name_he"": ""דרום השרון של\""ש"", ""locality_name_en"": """", ""population"": 0}, {""locality_code"": 1889, ""locality_name_he"": ""אזור פתח תקווה של\""ש"", ""locality_name_en"": """", ""population"": 0}, {""locality_code"": 1894, ""locality_name_he"": ""אזור רמלה של\""ש"", ""locality_name_en"": """", ""population"": 0}, {""locality_code"": 1895, ""locality_name_he"": ""אזור מודיעין של\""ש"", ""locality_name_en"": """", ""population"": 0}, {""locality_code"": 1902, ""locality_name_he"": ""אזור רחובות של\""ש"", ""locality_name_en"": """", ""population"": 0}, {""locality_code"": 1904, ""locality_name_he"": ""אזור ראשל\""צ של\""ש"", ""locality_name_en"": """", ""population"": 0}, {""locality_code"": 1905, ""locality_name_he"": ""אזור תל אביב של\""ש"", ""locality_name_en"": """", ""population"": 0}, {""locality_code"": 1908, ""locality_name_he"": ""אזור רמת גן של\""ש"", ""locality_name_en"": """", ""population"": 0}, {""locality_code"": 1909, ""locality_name_he"": ""אזור חולון של\""ש"", ""locality_name_en"": """", ""population"": 0}, {""locality_code"": 1923, ""locality_name_he"": ""אזור אשדוד של\""ש"", ""locality_name_en"": """", ""population"": 0}, {""locality_code"": 1939, ""locality_name_he"": ""אזור באר שבע של\""ש"", ""locality_name_en"": """", ""population"": 0}, {""locality_code"": 1971, ""locality_name_he"": ""נפת ג'נין"", ""locality_name_en"": """", ""population"": 0}, {""locality_code"": 1973, ""locality_name_he"": ""נפת שכם"", ""locality_name_en"": """", ""population"": 0}, {""locality_code"": 1975, ""locality_name_he"": ""נפת טול כרם"", ""locality_name_en"": """", ""population"": 0}, {""locality_code"": 1977, ""locality_name_he"": ""נפת ראמאללה"", ""locality_name_en"": """", ""population"": 0}, {""locality_code"": 1980, ""locality_name_he"": ""נפת ירדן"", ""locality_name_en"": """", ""population"": 0}, {""locality_code"": 1982, ""locality_name_he"": ""נפת בית לחם"", ""locality_name_en"": """", ""population"": 0}, {""locality_code"": 1984, ""locality_name_he"": ""נפת חברון"", ""locality_name_en"": """", ""population"": 0}, {""locality_code"": 1997, ""locality_name_he"": ""גמ\""ל מחוז דרום"", ""locality_name_en"": """", ""population"": 0}, {""locality_code"": 1998, ""locality_name_he"": ""דרום יהודה"", ""locality_name_en"": """", ""population"": 0}, {""locality_code"": 1999, ""locality_name_he"": ""השומרון"", ""locality_name_en"": """", ""population"": 0}, {""locality_code"": 2742, ""locality_name_he"": ""זבארגה (שבט)"", ""locality_name_en"": ""Az-Zabarika"", ""population"": 0}]"
69,מועצה אזורית אל קסום,מועצה אזורית,הדרום,באר שבע,אשכול רשויות נגב מזרחי,19972,7,"[{""locality_code"": 1343, ""locality_name_he"": ""מכחול"", ""locality_name_en"": ""Makchul"", ""population"": 1904}, {""locality_code"": 1346, ""locality_name_he"": ""תרבין א-צאנע (יישוב)*"", ""locality_name_en"": ""Tarabin As-Sani"", ""population"": 1037}, {""locality_code"": 1349, ""locality_name_he"": ""דריג'את"", ""locality_name_en"": ""Derig'at"", ""population"": 571}, {""locality_code"": 1358, ""locality_name_he"": ""אום בטין"", ""locality_name_en"": ""Umm Batin"", ""population"": 5295}, {""locality_code"": 1359, ""locality_name_he"": ""אל סייד"", ""locality_name_en"": ""Al Sayyid"", ""population"": 5775}, {""locality_code"": 1360, ""locality_name_he"": ""סעוה"", ""locality_name_en"": ""Sa'Wa"", ""population"": 5046}, {""locality_code"": 1367, ""locality_name_he"": ""כחלה"", ""locality_name_en"": ""Kochlea"", ""population"": 344}]"
65,מועצה אזורית אל-בטוף,מועצה אזורית,הצפון,יזרעאל,אשכול רשויות הכנרת והעמקים,9162,4,"[{""locality_code"": 528, ""locality_name_he"": ""עוזייר"", ""locality_name_en"": ""Uzeir"", ""population"": 3455}, {""locality_code"": 539, ""locality_name_he"": ""רומאנה"", ""locality_name_en"": ""Rummane"", ""population"": 1393}, {""locality_code"": 993, ""locality_name_he"": ""חמאם"", ""locality_name_en"": ""Hamam"", ""population"": 1749}, {""locality_code"": 997, ""locality_name_he"": ""רומת הייב"", ""locality_name_en"": ""Rumat Heib"", ""population"": 2565}]"
45,מועצה אזורית אלונה,מועצה אזורית,חיפה,חדרה,אשכול רשויות מישור החוף,2196,5,"[{""locality_code"": 360, ""locality_name_he"": ""גבעת ניל\""י"", ""locality_name_en"": ""Giv'at Nili"", ""population"": 639}, {""locality_code"": 679, ""locality_name_he"": ""אביאל"", ""locality_name_en"": ""Avi'el"", ""population"": 796}, {""locality_code"": 773, ""locality_name_he"": ""עמיקם"", ""locality_name_en"": ""Ammiqam"", ""population"": 761}, {""locality_code"": 1868, ""locality_name_he"": ""הר אלכסנדר מ\""א 45"", ""locality_name_en"": """", ""population"": 0}, {""locality_code"": 1871, ""locality_name_he"": ""אזור חדרה מ\""א 45"", ""locality_name_en"": """", ""population"": 0}]"
38,מועצה אזורית אשכול,מועצה אזורית,הדרום,באר שבע,אשכול רשויות נגב מערבי,18517,34,"[{""locality_code"": 69, ""locality_name_he"": ""ניר עוז"", ""locality_name_en"": ""Nir Oz"", ""population"": 421}, {""locality_code"": 318, ""locality_name_he"": ""עמיעוז"", ""locality_name_en"": ""Ammi'oz"", ""population"": 584}, {""locality_code"": 352, ""locality_name_he"": ""גבולות"", ""locality_name_en"": ""Gevulot"", ""population"": 438}, {""locality_code"": 399, ""locality_name_he"": ""בארי"", ""locality_name_en"": ""Be'eri"", ""population"": 1077}, {""locality_code"": 402, ""locality_name_he"": ""ניר יצחק"", ""locality_name_en"": ""Nir Yizhaq"", ""population"": 580}, {""locality_code"": 403, ""locality_name_he"": ""אורים"", ""locality_name_en"": ""Urim"", ""population"": 453}, {""locality_code"": 413, ""locality_name_he"": ""צאלים"", ""locality_name_en"": ""Ze'elim"", ""population"": 492}, {""locality_code"": 602, ""locality_name_he"": ""נירים"", ""locality_name_en"": ""Nirim"", ""population"": 482}, {""locality_code"": 676, ""locality_name_he"": ""עין השלושה"", ""locality_name_en"": ""En HaShelosha"", ""population"": 399}, {""locality_code"": 695, ""locality_name_he"": ""מגן"", ""locality_name_en"": ""Magen"", ""population"": 541}, {""locality_code"": 713, ""locality_name_he"": ""רעים"", ""locality_name_en"": ""Re'im"", ""population"": 465}, {""locality_code"": 829, ""locality_name_he"": ""מבטחים"", ""locality_name_en"": ""Mivtahim"", ""population"": 915}, {""locality_code"": 840, ""locality_name_he"": ""כיסופים"", ""locality_name_en"": ""Kissufim"", ""population"": 343}, {""locality_code"": 916, ""locality_name_he"": ""ישע"", ""locality_name_en"": ""Yesha"", ""population"": 658}, {""locality_code"": 1046, ""locality_name_he"": ""אוהד"", ""locality_name_en"": ""Ohad"", ""population"": 623}, {""locality_code"": 1051, ""locality_name_he"": ""תלמי אליהו"", ""locality_name_en"": ""Talme Eliyyahu"", ""population"": 424}, {""locality_code"": 1058, ""locality_name_he"": ""שדה ניצן"", ""locality_name_en"": ""Sede Nizzan"", ""population"": 530}, {""locality_code"": 1085, ""locality_name_he"": ""כרם שלום"", ""locality_name_en"": ""Kerem Shalom"", ""population"": 236}, {""locality_code"": 1136, ""locality_name_he"": ""צוחר"", ""locality_name_en"": ""Zohar"", ""population"": 601}, {""locality_code"": 1223, ""locality_name_he"": ""שדי אברהם"", ""locality_name_en"": ""Sede Avraham"", ""population"": 437}, {""locality_code"": 1227, ""locality_name_he"": ""יתד"", ""locality_name_en"": ""Yated"", ""population"": 843}, {""locality_code"": 1231, ""locality_name_he"": ""פרי גן"", ""locality_name_en"": ""Peri Gan"", ""population"": 330}, {""locality_code"": 1232, ""locality_name_he"": ""יבול"", ""locality_name_en"": ""Yevul"", ""population"": 444}, {""locality_code"": 1237, ""locality_name_he"": ""תלמי יוסף"", ""locality_name_en"": ""Talme Yosef"", ""population"": 479}, {""locality_code"": 1238, ""locality_name_he"": ""סופה"", ""locality_name_en"": ""Sufa"", ""population"": 223}, {""locality_code"": 1239, ""locality_name_he"": ""חולית"", ""locality_name_en"": ""Holit"", ""population"": 244}, {""locality_code"": 1240, ""locality_name_he"": ""עין הבשור"", ""locality_name_en"": ""En HaBesor"", ""population"": 1382}, {""locality_code"": 1241, ""locality_name_he"": ""דקל"", ""locality_name_en"": ""Deqel"", ""population"": 440}, {""locality_code"": 1311, ""locality_name_he"": ""אבשלום"", ""locality_name_en"": ""Avshalom"", ""population"": 419}, {""locality_code"": 1363, ""locality_name_he"": ""בני נצרים"", ""locality_name_en"": ""Bne Netsarim"", ""population"": 1155}, {""locality_code"": 1364, ""locality_name_he"": ""שלומית"", ""locality_name_en"": ""Shlomit"", ""population"": 536}, {""locality_code"": 1366, ""locality_name_he"": ""נווה"", ""locality_name_en"": ""Nave"", ""population"": 1323}, {""locality_code"": 1769, ""locality_name_he"": ""מפעלי מעון"", ""locality_name_en"": """", ""population"": 0}, {""locality_code"": 1933, ""locality_name_he"": ""אזור בשור מ\""א 38"", ""locality_name_en"": """", ""population"": 0}]"
33,מועצה אזורית באר טוביה,מועצה אזורית,הדרום,אשקלון,אשכול רשויות שורק דרומי,23949,30,"[{""locality_code"": 155, ""locality_name_he"": ""באר טוביה"", ""locality_name_en"": ""Be'er Toviyya"", ""population"": 1372}, {""locality_code"": 163, ""locality_name_he"": ""תימורים"", ""locality_name_en"": ""Timmorim"", ""population"": 719}, {""locality_code"": 234, ""locality_name_he"": ""ביצרון"", ""locality_name_en"": ""Bizzaron"", ""population"": 1285}, {""locality_code"": 320, ""locality_name_he"": ""כפר ורבורג"", ""locality_name_en"": ""Kefar Warburg"", ""population"": 1170}, {""locality_code"": 406, ""locality_name_he"": ""חצור-אשדוד"", ""locality_name_en"": ""Hazor-Ashdod"", ""population"": 944}, {""locality_code"": 553, ""locality_name_he"": ""ניר בנים"", ""locality_name_en"": ""Nir Banim"", ""population"": 812}, {""locality_code"": 593, ""locality_name_he"": ""ערוגות"", ""locality_name_en"": ""Arugot"", ""population"": 1169}, {""locality_code"": 690, ""locality_name_he"": ""כפר אחים"", ""locality_name_en"": ""Kefar Ahim"", ""population"": 811}, {""locality_code"": 700, ""locality_name_he"": ""חצב"", ""locality_name_en"": ""Hazav"", ""population"": 1600}, {""locality_code"": 727, ""locality_name_he"": ""תלמי יחיאל"", ""locality_name_en"": ""Talme Yehi'el"", ""population"": 939}, {""locality_code"": 739, ""locality_name_he"": ""שדה עוזיהו"", ""locality_name_en"": ""Sede Uzziyyahu"", ""population"": 1560}, {""locality_code"": 756, ""locality_name_he"": ""בית עזרא"", ""locality_name_en"": ""Bet Ezra"", ""population"": 1132}, {""locality_code"": 763, ""locality_name_he"": ""שתולים"", ""locality_name_en"": ""Shetulim"", ""population"": 2207}, {""locality_code"": 772, ""locality_name_he"": ""אמונים"", ""locality_name_en"": ""Emunim"", ""population"": 1038}, {""locality_code"": 793, ""locality_name_he"": ""גבעתי"", ""locality_name_en"": ""Giv'ati"", ""population"": 1109}, {""locality_code"": 817, ""locality_name_he"": ""עזריקם"", ""locality_name_en"": ""Azriqam"", ""population"": 1601}, {""locality_code"": 819, ""locality_name_he"": ""אביגדור"", ""locality_name_en"": ""Avigedor"", ""population"": 870}, {""locality_code"": 827, ""locality_name_he"": ""נווה מבטח"", ""locality_name_en"": ""Newe Mivtah"", ""population"": 718}, {""locality_code"": 1149, ""locality_name_he"": ""עזר"", ""locality_name_en"": ""Ezer"", ""population"": 713}, {""locality_code"": 1157, ""locality_name_he"": ""אחווה"", ""locality_name_en"": ""Ahawa"", ""population"": 291}, {""locality_code"": 1414, ""locality_name_he"": ""מחנה מרים*"", ""locality_name_en"": ""Mahane Miryam"", ""population"": 0}, {""locality_code"": 1753, ""locality_name_he"": ""מפעלי כנות"", ""locality_name_en"": """", ""population"": 0}, {""locality_code"": 1754, ""locality_name_he"": ""תעשיון מבצע*"", ""locality_name_en"": """", ""population"": 0}, {""locality_code"": 1761, ""locality_name_he"": ""מפעלי צומת מלאכי"", ""locality_name_en"": """", ""population"": 0}, {""locality_code"": 1762, ""locality_name_he"": ""עד הלום"", ""locality_name_en"": """", ""population"": 0}, {""locality_code"": 1911, ""locality_name_he"": ""אזור מלאכי מ\""א 33"", ""locality_name_en"": """", ""population"": 0}, {""locality_code"": 1921, ""locality_name_he"": ""אזור אשדוד מ\""א 33"", ""locality_name_en"": """", ""population"": 0}, {""locality_code"": 2006, ""locality_name_he"": ""כנות"", ""locality_name_en"": ""Kannot"", ""population"": 113}, {""locality_code"": 2011, ""locality_name_he"": ""ינון"", ""locality_name_en"": ""Yinnon"", ""population"": 1229}, {""locality_code"": 2012, ""locality_name_he"": ""אורות"", ""locality_name_en"": ""Orot"", ""population"": 547}]"
66,מועצה אזורית בוסתן אל-מרג',מועצה אזורית,הצפון,יזרעאל,אשכול רשויות הגליל והעמקים,8342,4,"[{""locality_code"": 475, ""locality_name_he"": ""דחי"", ""locality_name_en"": ""Dahi"", ""population"": 668}, {""locality_code"": 512, ""locality_name_he"": ""כפר מצר"", ""locality_name_en"": ""Kafar Misr"", ""population"": 2759}, {""locality_code"": 523, ""locality_name_he"": ""ניין"", ""locality_name_en"": ""Nein"", ""population"": 2024}, {""locality_code"": 526, ""locality_name_he"": ""סולם"", ""locality_name_en"": ""Sulam"", ""population"": 2891}]"
41,מועצה אזורית בני שמעון,מועצה אזורית,הדרום,באר שבע,אשכול רשויות נגב מערבי,11763,18,"[{""locality_code"": 394, ""locality_name_he"": ""שובל"", ""locality_name_en"": ""Shoval"", ""population"": 1032}, {""locality_code"": 395, ""locality_name_he"": ""משמר הנגב"", ""locality_name_en"": ""Mishmar HaNegev"", ""population"": 1121}, {""locality_code"": 396, ""locality_name_he"": ""נבטים"", ""locality_name_en"": ""Nevatim"", ""population"": 1137}, {""locality_code"": 397, ""locality_name_he"": ""חצרים"", ""locality_name_en"": ""Hazerim"", ""population"": 988}, {""locality_code"": 598, ""locality_name_he"": ""בית קמה"", ""locality_name_en"": ""Bet Qama"", ""population"": 1059}, {""locality_code"": 849, ""locality_name_he"": ""דביר"", ""locality_name_en"": ""Dvir"", ""population"": 1163}, {""locality_code"": 1198, ""locality_name_he"": ""כרמים"", ""locality_name_en"": ""Keramim"", ""population"": 591}, {""locality_code"": 1265, ""locality_name_he"": ""שומרייה"", ""locality_name_en"": ""Shomeriyya"", ""population"": 865}, {""locality_code"": 1344, ""locality_name_he"": ""גבעות בר"", ""locality_name_en"": ""Geva'ot Bar"", ""population"": 1344}, {""locality_code"": 1765, ""locality_name_he"": ""עידן הנגב"", ""locality_name_en"": ""Idan Hanegev"", ""population"": 0}, {""locality_code"": 1767, ""locality_name_he"": ""קמה (אזור תעשייה חקלאית)"", ""locality_name_en"": """", ""population"": 0}, {""locality_code"": 1920, ""locality_name_he"": ""אזור לכיש מ\""א 41"", ""locality_name_en"": """", ""population"": 0}, {""locality_code"": 1929, ""locality_name_he"": ""אזור גרר מ\""א 41"", ""locality_name_en"": """", ""population"": 0}, {""locality_code"": 1937, ""locality_name_he"": ""אזור באר שבע מ\""א 41"", ""locality_name_en"": """", ""population"": 0}, {""locality_code"": 2023, ""locality_name_he"": ""להב"", ""locality_name_en"": ""Lahav"", ""population"": 675}, {""locality_code"": 2060, ""locality_name_he"": ""ברוש"", ""locality_name_en"": ""Berosh"", ""population"": 570}, {""locality_code"": 2061, ""locality_name_he"": ""תדהר"", ""locality_name_en"": ""Tidhar"", ""population"": 773}, {""locality_code"": 2062, ""locality_name_he"": ""תאשור"", ""locality_name_en"": ""Te'ashur"", ""population"": 445}]"
28,מועצה אזורית ברנר,מועצה אזורית,המרכז,רחובות,אשכול רשויות שורק דרומי,7616,8,"[{""locality_code"": 144, ""locality_name_he"": ""גן שלמה"", ""locality_name_en"": ""Gan Shelomo"", ""population"": 627}, {""locality_code"": 147, ""locality_name_he"": ""גבעת ברנר"", ""locality_name_en"": ""Giv'at Brenner"", ""population"": 2479}, {""locality_code"": 196, ""locality_name_he"": ""גיבתון"", ""locality_name_en"": ""Gibbeton"", ""population"": 399}, {""locality_code"": 562, ""locality_name_he"": ""בית אלעזרי"", ""locality_name_en"": ""Bet El'azari"", ""population"": 1601}, {""locality_code"": 615, ""locality_name_he"": ""קדרון"", ""locality_name_en"": ""Qidron"", ""population"": 1626}, {""locality_code"": 685, ""locality_name_he"": ""בניה"", ""locality_name_en"": ""Benaya"", ""population"": 884}, {""locality_code"": 1412, ""locality_name_he"": ""מחנה תל נוף*"", ""locality_name_en"": ""Mahane Tel Nof"", ""population"": 0}, {""locality_code"": 1896, ""locality_name_he"": ""אזור רחובות מ\""א 28"", ""locality_name_en"": """", ""population"": 0}]"
32,מועצה אזורית גדרות,מועצה אזורית,המרכז,רחובות,ללא שיוך לאשכול,4971,8,"[{""locality_code"": 555, ""locality_name_he"": ""שדמה"", ""locality_name_en"": ""Shedema"", ""population"": 463}, {""locality_code"": 591, ""locality_name_he"": ""עשרת"", ""locality_name_en"": ""Aseret"", ""population"": 1017}, {""locality_code"": 731, ""locality_name_he"": ""מישר"", ""locality_name_en"": ""Meshar"", ""population"": 739}, {""locality_code"": 764, ""locality_name_he"": ""כפר מרדכי"", ""locality_name_en"": ""Kefar Mordekhay"", ""population"": 651}, {""locality_code"": 765, ""locality_name_he"": ""משגב דב"", ""locality_name_en"": ""Misgav Dov"", ""population"": 746}, {""locality_code"": 857, ""locality_name_he"": ""כפר אביב"", ""locality_name_en"": ""Kefar Aviv"", ""population"": 771}, {""locality_code"": 1072, ""locality_name_he"": ""גן הדרום"", ""locality_name_en"": ""Gan HaDarom"", ""population"": 584}, {""locality_code"": 1897, ""locality_name_he"": ""אזור רחובות מ\""א 32"", ""locality_name_en"": """", ""population"": 0}]"
71,מועצה אזורית גולן,מועצה אזורית,הצפון,גולן,אשכול רשויות גליל מזרחי,21459,37,"[{""locality_code"": 1960, ""locality_name_he"": ""חרמון מ\""א 71"", ""locality_name_en"": """", ""population"": 0}, {""locality_code"": 1962, ""locality_name_he"": ""גולן צפוני מ\""א 71"", ""locality_name_en"": """", ""population"": 0}, {""locality_code"": 1964, ""locality_name_he"": ""גולן תיכון מ\""א 71"", ""locality_name_en"": """", ""population"": 0}, {""locality_code"": 1966, ""locality_name_he"": ""גולן דרומי מ\""א 71"", ""locality_name_en"": """", ""population"": 0}, {""locality_code"": 4002, ""locality_name_he"": ""אלי-עד"", ""locality_name_en"": ""Eli-Ad"", ""population"": 602}, {""locality_code"": 4003, ""locality_name_he"": ""אל -רום"", ""locality_name_en"": ""El-Rom"", ""population"": 552}, {""locality_code"": 4004, ""locality_name_he"": ""כפר חרוב"", ""locality_name_en"": ""Kefar Haruv"", ""population"": 528}, {""locality_code"": 4005, ""locality_name_he"": ""חספין"", ""locality_name_en"": ""Haspin"", ""population"": 1965}, {""locality_code"": 4006, ""locality_name_he"": ""קשת"", ""locality_name_en"": ""Qeshet"", ""population"": 947}, {""locality_code"": 4007, ""locality_name_he"": ""יונתן"", ""locality_name_en"": ""Yonatan"", ""population"": 865}, {""locality_code"": 4008, ""locality_name_he"": ""מעלה גמלא"", ""locality_name_en"": ""Ma'ale Gamla"", ""population"": 655}, {""locality_code"": 4009, ""locality_name_he"": ""שעל"", ""locality_name_en"": ""Sha'al"", ""population"": 437}, {""locality_code"": 4010, ""locality_name_he"": ""אודם"", ""locality_name_en"": ""Odem"", ""population"": 292}, {""locality_code"": 4011, ""locality_name_he"": ""אבני איתן"", ""locality_name_en"": ""Avne Etan"", ""population"": 1022}, {""locality_code"": 4012, ""locality_name_he"": ""אניעם"", ""locality_name_en"": ""Ani'am"", ""population"": 497}, {""locality_code"": 4013, ""locality_name_he"": ""אורטל"", ""locality_name_en"": ""Ortal"", ""population"": 370}, {""locality_code"": 4014, ""locality_name_he"": ""נטור"", ""locality_name_en"": ""Natur"", ""population"": 787}, {""locality_code"": 4015, ""locality_name_he"": ""בני יהודה"", ""locality_name_en"": ""Bene Yehuda"", ""population"": 1269}, {""locality_code"": 4017, ""locality_name_he"": ""אלוני הבשן"", ""locality_name_en"": ""Allone HaBashan"", ""population"": 509}, {""locality_code"": 4019, ""locality_name_he"": ""מיצר"", ""locality_name_en"": ""Mezar"", ""population"": 354}, {""locality_code"": 4021, ""locality_name_he"": ""גבעת יואב"", ""locality_name_en"": ""Giv'at Yo'av"", ""population"": 766}, {""locality_code"": 4022, ""locality_name_he"": ""גשור"", ""locality_name_en"": ""Geshur"", ""population"": 326}, {""locality_code"": 4024, ""locality_name_he"": ""קלע"", ""locality_name_en"": ""Qela"", ""population"": 410}, {""locality_code"": 4025, ""locality_name_he"": ""קדמת צבי"", ""locality_name_en"": ""Qidmat Zevi"", ""population"": 689}, {""locality_code"": 4026, ""locality_name_he"": ""חד-נס"", ""locality_name_en"": ""Had-Nes"", ""population"": 918}, {""locality_code"": 4028, ""locality_name_he"": ""כנף"", ""locality_name_en"": ""Kanaf"", ""population"": 513}, {""locality_code"": 4029, ""locality_name_he"": ""רמת הנשיא טראמפ"", ""locality_name_en"": ""President Trump Heights"", ""population"": 102}, {""locality_code"": 4035, ""locality_name_he"": ""נמרוד"", ""locality_name_en"": ""Nimrod"", ""population"": 0}, {""locality_code"": 4101, ""locality_name_he"": ""מרום גולן"", ""locality_name_en"": ""Merom Golan"", ""population"": 802}, {""locality_code"": 4204, ""locality_name_he"": ""מבוא חמה"", ""locality_name_en"": ""Mevo Hamma"", ""population"": 534}, {""locality_code"": 4301, ""locality_name_he"": ""אפיק"", ""locality_name_en"": ""Afiq"", ""population"": 394}, {""locality_code"": 4303, ""locality_name_he"": ""נווה אטי\""ב"", ""locality_name_en"": ""Newe Ativ"", ""population"": 227}, {""locality_code"": 4304, ""locality_name_he"": ""נוב"", ""locality_name_en"": ""Nov"", ""population"": 1186}, {""locality_code"": 4503, ""locality_name_he"": ""עין זיוון"", ""locality_name_en"": ""En Ziwan"", ""population"": 541}, {""locality_code"": 4551, ""locality_name_he"": ""נאות גולן"", ""locality_name_en"": ""Ne'ot Golan"", ""population"": 744}, {""locality_code"": 4701, ""locality_name_he"": ""רמת מגשימים"", ""locality_name_en"": ""Ramat Magshimim"", ""population"": 821}, {""locality_code"": 4702, ""locality_name_he"": ""רמות"", ""locality_name_en"": ""Ramot"", ""population"": 835}]"
76,מועצה אזורית גוש עציון,מועצה אזורית,אזור יהודה ושומרון,בית לחם,ללא שיוך לאשכול,27839,15,"[{""locality_code"": 1981, ""locality_name_he"": ""נפת בית לחם מ\""א 76"", ""locality_name_en"": """", ""population"": 0}, {""locality_code"": 3488, ""locality_name_he"": ""כפר עציון"", ""locality_name_en"": ""Kefar Ezyon"", ""population"": 1168}, {""locality_code"": 3561, ""locality_name_he"": ""מגדל עוז"", ""locality_name_en"": ""Migdal Oz"", ""population"": 575}, {""locality_code"": 3563, ""locality_name_he"": ""תקוע"", ""locality_name_en"": ""Teqoa"", ""population"": 4688}, {""locality_code"": 3602, ""locality_name_he"": ""ראש צורים"", ""locality_name_en"": ""Rosh Zurim"", ""population"": 1115}, {""locality_code"": 3603, ""locality_name_he"": ""הר גילה"", ""locality_name_en"": ""Har Gillo"", ""population"": 1651}, {""locality_code"": 3604, ""locality_name_he"": ""אלון שבות"", ""locality_name_en"": ""Allon Shevut"", ""population"": 3267}, {""locality_code"": 3618, ""locality_name_he"": ""אלעזר"", ""locality_name_en"": ""El'azar"", ""population"": 2567}, {""locality_code"": 3653, ""locality_name_he"": ""מעלה עמוס"", ""locality_name_en"": ""Ma'ale Amos"", ""population"": 1279}, {""locality_code"": 3725, ""locality_name_he"": ""נווה דניאל"", ""locality_name_en"": ""Newe Daniyyel"", ""population"": 2433}, {""locality_code"": 3726, ""locality_name_he"": ""נוקדים"", ""locality_name_en"": ""Noqedim"", ""population"": 3327}, {""locality_code"": 3754, ""locality_name_he"": ""אספר"", ""locality_name_en"": ""Asfar"", ""population"": 1362}, {""locality_code"": 3766, ""locality_name_he"": ""כרמי צור"", ""locality_name_en"": ""Karme Zur"", ""population"": 1003}, {""locality_code"": 3781, ""locality_name_he"": ""קדר"", ""locality_name_en"": ""Qedar"", ""population"": 1535}, {""locality_code"": 3794, ""locality_name_he"": ""בת עין"", ""locality_name_en"": ""Bat Ayin"", ""population"": 1869}]"
30,מועצה אזורית גזר,מועצה אזורית,המרכז,רמלה,ללא שיוך לאשכול,29026,28,"[{""locality_code"": 64, ""locality_name_he"": ""יד רמב\""ם"", ""locality_name_en"": ""Yad Rambam"", ""population"": 1241}, {""locality_code"": 158, ""locality_name_he"": ""נען"", ""locality_name_en"": ""Na'an"", ""population"": 1841}, {""locality_code"": 160, ""locality_name_he"": ""חולדה"", ""locality_name_en"": ""Hulda"", ""population"": 1285}, {""locality_code"": 177, ""locality_name_he"": ""כפר ביל\""ו"", ""locality_name_en"": ""Kefar Bilu"", ""population"": 1202}, {""locality_code"": 301, ""locality_name_he"": ""בית עוזיאל"", ""locality_name_en"": ""Bet Uzzi'el"", ""population"": 683}, {""locality_code"": 370, ""locality_name_he"": ""גזר"", ""locality_name_en"": ""Gezer"", ""population"": 427}, {""locality_code"": 435, ""locality_name_he"": ""נצר סרני"", ""locality_name_en"": ""Nezer Sereni"", ""population"": 1083}, {""locality_code"": 563, ""locality_name_he"": ""משמר דוד"", ""locality_name_en"": ""Mishmar Dawid"", ""population"": 1378}, {""locality_code"": 610, ""locality_name_he"": ""סתרייה"", ""locality_name_en"": ""Sitriyya"", ""population"": 1097}, {""locality_code"": 670, ""locality_name_he"": ""משמר איילון"", ""locality_name_en"": ""Mishmar Ayyalon"", ""population"": 605}, {""locality_code"": 711, ""locality_name_he"": ""עזריה"", ""locality_name_en"": ""Azarya"", ""population"": 1322}, {""locality_code"": 735, ""locality_name_he"": ""רמות מאיר"", ""locality_name_en"": ""Ramot Me'ir"", ""population"": 676}, {""locality_code"": 743, ""locality_name_he"": ""כפר שמואל"", ""locality_name_en"": ""Kefar Shemu'el"", ""population"": 953}, {""locality_code"": 757, ""locality_name_he"": ""מצליח"", ""locality_name_en"": ""Mazliah"", ""population"": 1461}, {""locality_code"": 759, ""locality_name_he"": ""יציץ"", ""locality_name_en"": ""Yaziz"", ""population"": 1026}, {""locality_code"": 828, ""locality_name_he"": ""ישרש"", ""locality_name_en"": ""Yashresh"", ""population"": 1061}, {""locality_code"": 838, ""locality_name_he"": ""פדיה"", ""locality_name_en"": ""Pedaya"", ""population"": 937}, {""locality_code"": 839, ""locality_name_he"": ""פתחיה"", ""locality_name_en"": ""Petahya"", ""population"": 915}, {""locality_code"": 856, ""locality_name_he"": ""שעלבים"", ""locality_name_en"": ""Sha'alvim"", ""population"": 1921}, {""locality_code"": 862, ""locality_name_he"": ""גני יוחנן"", ""locality_name_en"": ""Ganne Yohanan"", ""population"": 770}, {""locality_code"": 1050, ""locality_name_he"": ""בית חשמונאי"", ""locality_name_en"": ""Bet Hashmonay"", ""population"": 2162}, {""locality_code"": 1103, ""locality_name_he"": ""גני הדר"", ""locality_name_en"": ""Ganne Hadar"", ""population"": 386}, {""locality_code"": 1264, ""locality_name_he"": ""כרמי יוסף"", ""locality_name_en"": ""Karme Yosef"", ""population"": 1769}, {""locality_code"": 1333, ""locality_name_he"": ""נוף איילון"", ""locality_name_en"": ""Nof Ayyalon"", ""population"": 2017}, {""locality_code"": 1890, ""locality_name_he"": ""אזור מודיעין מ\""א 30"", ""locality_name_en"": """", ""population"": 0}, {""locality_code"": 1891, ""locality_name_he"": ""אזור רמלה מ\""א 30"", ""locality_name_en"": """", ""population"": 0}, {""locality_code"": 1898, ""locality_name_he"": ""אזור רחובות מ\""א 30"", ""locality_name_en"": """", ""population"": 0}, {""locality_code"": 2010, ""locality_name_he"": ""כפר בן נון"", ""locality_name_en"": ""Kefar Bin Nun"", ""population"": 808}]"
27,מועצה אזורית גן רווה,מועצה אזורית,המרכז,רחובות,ללא שיוך לאשכול,6107,11,"[{""locality_code"": 156, ""locality_name_he"": ""עיינות"", ""locality_name_en"": ""Ayanot"", ""population"": 193}, {""locality_code"": 159, ""locality_name_he"": ""בית חנן"", ""locality_name_en"": ""Bet Hanan"", ""population"": 625}, {""locality_code"": 174, ""locality_name_he"": ""נטעים"", ""locality_name_en"": ""Neta'im"", ""population"": 727}, {""locality_code"": 202, ""locality_name_he"": ""בית עובד"", ""locality_name_en"": ""Bet Oved"", ""population"": 297}, {""locality_code"": 311, ""locality_name_he"": ""גן שורק"", ""locality_name_en"": ""Gan Soreq"", ""population"": 333}, {""locality_code"": 582, ""locality_name_he"": ""כפר הנגיד"", ""locality_name_en"": ""Kefar HaNagid"", ""population"": 971}, {""locality_code"": 597, ""locality_name_he"": ""פלמחים"", ""locality_name_en"": ""Palmahim"", ""population"": 837}, {""locality_code"": 853, ""locality_name_he"": ""גאליה"", ""locality_name_en"": ""Ge'alya"", ""population"": 1052}, {""locality_code"": 1336, ""locality_name_he"": ""אירוס"", ""locality_name_en"": ""Irus"", ""population"": 1072}, {""locality_code"": 1411, ""locality_name_he"": ""מחנה הילה*"", ""locality_name_en"": ""Mahane Hilla"", ""population"": 0}, {""locality_code"": 1903, ""locality_name_he"": ""אזור ראשל\""צ מ\""א 27"", ""locality_name_en"": """", ""population"": 0}]"
20,מועצה אזורית דרום השרון,מועצה אזורית,המרכז,פתח תקווה,אשכול רשויות השרון,34133,35,"[{""locality_code"": 98, ""locality_name_he"": ""כפר מל\""ל"", ""locality_name_en"": ""Kefar Malal"", ""population"": 320}, {""locality_code"": 128, ""locality_name_he"": ""גת רימון"", ""locality_name_en"": ""Gat Rimmon"", ""population"": 258}, {""locality_code"": 183, ""locality_name_he"": ""ירקונה"", ""locality_name_en"": ""Yarqona"", ""population"": 360}, {""locality_code"": 184, ""locality_name_he"": ""רמת הכובש"", ""locality_name_en"": ""Ramat HaKovesh"", ""population"": 1077}, {""locality_code"": 198, ""locality_name_he"": ""צופית"", ""locality_name_en"": ""Zofit"", ""population"": 1115}, {""locality_code"": 206, ""locality_name_he"": ""רמות השבים"", ""locality_name_en"": ""Ramot HaShavim"", ""population"": 1618}, {""locality_code"": 207, ""locality_name_he"": ""גבעת ח\""ן"", ""locality_name_en"": ""Giv'at Hen"", ""population"": 465}, {""locality_code"": 218, ""locality_name_he"": ""גני עם"", ""locality_name_en"": ""Ganne Am"", ""population"": 263}, {""locality_code"": 230, ""locality_name_he"": ""מעש"", ""locality_name_en"": ""Ma'as"", ""population"": 893}, {""locality_code"": 239, ""locality_name_he"": ""גן חיים"", ""locality_name_en"": ""Gan Hayyim"", ""population"": 705}, {""locality_code"": 249, ""locality_name_he"": ""כפר סירקין"", ""locality_name_en"": ""Kefar Sirkin"", ""population"": 1432}, {""locality_code"": 284, ""locality_name_he"": ""שדה ורבורג"", ""locality_name_en"": ""Sede Warburg"", ""population"": 1317}, {""locality_code"": 355, ""locality_name_he"": ""חורשים"", ""locality_name_en"": ""Horeshim"", ""population"": 319}, {""locality_code"": 686, ""locality_name_he"": ""נווה ימין"", ""locality_name_en"": ""Newe Yamin"", ""population"": 1342}, {""locality_code"": 705, ""locality_name_he"": ""נחשונים"", ""locality_name_en"": ""Nahshonim"", ""population"": 471}, {""locality_code"": 716, ""locality_name_he"": ""אייל"", ""locality_name_en"": ""Eyal"", ""population"": 621}, {""locality_code"": 717, ""locality_name_he"": ""חגור"", ""locality_name_en"": ""Hagor"", ""population"": 1126}, {""locality_code"": 718, ""locality_name_he"": ""ירחיב"", ""locality_name_en"": ""Yarhiv"", ""population"": 1200}, {""locality_code"": 722, ""locality_name_he"": ""מגשימים"", ""locality_name_en"": ""Magshimim"", ""population"": 903}, {""locality_code"": 808, ""locality_name_he"": ""ניר אליהו"", ""locality_name_en"": ""Nir Eliyyahu"", ""population"": 585}, {""locality_code"": 841, ""locality_name_he"": ""אלישמע"", ""locality_name_en"": ""Elishama"", ""population"": 1219}, {""locality_code"": 858, ""locality_name_he"": ""נווה ירק"", ""locality_name_en"": ""Newe Yaraq"", ""population"": 1207}, {""locality_code"": 870, ""locality_name_he"": ""גבעת השלושה"", ""locality_name_en"": ""Giv'at HaShelosha"", ""population"": 744}, {""locality_code"": 871, ""locality_name_he"": ""עינת"", ""locality_name_en"": ""Enat"", ""population"": 902}, {""locality_code"": 1076, ""locality_name_he"": ""בית ברל"", ""locality_name_en"": ""Bet Berl"", ""population"": 266}, {""locality_code"": 1148, ""locality_name_he"": ""צור נתן"", ""locality_name_en"": ""Zur Natan"", ""population"": 277}, {""locality_code"": 1236, ""locality_name_he"": ""נירית"", ""locality_name_en"": ""Nirit"", ""population"": 1041}, {""locality_code"": 1315, ""locality_name_he"": ""מתן"", ""locality_name_en"": ""Mattan"", ""population"": 3212}, {""locality_code"": 1345, ""locality_name_he"": ""צור יצחק"", ""locality_name_en"": ""Zur Yizhaq"", ""population"": 7397}, {""locality_code"": 1742, ""locality_name_he"": ""תעשיון חצב*"", ""locality_name_en"": """", ""population"": 0}, {""locality_code"": 1744, ""locality_name_he"": ""תעשיון ימין"", ""locality_name_en"": ""Industrial Zone Yamin"", ""population"": 0}, {""locality_code"": 1882, ""locality_name_he"": ""דרום השרון מ\""א 20"", ""locality_name_en"": """", ""population"": 0}, {""locality_code"": 1888, ""locality_name_he"": ""אזור פתח תקווה מ\""א 20"", ""locality_name_en"": """", ""population"": 0}, {""locality_code"": 2015, ""locality_name_he"": ""שדי חמד"", ""locality_name_en"": ""Sede Hemed"", ""population"": 1017}, {""locality_code"": 2035, ""locality_name_he"": ""עדנים"", ""locality_name_en"": ""Adanim"", ""population"": 461}]"
8,מועצה אזורית הגלבוע,מועצה אזורית,הצפון,יזרעאל,אשכול רשויות הגליל והעמקים,34029,37,"[{""locality_code"": 82, ""locality_name_he"": ""עין חרוד (מאוחד)"", ""locality_name_en"": ""En Harod(Me'uhad)"", ""population"": 839}, {""locality_code"": 84, ""locality_name_he"": ""תל יוסף"", ""locality_name_en"": ""Tel Yosef"", ""population"": 542}, {""locality_code"": 85, ""locality_name_he"": ""כפר יחזקאל"", ""locality_name_en"": ""Kefar Yehezqel"", ""population"": 1181}, {""locality_code"": 86, ""locality_name_he"": ""גבע"", ""locality_name_en"": ""Geva"", ""population"": 633}, {""locality_code"": 89, ""locality_name_he"": ""עין חרוד (איחוד)"", ""locality_name_en"": ""En Harod (Ihud)"", ""population"": 586}, {""locality_code"": 90, ""locality_name_he"": ""חפצי-בה"", ""locality_name_en"": ""Hefzi-Bah"", ""population"": 828}, {""locality_code"": 95, ""locality_name_he"": ""בית אלפא"", ""locality_name_en"": ""Bet Alfa"", ""population"": 1413}, {""locality_code"": 113, ""locality_name_he"": ""אדירים"", ""locality_name_en"": ""Addirim"", ""population"": 364}, {""locality_code"": 141, ""locality_name_he"": ""ברק"", ""locality_name_en"": ""Baraq"", ""population"": 425}, {""locality_code"": 145, ""locality_name_he"": ""גדיש"", ""locality_name_en"": ""Gadish"", ""population"": 347}, {""locality_code"": 146, ""locality_name_he"": ""דבורה"", ""locality_name_en"": ""Devora"", ""population"": 338}, {""locality_code"": 164, ""locality_name_he"": ""מלאה"", ""locality_name_en"": ""Mele'a"", ""population"": 387}, {""locality_code"": 165, ""locality_name_he"": ""ניר יפה"", ""locality_name_en"": ""Nir Yafe"", ""population"": 685}, {""locality_code"": 242, ""locality_name_he"": ""בית השיטה"", ""locality_name_en"": ""Bet HaShitta"", ""population"": 1464}, {""locality_code"": 269, ""locality_name_he"": ""מולדת"", ""locality_name_en"": ""Moledet"", ""population"": 1185}, {""locality_code"": 339, ""locality_name_he"": ""רמת צבי"", ""locality_name_en"": ""Ramat Zevi"", ""population"": 765}, {""locality_code"": 442, ""locality_name_he"": ""גדעונה"", ""locality_name_en"": ""Gid'ona"", ""population"": 514}, {""locality_code"": 452, ""locality_name_he"": ""יזרעאל"", ""locality_name_en"": ""Yizre'el"", ""population"": 620}, {""locality_code"": 497, ""locality_name_he"": ""טייבה (בעמק)"", ""locality_name_en"": ""Tayibe(Baemeq)"", ""population"": 2156}, {""locality_code"": 524, ""locality_name_he"": ""נאעורה"", ""locality_name_en"": ""Na'ura"", ""population"": 2427}, {""locality_code"": 547, ""locality_name_he"": ""טמרה (יזרעאל)"", ""locality_name_en"": ""Tamra (Yizre'el)"", ""population"": 1705}, {""locality_code"": 635, ""locality_name_he"": ""מוקייבלה"", ""locality_name_en"": ""Muqeible"", ""population"": 4537}, {""locality_code"": 636, ""locality_name_he"": ""צנדלה"", ""locality_name_en"": ""Sandala"", ""population"": 1795}, {""locality_code"": 833, ""locality_name_he"": ""נורית"", ""locality_name_en"": ""Nurit"", ""population"": 265}, {""locality_code"": 1069, ""locality_name_he"": ""רם-און"", ""locality_name_en"": ""Ram-On"", ""population"": 910}, {""locality_code"": 1108, ""locality_name_he"": ""אומן"", ""locality_name_en"": ""Omen"", ""population"": 904}, {""locality_code"": 1110, ""locality_name_he"": ""חבר"", ""locality_name_en"": ""Hever"", ""population"": 970}, {""locality_code"": 1117, ""locality_name_he"": ""יעל"", ""locality_name_en"": ""Ya'el"", ""population"": 0}, {""locality_code"": 1155, ""locality_name_he"": ""מגן שאול"", ""locality_name_en"": ""Magen Sha'ul"", ""population"": 873}, {""locality_code"": 1274, ""locality_name_he"": ""גן נר"", ""locality_name_en"": ""Gan Ner"", ""population"": 2728}, {""locality_code"": 1826, ""locality_name_he"": ""עמק חרוד מ\""א 8"", ""locality_name_en"": """", ""population"": 0}, {""locality_code"": 1829, ""locality_name_he"": ""רמת כוכב מ\""א 8"", ""locality_name_en"": """", ""population"": 0}, {""locality_code"": 1832, ""locality_name_he"": ""עמק יזרעאל מ\""א 8"", ""locality_name_en"": """", ""population"": 0}, {""locality_code"": 1861, ""locality_name_he"": ""נחל תבור מ\""א 8"", ""locality_name_en"": """", ""population"": 0}, {""locality_code"": 2052, ""locality_name_he"": ""אביטל"", ""locality_name_en"": ""Avital"", ""population"": 628}, {""locality_code"": 2053, ""locality_name_he"": ""פרזון"", ""locality_name_en"": ""Perazon"", ""population"": 440}, {""locality_code"": 2054, ""locality_name_he"": ""מיטב"", ""locality_name_en"": ""Metav"", ""population"": 575}]"
1,מועצה אזורית הגליל העליון,מועצה אזורית,הצפון,צפת,אשכול רשויות גליל מזרחי,20877,35,"[{""locality_code"": 35, ""locality_name_he"": ""גדות"", ""locality_name_en"": ""Gadot"", ""population"": 480}, {""locality_code"": 76, ""locality_name_he"": ""כפר גלעדי"", ""locality_name_en"": ""Kefar Gil'adi"", ""population"": 789}, {""locality_code"": 77, ""locality_name_he"": ""איילת השחר"", ""locality_name_en"": ""Ayyelet HaShahar"", ""population"": 1110}, {""locality_code"": 253, ""locality_name_he"": ""חולתה"", ""locality_name_en"": ""Hulata"", ""population"": 752}, {""locality_code"": 302, ""locality_name_he"": ""דפנה"", ""locality_name_en"": ""Dafna"", ""population"": 1077}, {""locality_code"": 303, ""locality_name_he"": ""דן"", ""locality_name_en"": ""Dan"", ""population"": 859}, {""locality_code"": 308, ""locality_name_he"": ""מחניים"", ""locality_name_en"": ""Mahanayim"", ""population"": 854}, {""locality_code"": 319, ""locality_name_he"": ""עמיר"", ""locality_name_en"": ""Amir"", ""population"": 682}, {""locality_code"": 329, ""locality_name_he"": ""שדה נחמיה"", ""locality_name_en"": ""Sede Nehemya"", ""population"": 1157}, {""locality_code"": 345, ""locality_name_he"": ""כפר סאלד"", ""locality_name_en"": ""Kefar Szold"", ""population"": 754}, {""locality_code"": 347, ""locality_name_he"": ""מנרה"", ""locality_name_en"": ""Menara"", ""population"": 311}, {""locality_code"": 356, ""locality_name_he"": ""הגושרים"", ""locality_name_en"": ""HaGosherim"", ""population"": 1263}, {""locality_code"": 357, ""locality_name_he"": ""כפר בלום"", ""locality_name_en"": ""Kefar Blum"", ""population"": 940}, {""locality_code"": 366, ""locality_name_he"": ""שמיר"", ""locality_name_en"": ""Shamir"", ""population"": 833}, {""locality_code"": 378, ""locality_name_he"": ""משגב עם"", ""locality_name_en"": ""Misgav Am"", ""population"": 399}, {""locality_code"": 380, ""locality_name_he"": ""להבות הבשן"", ""locality_name_en"": ""Lahavot HaBashan"", ""population"": 895}, {""locality_code"": 385, ""locality_name_he"": ""עמיעד"", ""locality_name_en"": ""Ammi'ad"", ""population"": 596}, {""locality_code"": 408, ""locality_name_he"": ""נאות מרדכי"", ""locality_name_en"": ""Ne'ot Mordekhay"", ""population"": 750}, {""locality_code"": 416, ""locality_name_he"": ""מעיין ברוך"", ""locality_name_en"": ""Ma'yan Barukh"", ""population"": 893}, {""locality_code"": 443, ""locality_name_he"": ""כפר הנשיא"", ""locality_name_en"": ""Kefar HaNasi"", ""population"": 795}, {""locality_code"": 453, ""locality_name_he"": ""יפתח"", ""locality_name_en"": ""Yiftah"", ""population"": 649}, {""locality_code"": 578, ""locality_name_he"": ""סאסא"", ""locality_name_en"": ""Sasa"", ""population"": 431}, {""locality_code"": 596, ""locality_name_he"": ""מלכייה"", ""locality_name_en"": ""Malkiyya"", ""population"": 499}, {""locality_code"": 623, ""locality_name_he"": ""יראון"", ""locality_name_en"": ""Yir'on"", ""population"": 402}, {""locality_code"": 667, ""locality_name_he"": ""ברעם"", ""locality_name_en"": ""Bar'am"", ""population"": 752}, {""locality_code"": 852, ""locality_name_he"": ""גונן"", ""locality_name_en"": ""Gonen"", ""population"": 420}, {""locality_code"": 1132, ""locality_name_he"": ""שניר"", ""locality_name_en"": ""Senir"", ""population"": 749}, {""locality_code"": 1211, ""locality_name_he"": ""קדרים"", ""locality_name_en"": ""Qaddarim"", ""population"": 329}, {""locality_code"": 1213, ""locality_name_he"": ""צבעון"", ""locality_name_en"": ""Ziv'on"", ""population"": 457}, {""locality_code"": 1706, ""locality_name_he"": ""מפעלי גליל עליון"", ""locality_name_en"": """", ""population"": 0}, {""locality_code"": 1707, ""locality_name_he"": ""תל חי (מכללה)"", ""locality_name_en"": """", ""population"": 0}, {""locality_code"": 1806, ""locality_name_he"": ""עמק חולה מ\""א 1"", ""locality_name_en"": """", ""population"": 0}, {""locality_code"": 1809, ""locality_name_he"": ""גליל עליון מז מ\""א 1"", ""locality_name_en"": """", ""population"": 0}, {""locality_code"": 1813, ""locality_name_he"": ""אזור חצור מ\""א 1"", ""locality_name_en"": """", ""population"": 0}, {""locality_code"": 1816, ""locality_name_he"": ""אזור כנרות מ\""א 1"", ""locality_name_en"": """", ""population"": 0}]"
3,מועצה אזורית הגליל התחתון,מועצה אזורית,הצפון,כנרת,אשכול רשויות הכנרת והעמקים,13179,25,"[{""locality_code"": 49, ""locality_name_he"": ""אילנייה"", ""locality_name_en"": ""Ilaniyya"", ""population"": 528}, {""locality_code"": 58, ""locality_name_he"": ""מצפה"", ""locality_name_en"": ""Mizpa"", ""population"": 158}, {""locality_code"": 255, ""locality_name_he"": ""כפר חיטים"", ""locality_name_en"": ""Kefar Hittim"", ""population"": 623}, {""locality_code"": 292, ""locality_name_he"": ""שרונה"", ""locality_name_en"": ""Sharona"", ""population"": 690}, {""locality_code"": 306, ""locality_name_he"": ""שדמות דבורה"", ""locality_name_en"": ""Shadmot Devora"", ""population"": 813}, {""locality_code"": 307, ""locality_name_he"": ""הזורעים"", ""locality_name_en"": ""HaZore'im"", ""population"": 1154}, {""locality_code"": 365, ""locality_name_he"": ""בית קשת"", ""locality_name_en"": ""Bet Qeshet"", ""population"": 737}, {""locality_code"": 371, ""locality_name_he"": ""כדורי"", ""locality_name_en"": ""Kadoorie"", ""population"": 153}, {""locality_code"": 388, ""locality_name_he"": ""כפר קיש"", ""locality_name_en"": ""Kefar Kisch"", ""population"": 758}, {""locality_code"": 585, ""locality_name_he"": ""לביא"", ""locality_name_en"": ""Lavi"", ""population"": 631}, {""locality_code"": 701, ""locality_name_he"": ""ארבל"", ""locality_name_en"": ""Arbel"", ""population"": 745}, {""locality_code"": 721, ""locality_name_he"": ""שדה אילן"", ""locality_name_en"": ""Sede Ilan"", ""population"": 744}, {""locality_code"": 786, ""locality_name_he"": ""כפר זיתים"", ""locality_name_en"": ""Kefar Zetim"", ""population"": 716}, {""locality_code"": 1162, ""locality_name_he"": ""בית רימון"", ""locality_name_en"": ""Bet Rimmon"", ""population"": 1107}, {""locality_code"": 1190, ""locality_name_he"": ""מצפה נטופה"", ""locality_name_en"": ""Mizpe Netofa"", ""population"": 1000}, {""locality_code"": 1258, ""locality_name_he"": ""מסד"", ""locality_name_en"": ""Massad"", ""population"": 352}, {""locality_code"": 1293, ""locality_name_he"": ""גבעת אבני"", ""locality_name_en"": ""Giv'at Avni"", ""population"": 2137}, {""locality_code"": 1322, ""locality_name_he"": ""הודיות"", ""locality_name_en"": ""Hodayot"", ""population"": 133}, {""locality_code"": 1713, ""locality_name_he"": ""מרכז אזורי כדורי"", ""locality_name_en"": """", ""population"": 0}, {""locality_code"": 1714, ""locality_name_he"": ""תעשיות גליל תחתון"", ""locality_name_en"": """", ""population"": 0}, {""locality_code"": 1805, ""locality_name_he"": ""אזור כינרות מ\""א 3"", ""locality_name_en"": """", ""population"": 0}, {""locality_code"": 1819, ""locality_name_he"": ""גליל תחתון מז מ\""א 3"", ""locality_name_en"": """", ""population"": 0}, {""locality_code"": 1883, ""locality_name_he"": ""נחל יפתחאל מ\""א 3"", ""locality_name_en"": """", ""population"": 0}, {""locality_code"": 1884, ""locality_name_he"": ""בקעת תירען מ\""א 3"", ""locality_name_en"": """", ""population"": 0}, {""locality_code"": 1963, ""locality_name_he"": ""גאון הירדן מ\""א 3"", ""locality_name_en"": """", ""population"": 0}]"
54,מועצה אזורית הערבה התיכונה,מועצה אזורית,הדרום,באר שבע,אשכול רשויות נגב מזרחי,6085,12,"[{""locality_code"": 13, ""locality_name_he"": ""חצבה"", ""locality_name_en"": ""Hazeva"", ""population"": 1218}, {""locality_code"": 806, ""locality_name_he"": ""עין יהב"", ""locality_name_en"": ""En Yahav"", ""population"": 1408}, {""locality_code"": 1150, ""locality_name_he"": ""צופר"", ""locality_name_en"": ""Zofar"", ""population"": 855}, {""locality_code"": 1151, ""locality_name_he"": ""פארן"", ""locality_name_en"": ""Paran"", ""population"": 1013}, {""locality_code"": 1175, ""locality_name_he"": ""עידן"", ""locality_name_en"": ""Iddan"", ""population"": 716}, {""locality_code"": 1176, ""locality_name_he"": ""ספיר"", ""locality_name_en"": ""Sappir"", ""population"": 509}, {""locality_code"": 1187, ""locality_name_he"": ""עיר אובות"", ""locality_name_en"": ""Ir Ovot"", ""population"": 0}, {""locality_code"": 1262, ""locality_name_he"": ""צוקים"", ""locality_name_en"": ""Zuqim"", ""population"": 366}, {""locality_code"": 1776, ""locality_name_he"": ""מפעלי צין - ערבה"", ""locality_name_en"": """", ""population"": 0}, {""locality_code"": 1946, ""locality_name_he"": ""הערבה מ\""א 54"", ""locality_name_en"": """", ""population"": 0}, {""locality_code"": 1950, ""locality_name_he"": ""הר הנגב הצפוני מ\""א 54"", ""locality_name_en"": """", ""population"": 0}, {""locality_code"": 1952, ""locality_name_he"": ""הר הנגב הדרומי מ\""א 54"", ""locality_name_en"": """", ""population"": 0}]"
78,מועצה אזורית הר חברון,מועצה אזורית,אזור יהודה ושומרון,חברון,אשכול יהודה ושומרון,11480,16,"[{""locality_code"": 1794, ""locality_name_he"": ""תעשיון מיתרים"", ""locality_name_en"": """", ""population"": 0}, {""locality_code"": 1983, ""locality_name_he"": ""נפת חברון מ\""א 78"", ""locality_name_en"": """", ""population"": 0}, {""locality_code"": 3656, ""locality_name_he"": ""כרמל"", ""locality_name_en"": ""Karmel"", ""population"": 632}, {""locality_code"": 3657, ""locality_name_he"": ""מעון"", ""locality_name_en"": ""Ma'on"", ""population"": 749}, {""locality_code"": 3719, ""locality_name_he"": ""תלם"", ""locality_name_en"": ""Telem"", ""population"": 581}, {""locality_code"": 3722, ""locality_name_he"": ""אשכולות"", ""locality_name_en"": ""Eshkolot"", ""population"": 635}, {""locality_code"": 3723, ""locality_name_he"": ""פני חבר"", ""locality_name_en"": ""Pene Hever"", ""population"": 622}, {""locality_code"": 3724, ""locality_name_he"": ""נגוהות"", ""locality_name_en"": ""Negohot"", ""population"": 534}, {""locality_code"": 3743, ""locality_name_he"": ""טנא"", ""locality_name_en"": ""Tene"", ""population"": 1094}, {""locality_code"": 3745, ""locality_name_he"": ""מצדות יהודה"", ""locality_name_en"": ""Mezadot Yehuda"", ""population"": 796}, {""locality_code"": 3748, ""locality_name_he"": ""עתניאל"", ""locality_name_en"": ""Otni'el"", ""population"": 1016}, {""locality_code"": 3756, ""locality_name_he"": ""סוסיה"", ""locality_name_en"": ""Suseya"", ""population"": 1567}, {""locality_code"": 3759, ""locality_name_he"": ""אדורה"", ""locality_name_en"": ""Adora"", ""population"": 534}, {""locality_code"": 3764, ""locality_name_he"": ""חגי"", ""locality_name_en"": ""Haggay"", ""population"": 863}, {""locality_code"": 3777, ""locality_name_he"": ""סנסנה"", ""locality_name_en"": ""Sansana"", ""population"": 842}, {""locality_code"": 3784, ""locality_name_he"": ""שמעה"", ""locality_name_en"": ""Shim'a"", ""population"": 1015}]"
12,מועצה אזורית זבולון,מועצה אזורית,חיפה,חיפה,אשכול רשויות המפרץ,13507,15,"[{""locality_code"": 96, ""locality_name_he"": ""יגור"", ""locality_name_en"": ""Yagur"", ""population"": 1550}, {""locality_code"": 112, ""locality_name_he"": ""כפר חסידים א'"", ""locality_name_en"": ""Kefar Hasidim Alef"", ""population"": 1025}, {""locality_code"": 178, ""locality_name_he"": ""רמת יוחנן"", ""locality_name_en"": ""Ramat Yohanan"", ""population"": 1114}, {""locality_code"": 220, ""locality_name_he"": ""כפר ביאליק"", ""locality_name_en"": ""Kefar Bialik"", ""population"": 765}, {""locality_code"": 237, ""locality_name_he"": ""שער העמקים"", ""locality_name_en"": ""Sha'ar HaAmaqim"", ""population"": 794}, {""locality_code"": 254, ""locality_name_he"": ""כפר המכבי"", ""locality_name_en"": ""Kefar HaMakkabbi"", ""population"": 441}, {""locality_code"": 278, ""locality_name_he"": ""אושה"", ""locality_name_en"": ""Usha"", ""population"": 576}, {""locality_code"": 652, ""locality_name_he"": ""אבטין"", ""locality_name_en"": ""Ibtin"", ""population"": 2806}, {""locality_code"": 882, ""locality_name_he"": ""אורנים"", ""locality_name_en"": ""Oranim"", ""population"": 115}, {""locality_code"": 889, ""locality_name_he"": ""כפר חסידים ב'"", ""locality_name_en"": ""Kefar Hasidim Bet"", ""population"": 208}, {""locality_code"": 890, ""locality_name_he"": ""כפר הנוער הדתי"", ""locality_name_en"": ""Kefar HaNo'ar Hadati"", ""population"": 131}, {""locality_code"": 990, ""locality_name_he"": ""ראס עלי"", ""locality_name_en"": ""Ras Ali"", ""population"": 783}, {""locality_code"": 1284, ""locality_name_he"": ""נופית"", ""locality_name_en"": ""Nofit"", ""population"": 2428}, {""locality_code"": 1321, ""locality_name_he"": ""ח'ואלד"", ""locality_name_en"": ""Khawaled"", ""population"": 771}, {""locality_code"": 1860, ""locality_name_he"": ""אזור חיפה מ\""א 12"", ""locality_name_en"": """", ""population"": 0}]"
53,מועצה אזורית חבל אילות,מועצה אזורית,הדרום,באר שבע,אשכול רשויות נגב מזרחי,4956,18,"[{""locality_code"": 21, ""locality_name_he"": ""באר אורה"", ""locality_name_en"": ""Be'er Ora"", ""population"": 1332}, {""locality_code"": 866, ""locality_name_he"": ""יטבתה"", ""locality_name_en"": ""Yotvata"", ""population"": 801}, {""locality_code"": 1052, ""locality_name_he"": ""קטורה"", ""locality_name_en"": ""Qetura"", ""population"": 511}, {""locality_code"": 1126, ""locality_name_he"": ""אילות"", ""locality_name_en"": ""Elot"", ""population"": 425}, {""locality_code"": 1129, ""locality_name_he"": ""גרופית"", ""locality_name_en"": ""Gerofit"", ""population"": 331}, {""locality_code"": 1156, ""locality_name_he"": ""סמר"", ""locality_name_en"": ""Samar"", ""population"": 246}, {""locality_code"": 1158, ""locality_name_he"": ""יהל"", ""locality_name_en"": ""Yahel"", ""population"": 325}, {""locality_code"": 1197, ""locality_name_he"": ""נאות סמדר"", ""locality_name_en"": ""Ne'ot Smadar"", ""population"": 258}, {""locality_code"": 1248, ""locality_name_he"": ""אליפז"", ""locality_name_en"": ""Elifaz"", ""population"": 193}, {""locality_code"": 1255, ""locality_name_he"": ""לוטן"", ""locality_name_en"": ""Lotan"", ""population"": 240}, {""locality_code"": 1266, ""locality_name_he"": ""שחרות"", ""locality_name_en"": ""Shaharut"", ""population"": 159}, {""locality_code"": 1267, ""locality_name_he"": ""שיטים"", ""locality_name_en"": ""Shittim"", ""population"": 0}, {""locality_code"": 1279, ""locality_name_he"": ""נווה חריף"", ""locality_name_en"": ""Newe Harif"", ""population"": 135}, {""locality_code"": 1416, ""locality_name_he"": ""מחנה יוכבד*"", ""locality_name_en"": ""Mahane Yokheved"", ""population"": 0}, {""locality_code"": 1760, ""locality_name_he"": ""תעשיון נוף אדום"", ""locality_name_en"": ""Nof Edom Industrial Zone"", ""population"": 0}, {""locality_code"": 1945, ""locality_name_he"": ""הערבה מ\""א 53"", ""locality_name_en"": """", ""population"": 0}, {""locality_code"": 1947, ""locality_name_he"": ""הר הנגב הצפוני מ\""א 53"", ""locality_name_en"": """", ""population"": 0}, {""locality_code"": 1951, ""locality_name_he"": ""הר הנגב הדרומי מ\""א 53"", ""locality_name_en"": """", ""population"": 0}]"
29,מועצה אזורית חבל יבנה,מועצה אזורית,המרכז,רחובות,אשכול רשויות שורק דרומי,6521,11,"[{""locality_code"": 334, ""locality_name_he"": ""קבוצת יבנה"", ""locality_name_en"": ""Qevuzat Yavne"", ""population"": 953}, {""locality_code"": 571, ""locality_name_he"": ""בית גמליאל"", ""locality_name_en"": ""Bet Gamli'el"", ""population"": 1015}, {""locality_code"": 592, ""locality_name_he"": ""בני דרום"", ""locality_name_en"": ""Bene Darom"", ""population"": 1033}, {""locality_code"": 720, ""locality_name_he"": ""ניר גלים"", ""locality_name_en"": ""Nir Gallim"", ""population"": 1252}, {""locality_code"": 760, ""locality_name_he"": ""בן זכאי"", ""locality_name_en"": ""Ben Zakkay"", ""population"": 997}, {""locality_code"": 848, ""locality_name_he"": ""בית רבן"", ""locality_name_en"": ""Bet Rabban"", ""population"": 706}, {""locality_code"": 1094, ""locality_name_he"": ""כרם ביבנה (ישיבה)"", ""locality_name_en"": ""Kerem Beyavne"", ""population"": 565}, {""locality_code"": 1111, ""locality_name_he"": ""צופייה"", ""locality_name_en"": ""Zofiyya"", ""population"": 0}, {""locality_code"": 1750, ""locality_name_he"": ""תעשיון חבל יבנה"", ""locality_name_en"": """", ""population"": 0}, {""locality_code"": 1899, ""locality_name_he"": ""אזור רחובות מ\""א 29"", ""locality_name_en"": """", ""population"": 0}, {""locality_code"": 1922, ""locality_name_he"": ""אזור אשדוד מ\""א 29"", ""locality_name_en"": """", ""population"": 0}]"
25,מועצה אזורית חבל מודיעין,מועצה אזורית,המרכז,רמלה,ללא שיוך לאשכול,23504,30,"[{""locality_code"": 88, ""locality_name_he"": ""כרם בן שמן"", ""locality_name_en"": ""Kerem Ben Shemen"", ""population"": 129}, {""locality_code"": 257, ""locality_name_he"": ""נופך"", ""locality_name_en"": ""Nofekh"", ""population"": 683}, {""locality_code"": 448, ""locality_name_he"": ""בני עטרות"", ""locality_name_en"": ""Bene Atarot"", ""population"": 932}, {""locality_code"": 449, ""locality_name_he"": ""נחלים"", ""locality_name_en"": ""Nehalim"", ""population"": 1551}, {""locality_code"": 450, ""locality_name_he"": ""בארות יצחק"", ""locality_name_en"": ""Be'erot Yizhaq"", ""population"": 566}, {""locality_code"": 604, ""locality_name_he"": ""בית עריף"", ""locality_name_en"": ""Bet Arif"", ""population"": 1135}, {""locality_code"": 606, ""locality_name_he"": ""מזור"", ""locality_name_en"": ""Mazor"", ""population"": 1143}, {""locality_code"": 616, ""locality_name_he"": ""רינתיה"", ""locality_name_en"": ""Rinnatya"", ""population"": 1192}, {""locality_code"": 618, ""locality_name_he"": ""חדיד"", ""locality_name_en"": ""Hadid"", ""population"": 1128}, {""locality_code"": 663, ""locality_name_he"": ""טירת יהודה"", ""locality_name_en"": ""Tirat Yehuda"", ""population"": 1259}, {""locality_code"": 673, ""locality_name_he"": ""כפר טרומן"", ""locality_name_en"": ""Kefar Truman"", ""population"": 855}, {""locality_code"": 707, ""locality_name_he"": ""כפר דניאל"", ""locality_name_en"": ""Kefar Daniyyel"", ""population"": 630}, {""locality_code"": 745, ""locality_name_he"": ""גמזו"", ""locality_name_en"": ""Gimzo"", ""population"": 1155}, {""locality_code"": 784, ""locality_name_he"": ""בית נחמיה"", ""locality_name_en"": ""Bet Nehemya"", ""population"": 1082}, {""locality_code"": 802, ""locality_name_he"": ""גבעת כ\""ח"", ""locality_name_en"": ""Giv'at Koah"", ""population"": 958}, {""locality_code"": 804, ""locality_name_he"": ""אחיסמך"", ""locality_name_en"": ""Ahisamakh"", ""population"": 1416}, {""locality_code"": 863, ""locality_name_he"": ""גינתון"", ""locality_name_en"": ""Ginnaton"", ""population"": 1018}, {""locality_code"": 1084, ""locality_name_he"": ""בן שמן (כפר נוער)"", ""locality_name_en"": ""Ben Shemen(K.No'ar)"", ""population"": 301}, {""locality_code"": 1141, ""locality_name_he"": ""מבוא מודיעים"", ""locality_name_en"": ""Mevo Modi'im"", ""population"": 199}, {""locality_code"": 1165, ""locality_name_he"": ""שילת"", ""locality_name_en"": ""Shilat"", ""population"": 822}, {""locality_code"": 1166, ""locality_name_he"": ""כפר רות"", ""locality_name_en"": ""Kefar Rut"", ""population"": 299}, {""locality_code"": 1310, ""locality_name_he"": ""לפיד"", ""locality_name_en"": ""Lappid"", ""population"": 2047}, {""locality_code"": 1729, ""locality_name_he"": ""מפעלי חבל מודיעים"", ""locality_name_en"": """", ""population"": 0}, {""locality_code"": 1746, ""locality_name_he"": ""קרית תעופה"", ""locality_name_en"": """", ""population"": 0}, {""locality_code"": 1747, ""locality_name_he"": ""מרכז אזורי שוהם"", ""locality_name_en"": """", ""population"": 0}, {""locality_code"": 1886, ""locality_name_he"": ""אזור פתח תקווה מ\""א 25"", ""locality_name_en"": """", ""population"": 0}, {""locality_code"": 1887, ""locality_name_he"": ""אזור מודיעין מ\""א 25"", ""locality_name_en"": """", ""population"": 0}, {""locality_code"": 1892, ""locality_name_he"": ""אזור רמלה מ\""א 25"", ""locality_name_en"": """", ""population"": 0}, {""locality_code"": 2013, ""locality_name_he"": ""בן שמן (מושב)"", ""locality_name_en"": ""Ben Shemen (Moshav)"", ""population"": 850}, {""locality_code"": 2038, ""locality_name_he"": ""ברקת"", ""locality_name_en"": ""Bareqet"", ""population"": 2154}]"
36,מועצה אזורית חוף אשקלון,מועצה אזורית,הדרום,אשקלון,אשכול רשויות נגב מערבי,20571,22,"[{""locality_code"": 107, ""locality_name_he"": ""כפר סילבר"", ""locality_name_en"": ""Kefar Silver"", ""population"": 279}, {""locality_code"": 342, ""locality_name_he"": ""גברעם"", ""locality_name_en"": ""Gevar'am"", ""population"": 728}, {""locality_code"": 351, ""locality_name_he"": ""ניצן"", ""locality_name_en"": ""Nizzan"", ""population"": 2607}, {""locality_code"": 358, ""locality_name_he"": ""יד מרדכי"", ""locality_name_en"": ""Yad Mordekhay"", ""population"": 987}, {""locality_code"": 359, ""locality_name_he"": ""ניצנים"", ""locality_name_en"": ""Nizzanim"", ""population"": 751}, {""locality_code"": 573, ""locality_name_he"": ""מבקיעים"", ""locality_name_en"": ""Mavqi'im"", ""population"": 515}, {""locality_code"": 584, ""locality_name_he"": ""זיקים"", ""locality_name_en"": ""Ziqim"", ""population"": 944}, {""locality_code"": 699, ""locality_name_he"": ""ניר ישראל"", ""locality_name_en"": ""Nir Yisra'el"", ""population"": 870}, {""locality_code"": 706, ""locality_name_he"": ""גיאה"", ""locality_name_en"": ""Ge'a"", ""population"": 792}, {""locality_code"": 726, ""locality_name_he"": ""הודייה"", ""locality_name_en"": ""Hodiyya"", ""population"": 788}, {""locality_code"": 744, ""locality_name_he"": ""תלמי יפה"", ""locality_name_en"": ""Talme Yafe"", ""population"": 677}, {""locality_code"": 746, ""locality_name_he"": ""ברכיה"", ""locality_name_en"": ""Berekhya"", ""population"": 1292}, {""locality_code"": 747, ""locality_name_he"": ""בית שקמה"", ""locality_name_en"": ""Bet Shiqma"", ""population"": 880}, {""locality_code"": 768, ""locality_name_he"": ""כרמייה"", ""locality_name_en"": ""Karmiyya"", ""population"": 742}, {""locality_code"": 791, ""locality_name_he"": ""משען"", ""locality_name_en"": ""Mash'en"", ""population"": 956}, {""locality_code"": 820, ""locality_name_he"": ""חלץ"", ""locality_name_en"": ""Helez"", ""population"": 603}, {""locality_code"": 824, ""locality_name_he"": ""כוכב מיכאל"", ""locality_name_en"": ""Kokhav Mikha'el"", ""population"": 1101}, {""locality_code"": 1242, ""locality_name_he"": ""נתיב העשרה"", ""locality_name_en"": ""Netiv HaAsara"", ""population"": 1242}, {""locality_code"": 1323, ""locality_name_he"": ""בת הדר"", ""locality_name_en"": ""Bat Hadar"", ""population"": 661}, {""locality_code"": 1376, ""locality_name_he"": ""באר גנים"", ""locality_name_en"": ""Be'er Gannim"", ""population"": 2704}, {""locality_code"": 1419, ""locality_name_he"": ""ניצן ב'"", ""locality_name_en"": ""Nizzan B"", ""population"": 452}, {""locality_code"": 1924, ""locality_name_he"": ""אזור אשקלון מ\""א 36"", ""locality_name_en"": """", ""population"": 0}]"
15,מועצה אזורית חוף הכרמל,מועצה אזורית,חיפה,חדרה,אשכול רשויות מישור החוף,35366,30,"[{""locality_code"": 33, ""locality_name_he"": ""בת שלמה"", ""locality_name_en"": ""Bat Shelomo"", ""population"": 650}, {""locality_code"": 53, ""locality_name_he"": ""עתלית"", ""locality_name_en"": ""Atlit"", ""population"": 11184}, {""locality_code"": 74, ""locality_name_he"": ""עין הוד"", ""locality_name_en"": ""En Hod"", ""population"": 628}, {""locality_code"": 102, ""locality_name_he"": ""מאיר שפיה"", ""locality_name_en"": ""Me'ir Shefeya"", ""population"": 184}, {""locality_code"": 212, ""locality_name_he"": ""בית צבי"", ""locality_name_en"": ""Bet Zevi"", ""population"": 187}, {""locality_code"": 290, ""locality_name_he"": ""מעיין צבי"", ""locality_name_en"": ""Ma'yan Zevi"", ""population"": 792}, {""locality_code"": 312, ""locality_name_he"": ""נווה ים"", ""locality_name_en"": ""Newe Yam"", ""population"": 269}, {""locality_code"": 317, ""locality_name_he"": ""בית אורן"", ""locality_name_en"": ""Bet Oren"", ""population"": 535}, {""locality_code"": 327, ""locality_name_he"": ""שדות ים"", ""locality_name_en"": ""Sedot Yam"", ""population"": 1171}, {""locality_code"": 426, ""locality_name_he"": ""עין כרמל"", ""locality_name_en"": ""En Karmel"", ""population"": 800}, {""locality_code"": 427, ""locality_name_he"": ""כפר גלים"", ""locality_name_en"": ""Kefar Gallim"", ""population"": 206}, {""locality_code"": 433, ""locality_name_he"": ""נחשולים"", ""locality_name_en"": ""Nahsholim"", ""population"": 719}, {""locality_code"": 434, ""locality_name_he"": ""החותרים"", ""locality_name_en"": ""HaHoterim"", ""population"": 945}, {""locality_code"": 580, ""locality_name_he"": ""כרם מהר\""ל"", ""locality_name_en"": ""Kerem Maharal"", ""population"": 940}, {""locality_code"": 612, ""locality_name_he"": ""צרופה"", ""locality_name_en"": ""Zerufa"", ""population"": 1244}, {""locality_code"": 675, ""locality_name_he"": ""הבונים"", ""locality_name_en"": ""HaBonim"", ""population"": 409}, {""locality_code"": 683, ""locality_name_he"": ""גבע כרמל"", ""locality_name_en"": ""Geva Karmel"", ""population"": 1126}, {""locality_code"": 687, ""locality_name_he"": ""עין איילה"", ""locality_name_en"": ""En Ayyala"", ""population"": 1219}, {""locality_code"": 689, ""locality_name_he"": ""מגדים"", ""locality_name_en"": ""Megadim"", ""population"": 1222}, {""locality_code"": 694, ""locality_name_he"": ""מעגן מיכאל"", ""locality_name_en"": ""Ma'agan Mikha'el"", ""population"": 2118}, {""locality_code"": 738, ""locality_name_he"": ""דור"", ""locality_name_en"": ""Dor"", ""population"": 463}, {""locality_code"": 769, ""locality_name_he"": ""ניר עציון"", ""locality_name_en"": ""Nir Ezyon"", ""population"": 816}, {""locality_code"": 800, ""locality_name_he"": ""בית חנניה"", ""locality_name_en"": ""Bet Hananya"", ""population"": 846}, {""locality_code"": 810, ""locality_name_he"": ""עופר"", ""locality_name_en"": ""Ofer"", ""population"": 598}, {""locality_code"": 1167, ""locality_name_he"": ""קיסריה"", ""locality_name_en"": ""Qesaryya"", ""population"": 5765}, {""locality_code"": 1320, ""locality_name_he"": ""עין חוד"", ""locality_name_en"": ""Ein Hod"", ""population"": 330}, {""locality_code"": 1715, ""locality_name_he"": ""מרכז מיר\""ב*"", ""locality_name_en"": """", ""population"": 0}, {""locality_code"": 1864, ""locality_name_he"": ""חוף הכרמל מ\""א 15"", ""locality_name_en"": """", ""population"": 0}, {""locality_code"": 1866, ""locality_name_he"": ""אזור זכרון יעקב מ\""א 15"", ""locality_name_en"": """", ""population"": 0}, {""locality_code"": 1872, ""locality_name_he"": ""אזור חדרה מ\""א 15"", ""locality_name_en"": """", ""population"": 0}]"
19,מועצה אזורית חוף השרון,מועצה אזורית,המרכז,השרון,ללא שיוך לאשכול,12816,16,"[{""locality_code"": 232, ""locality_name_he"": ""שפיים"", ""locality_name_en"": ""Shefayim"", ""population"": 1468}, {""locality_code"": 247, ""locality_name_he"": ""רשפון"", ""locality_name_en"": ""Rishpon"", ""population"": 1315}, {""locality_code"": 287, ""locality_name_he"": ""תל יצחק"", ""locality_name_en"": ""Tel Yizhaq"", ""population"": 1005}, {""locality_code"": 288, ""locality_name_he"": ""בית יהושע"", ""locality_name_en"": ""Bet Yehoshua"", ""population"": 1072}, {""locality_code"": 316, ""locality_name_he"": ""כפר נטר"", ""locality_name_en"": ""Kefar Netter"", ""population"": 996}, {""locality_code"": 346, ""locality_name_he"": ""גליל ים"", ""locality_name_en"": ""Gelil Yam"", ""population"": 621}, {""locality_code"": 389, ""locality_name_he"": ""בצרה"", ""locality_name_en"": ""Bazra"", ""population"": 991}, {""locality_code"": 412, ""locality_name_he"": ""קריית שלמה"", ""locality_name_en"": ""Qiryat Shelomo"", ""population"": 334}, {""locality_code"": 417, ""locality_name_he"": ""יקום"", ""locality_name_en"": ""Yaqum"", ""population"": 772}, {""locality_code"": 418, ""locality_name_he"": ""בני ציון"", ""locality_name_en"": ""Bene Ziyyon"", ""population"": 1147}, {""locality_code"": 446, ""locality_name_he"": ""אודים"", ""locality_name_en"": ""Udim"", ""population"": 1164}, {""locality_code"": 842, ""locality_name_he"": ""געש"", ""locality_name_en"": ""Ga'ash"", ""population"": 955}, {""locality_code"": 1024, ""locality_name_he"": ""חרוצים"", ""locality_name_en"": ""Haruzim"", ""population"": 792}, {""locality_code"": 1324, ""locality_name_he"": ""ארסוף"", ""locality_name_en"": ""Arsuf"", ""population"": 184}, {""locality_code"": 1878, ""locality_name_he"": ""מערב השרון מ\""א 19"", ""locality_name_en"": """", ""population"": 0}, {""locality_code"": 1907, ""locality_name_he"": ""אזור גלילות מ\""א 19"", ""locality_name_en"": """", ""population"": 0}]"
35,מועצה אזורית יואב,מועצה אזורית,הדרום,אשקלון,אשכול רשויות שורק דרומי,9228,17,"[{""locality_code"": 16, ""locality_name_he"": ""בית ניר"", ""locality_name_en"": ""Bet Nir"", ""population"": 660}, {""locality_code"": 274, ""locality_name_he"": ""כפר מנחם"", ""locality_name_en"": ""Kefar Menahem"", ""population"": 1358}, {""locality_code"": 293, ""locality_name_he"": ""שדה יואב"", ""locality_name_en"": ""Sede Yo'av"", ""population"": 639}, {""locality_code"": 315, ""locality_name_he"": ""נגבה"", ""locality_name_en"": ""Negba"", ""population"": 872}, {""locality_code"": 340, ""locality_name_he"": ""גת (קיבוץ)"", ""locality_name_en"": ""Gat(Qibbuz)"", ""population"": 941}, {""locality_code"": 392, ""locality_name_he"": ""קדמה"", ""locality_name_en"": ""Qedma"", ""population"": 0}, {""locality_code"": 393, ""locality_name_he"": ""גלאון"", ""locality_name_en"": ""Gal'on"", ""population"": 728}, {""locality_code"": 564, ""locality_name_he"": ""רבדים"", ""locality_name_en"": ""Revadim"", ""population"": 862}, {""locality_code"": 619, ""locality_name_he"": ""בית גוברין"", ""locality_name_en"": ""Bet Guvrin"", ""population"": 483}, {""locality_code"": 888, ""locality_name_he"": ""כפר הרי\""ף"", ""locality_name_en"": ""Kefar Harif"", ""population"": 838}, {""locality_code"": 1133, ""locality_name_he"": ""ורדון"", ""locality_name_en"": ""Wardon"", ""population"": 269}, {""locality_code"": 1339, ""locality_name_he"": ""אל -עזי"", ""locality_name_en"": ""Al-Azy"", ""population"": 193}, {""locality_code"": 1755, ""locality_name_he"": ""תעשיון ראם*"", ""locality_name_en"": """", ""population"": 0}, {""locality_code"": 1913, ""locality_name_he"": ""אזור מלאכי מ\""א 35"", ""locality_name_en"": """", ""population"": 0}, {""locality_code"": 1917, ""locality_name_he"": ""אזור לכיש מ\""א 35"", ""locality_name_en"": """", ""population"": 0}, {""locality_code"": 2045, ""locality_name_he"": ""נחלה"", ""locality_name_en"": ""Nahala"", ""population"": 725}, {""locality_code"": 2046, ""locality_name_he"": ""סגולה"", ""locality_name_en"": ""Segulla"", ""population"": 660}]"
18,מועצה אזורית לב השרון,מועצה אזורית,המרכז,השרון,אשכול רשויות השרון,23851,23,"[{""locality_code"": 157, ""locality_name_he"": ""עין ורד"", ""locality_name_en"": ""En Wered"", ""population"": 1626}, {""locality_code"": 162, ""locality_name_he"": ""חירות"", ""locality_name_en"": ""Herut"", ""population"": 1313}, {""locality_code"": 170, ""locality_name_he"": ""כפר יעבץ"", ""locality_name_en"": ""Kefar Ya'bez"", ""population"": 691}, {""locality_code"": 187, ""locality_name_he"": ""כפר הס"", ""locality_name_en"": ""Kefar Hess"", ""population"": 1522}, {""locality_code"": 276, ""locality_name_he"": ""צור משה"", ""locality_name_en"": ""Zur Moshe"", ""population"": 2780}, {""locality_code"": 379, ""locality_name_he"": ""גאולים"", ""locality_name_en"": ""Ge'ulim"", ""population"": 958}, {""locality_code"": 386, ""locality_name_he"": ""בני דרור"", ""locality_name_en"": ""Bene Deror"", ""population"": 1300}, {""locality_code"": 425, ""locality_name_he"": ""משמרת"", ""locality_name_en"": ""Mishmeret"", ""population"": 988}, {""locality_code"": 447, ""locality_name_he"": ""נורדייה"", ""locality_name_en"": ""Nordiyya"", ""population"": 2072}, {""locality_code"": 549, ""locality_name_he"": ""גנות הדר"", ""locality_name_en"": ""Gannot Hadar"", ""population"": 965}, {""locality_code"": 661, ""locality_name_he"": ""שער אפרים"", ""locality_name_en"": ""Sha'ar Efrayim"", ""population"": 2056}, {""locality_code"": 753, ""locality_name_he"": ""ינוב"", ""locality_name_en"": ""Yanuv"", ""population"": 870}, {""locality_code"": 767, ""locality_name_he"": ""פורת"", ""locality_name_en"": ""Porat"", ""population"": 1512}, {""locality_code"": 837, ""locality_name_he"": ""עזריאל"", ""locality_name_en"": ""Azri'el"", ""population"": 1035}, {""locality_code"": 851, ""locality_name_he"": ""ניצני עוז"", ""locality_name_en"": ""Nizzane Oz"", ""population"": 1244}, {""locality_code"": 875, ""locality_name_he"": ""כפר עבודה"", ""locality_name_en"": ""Kefar Avoda"", ""population"": 191}, {""locality_code"": 880, ""locality_name_he"": ""עין שריד"", ""locality_name_en"": ""En Sarid"", ""population"": 1503}, {""locality_code"": 1044, ""locality_name_he"": ""יעף"", ""locality_name_en"": ""Ye'af"", ""population"": 284}, {""locality_code"": 1741, ""locality_name_he"": ""תעשיון השרון"", ""locality_name_en"": """", ""population"": 0}, {""locality_code"": 1877, ""locality_name_he"": ""מערב השרון מ\""א 18"", ""locality_name_en"": """", ""population"": 0}, {""locality_code"": 1880, ""locality_name_he"": ""מזרח השרון מ\""א 18"", ""locality_name_en"": """", ""population"": 0}, {""locality_code"": 1881, ""locality_name_he"": ""דרום השרון מ\""א 18"", ""locality_name_en"": """", ""population"": 0}, {""locality_code"": 2002, ""locality_name_he"": ""תנובות"", ""locality_name_en"": ""Tenuvot"", ""population"": 941}]"
50,מועצה אזורית לכיש,מועצה אזורית,הדרום,אשקלון,ללא שיוך לאשכול,15428,21,"[{""locality_code"": 7, ""locality_name_he"": ""שחר"", ""locality_name_en"": ""Shahar"", ""population"": 812}, {""locality_code"": 11, ""locality_name_he"": ""ניר ח\""ן"", ""locality_name_en"": ""Nir Hen"", ""population"": 652}, {""locality_code"": 18, ""locality_name_he"": ""שדה משה"", ""locality_name_en"": ""Sede Moshe"", ""population"": 678}, {""locality_code"": 23, ""locality_name_he"": ""אמציה"", ""locality_name_en"": ""Amazya"", ""population"": 186}, {""locality_code"": 24, ""locality_name_he"": ""לכיש"", ""locality_name_en"": ""Lakhish"", ""population"": 1135}, {""locality_code"": 32, ""locality_name_he"": ""עוצם"", ""locality_name_en"": ""Ozem"", ""population"": 853}, {""locality_code"": 36, ""locality_name_he"": ""שדה דוד"", ""locality_name_en"": ""Sede Dawid"", ""population"": 787}, {""locality_code"": 44, ""locality_name_he"": ""זוהר"", ""locality_name_en"": ""Zohar"", ""population"": 373}, {""locality_code"": 55, ""locality_name_he"": ""נוגה"", ""locality_name_en"": ""Nogah"", ""population"": 739}, {""locality_code"": 309, ""locality_name_he"": ""נהורה"", ""locality_name_en"": ""Nehora"", ""population"": 1287}, {""locality_code"": 775, ""locality_name_he"": ""יד נתן"", ""locality_name_en"": ""Yad Natan"", ""population"": 654}, {""locality_code"": 814, ""locality_name_he"": ""תלמים"", ""locality_name_en"": ""Telamim"", ""population"": 908}, {""locality_code"": 821, ""locality_name_he"": ""אחוזם"", ""locality_name_en"": ""Ahuzzam"", ""population"": 524}, {""locality_code"": 1233, ""locality_name_he"": ""שקף"", ""locality_name_en"": ""Sheqef"", ""population"": 635}, {""locality_code"": 1365, ""locality_name_he"": ""אליאב"", ""locality_name_en"": ""Eliav"", ""population"": 823}, {""locality_code"": 1368, ""locality_name_he"": ""בני דקלים"", ""locality_name_en"": ""Bne Dkalim"", ""population"": 1844}, {""locality_code"": 1369, ""locality_name_he"": ""נטע"", ""locality_name_en"": ""Neta"", ""population"": 958}, {""locality_code"": 1374, ""locality_name_he"": ""כרמי קטיף"", ""locality_name_en"": ""Karme Katif"", ""population"": 799}, {""locality_code"": 1914, ""locality_name_he"": ""אזור מלאכי מ\""א 50"", ""locality_name_en"": """", ""population"": 0}, {""locality_code"": 1918, ""locality_name_he"": ""אזור לכיש מ\""א 50"", ""locality_name_en"": """", ""population"": 0}, {""locality_code"": 2030, ""locality_name_he"": ""מנוחה"", ""locality_name_en"": ""Menuha"", ""population"": 781}]"
55,מועצה אזורית מבואות החרמון,מועצה אזורית,הצפון,צפת,אשכול רשויות גליל מזרחי,8826,17,"[{""locality_code"": 322, ""locality_name_he"": ""בית הלל"", ""locality_name_en"": ""Bet Hillel"", ""population"": 1083}, {""locality_code"": 324, ""locality_name_he"": ""שאר ישוב"", ""locality_name_en"": ""She'ar Yashuv"", ""population"": 790}, {""locality_code"": 372, ""locality_name_he"": ""רמות נפתלי"", ""locality_name_en"": ""Ramot Naftali"", ""population"": 496}, {""locality_code"": 730, ""locality_name_he"": ""אליפלט"", ""locality_name_en"": ""Elifelet"", ""population"": 776}, {""locality_code"": 732, ""locality_name_he"": ""משמר הירדן"", ""locality_name_en"": ""Mishmar HaYarden"", ""population"": 934}, {""locality_code"": 843, ""locality_name_he"": ""מרגליות"", ""locality_name_en"": ""Margaliyyot"", ""population"": 457}, {""locality_code"": 861, ""locality_name_he"": ""שדה אליעזר"", ""locality_name_en"": ""Sede Eli'ezer"", ""population"": 1034}, {""locality_code"": 1210, ""locality_name_he"": ""כחל"", ""locality_name_en"": ""Kahal"", ""population"": 519}, {""locality_code"": 1252, ""locality_name_he"": ""כורזים"", ""locality_name_en"": ""Korazim"", ""population"": 487}, {""locality_code"": 1253, ""locality_name_he"": ""אמנון"", ""locality_name_en"": ""Amnun"", ""population"": 521}, {""locality_code"": 1285, ""locality_name_he"": ""כרכום"", ""locality_name_en"": ""Karkom"", ""population"": 504}, {""locality_code"": 1705, ""locality_name_he"": ""מרכז כ\""ח"", ""locality_name_en"": """", ""population"": 0}, {""locality_code"": 1807, ""locality_name_he"": ""עמק חולה מ\""א 55"", ""locality_name_en"": """", ""population"": 0}, {""locality_code"": 1810, ""locality_name_he"": ""גליל עליון מז מ\""א 55"", ""locality_name_en"": """", ""population"": 0}, {""locality_code"": 1814, ""locality_name_he"": ""אזור חצור מ\""א 55"", ""locality_name_en"": """", ""population"": 0}, {""locality_code"": 2009, ""locality_name_he"": ""יובל"", ""locality_name_en"": ""Yuval"", ""population"": 829}, {""locality_code"": 2063, ""locality_name_he"": ""דישון"", ""locality_name_en"": ""Dishon"", ""population"": 396}]"
13,מועצה אזורית מגידו,מועצה אזורית,הצפון,יזרעאל,אשכול רשויות הגליל והעמקים,12643,16,"[{""locality_code"": 130, ""locality_name_he"": ""משמר העמק"", ""locality_name_en"": ""Mishmar HaEmeq"", ""population"": 1219}, {""locality_code"": 241, ""locality_name_he"": ""יקנעם (מושבה)"", ""locality_name_en"": ""Yoqne'am(Moshava)"", ""population"": 1461}, {""locality_code"": 250, ""locality_name_he"": ""הזורע"", ""locality_name_en"": ""HaZorea"", ""population"": 1045}, {""locality_code"": 270, ""locality_name_he"": ""עין השופט"", ""locality_name_en"": ""En HaShofet"", ""population"": 989}, {""locality_code"": 300, ""locality_name_he"": ""דלייה"", ""locality_name_en"": ""Daliyya"", ""population"": 877}, {""locality_code"": 335, ""locality_name_he"": ""רמת השופט"", ""locality_name_en"": ""Ramat HaShofet"", ""population"": 1099}, {""locality_code"": 367, ""locality_name_he"": ""עין העמק"", ""locality_name_en"": ""En HaEmeq"", ""population"": 813}, {""locality_code"": 369, ""locality_name_he"": ""גלעד (אבן יצחק)"", ""locality_name_en"": ""Gal'ed (Even Yizhaq)"", ""population"": 590}, {""locality_code"": 445, ""locality_name_he"": ""רמות מנשה"", ""locality_name_en"": ""Ramot Menashe"", ""population"": 1341}, {""locality_code"": 586, ""locality_name_he"": ""מגידו"", ""locality_name_en"": ""Megiddo"", ""population"": 944}, {""locality_code"": 682, ""locality_name_he"": ""אליקים"", ""locality_name_en"": ""Elyaqim"", ""population"": 920}, {""locality_code"": 703, ""locality_name_he"": ""גבעת עוז"", ""locality_name_en"": ""Giv'at Oz"", ""population"": 494}, {""locality_code"": 1834, ""locality_name_he"": ""עמק יזרעאל מ\""א 13"", ""locality_name_en"": """", ""population"": 0}, {""locality_code"": 1836, ""locality_name_he"": ""אזור יקנעם מ\""א 13"", ""locality_name_en"": """", ""population"": 0}, {""locality_code"": 1837, ""locality_name_he"": ""רמת מנשה מ\""א 13"", ""locality_name_en"": """", ""population"": 0}, {""locality_code"": 2029, ""locality_name_he"": ""מדרך עוז"", ""locality_name_en"": ""Midrakh Oz"", ""population"": 851}]"
74,מועצה אזורית מגילות ים המלח,מועצה אזורית,אזור יהודה ושומרון,ירדן-יריחו,אשכול יהודה ושומרון,2387,7,"[{""locality_code"": 1978, ""locality_name_he"": ""נפת ירדן מ\""א 74"", ""locality_name_en"": """", ""population"": 0}, {""locality_code"": 3556, ""locality_name_he"": ""אלמוג"", ""locality_name_en"": ""Almog"", ""population"": 306}, {""locality_code"": 3601, ""locality_name_he"": ""קליה"", ""locality_name_en"": ""Qalya"", ""population"": 550}, {""locality_code"": 3610, ""locality_name_he"": ""מצפה שלם"", ""locality_name_en"": ""Mizpe Shalem"", ""population"": 279}, {""locality_code"": 3639, ""locality_name_he"": ""ורד יריחו"", ""locality_name_en"": ""Wered Yeriho"", ""population"": 416}, {""locality_code"": 3645, ""locality_name_he"": ""בית הערבה"", ""locality_name_en"": ""Bet HaArava"", ""population"": 565}, {""locality_code"": 3786, ""locality_name_he"": ""אבנת"", ""locality_name_en"": ""Avenat"", ""population"": 271}]"
4,מועצה אזורית מטה אשר,מועצה אזורית,הצפון,עכו,אשכול רשויות גליל מערבי,31953,40,"[{""locality_code"": 280, ""locality_name_he"": ""חניתה"", ""locality_name_en"": ""Hanita"", ""population"": 815}, {""locality_code"": 282, ""locality_name_he"": ""שבי ציון"", ""locality_name_en"": ""Shave Ziyyon"", ""population"": 1324}, {""locality_code"": 289, ""locality_name_he"": ""עין המפרץ"", ""locality_name_en"": ""En HaMifraz"", ""population"": 885}, {""locality_code"": 294, ""locality_name_he"": ""אילון"", ""locality_name_en"": ""Elon"", ""population"": 1257}, {""locality_code"": 297, ""locality_name_he"": ""כפר מסריק"", ""locality_name_en"": ""Kefar Masaryk"", ""population"": 856}, {""locality_code"": 313, ""locality_name_he"": ""אפק"", ""locality_name_en"": ""Afeq"", ""population"": 731}, {""locality_code"": 325, ""locality_name_he"": ""מצובה"", ""locality_name_en"": ""Mazzuva"", ""population"": 1193}, {""locality_code"": 376, ""locality_name_he"": ""עברון"", ""locality_name_en"": ""Evron"", ""population"": 956}, {""locality_code"": 390, ""locality_name_he"": ""רגבה"", ""locality_name_en"": ""Regba"", ""population"": 1088}, {""locality_code"": 409, ""locality_name_he"": ""יחיעם"", ""locality_name_en"": ""Yehi'am"", ""population"": 841}, {""locality_code"": 432, ""locality_name_he"": ""שמרת"", ""locality_name_en"": ""Shamerat"", ""population"": 715}, {""locality_code"": 454, ""locality_name_he"": ""סער"", ""locality_name_en"": ""Sa'ar"", ""population"": 918}, {""locality_code"": 463, ""locality_name_he"": ""געתון"", ""locality_name_en"": ""Ga'ton"", ""population"": 740}, {""locality_code"": 559, ""locality_name_he"": ""בוסתן הגליל"", ""locality_name_en"": ""Bustan HaGalil"", ""population"": 1024}, {""locality_code"": 572, ""locality_name_he"": ""בית העמק"", ""locality_name_en"": ""Bet HaEmeq"", ""population"": 770}, {""locality_code"": 574, ""locality_name_he"": ""גשר הזיו"", ""locality_name_en"": ""Gesher HaZiw"", ""population"": 1646}, {""locality_code"": 575, ""locality_name_he"": ""יסעור"", ""locality_name_en"": ""Yas'ur"", ""population"": 847}, {""locality_code"": 576, ""locality_name_he"": ""כברי"", ""locality_name_en"": ""Kabri"", ""population"": 1089}, {""locality_code"": 579, ""locality_name_he"": ""כפר ראש הנקרה"", ""locality_name_en"": ""Kefar Rosh HaNiqra"", ""population"": 1372}, {""locality_code"": 589, ""locality_name_he"": ""בצת"", ""locality_name_en"": ""Bezet"", ""population"": 615}, {""locality_code"": 595, ""locality_name_he"": ""לוחמי הגיטאות"", ""locality_name_en"": ""Lohame HaGeta'ot"", ""population"": 978}, {""locality_code"": 658, ""locality_name_he"": ""שייח' דנון"", ""locality_name_en"": ""Sheikh Dannun"", ""population"": 2942}, {""locality_code"": 674, ""locality_name_he"": ""לימן"", ""locality_name_en"": ""Liman"", ""population"": 873}, {""locality_code"": 708, ""locality_name_he"": ""עמקה"", ""locality_name_en"": ""Amqa"", ""population"": 930}, {""locality_code"": 712, ""locality_name_he"": ""בן עמי"", ""locality_name_en"": ""Ben Ammi"", ""population"": 797}, {""locality_code"": 785, ""locality_name_he"": ""אחיהוד"", ""locality_name_en"": ""Ahihud"", ""population"": 1111}, {""locality_code"": 792, ""locality_name_he"": ""נתיב השיירה"", ""locality_name_en"": ""Netiv HaShayyara"", ""population"": 488}, {""locality_code"": 1068, ""locality_name_he"": ""אדמית"", ""locality_name_en"": ""Adamit"", ""population"": 427}, {""locality_code"": 1143, ""locality_name_he"": ""נס עמים"", ""locality_name_en"": ""Nes Ammim"", ""population"": 442}, {""locality_code"": 1183, ""locality_name_he"": ""כליל"", ""locality_name_en"": ""Kelil"", ""population"": 931}, {""locality_code"": 1246, ""locality_name_he"": ""עראמשה"", ""locality_name_en"": ""Aramsha"", ""population"": 1742}, {""locality_code"": 1256, ""locality_name_he"": ""אשרת"", ""locality_name_en"": ""Asherat"", ""population"": 610}, {""locality_code"": 1725, ""locality_name_he"": ""בי\""ס אזורי מקיף (אשר)"", ""locality_name_en"": """", ""population"": 0}, {""locality_code"": 1726, ""locality_name_he"": ""אזור תעשייה אכזיב (מילואות)"", ""locality_name_en"": """", ""population"": 0}, {""locality_code"": 1727, ""locality_name_he"": ""אזור תעשייה נעמן (מילואות)"", ""locality_name_en"": """", ""population"": 0}, {""locality_code"": 1728, ""locality_name_he"": ""בר-לב"", ""locality_name_en"": """", ""population"": 0}, {""locality_code"": 1846, ""locality_name_he"": ""אזור יחיעם מ\""א 4"", ""locality_name_en"": """", ""population"": 0}, {""locality_code"": 1852, ""locality_name_he"": ""אזור אילון מ\""א 4"", ""locality_name_en"": """", ""population"": 0}, {""locality_code"": 1855, ""locality_name_he"": ""אזור נהרייה מ\""א 4"", ""locality_name_en"": """", ""population"": 0}, {""locality_code"": 1858, ""locality_name_he"": ""אזור עכו מ\""א 4"", ""locality_name_en"": """", ""population"": 0}]"
73,מועצה אזורית מטה בנימין,מועצה אזורית,אזור יהודה ושומרון,ראמאללה,אשכול יהודה ושומרון,79069,30,"[{""locality_code"": 1976, ""locality_name_he"": ""נפת ראמאללה מ\""א 73"", ""locality_name_en"": """", ""population"": 0}, {""locality_code"": 3564, ""locality_name_he"": ""כוכב השחר"", ""locality_name_en"": ""Kokhav HaShahar"", ""population"": 2754}, {""locality_code"": 3565, ""locality_name_he"": ""רימונים"", ""locality_name_en"": ""Rimmonim"", ""population"": 707}, {""locality_code"": 3573, ""locality_name_he"": ""נווה צוף"", ""locality_name_en"": ""Neve Tsuf"", ""population"": 1439}, {""locality_code"": 3575, ""locality_name_he"": ""בית חורון"", ""locality_name_en"": ""Bet Horon"", ""population"": 1496}, {""locality_code"": 3576, ""locality_name_he"": ""מצפה יריחו"", ""locality_name_en"": ""Mizpe Yeriho"", ""population"": 2895}, {""locality_code"": 3617, ""locality_name_he"": ""עפרה"", ""locality_name_en"": ""Ofra"", ""population"": 3191}, {""locality_code"": 3638, ""locality_name_he"": ""כפר אדומים"", ""locality_name_en"": ""Kefar Adummim"", ""population"": 5019}, {""locality_code"": 3641, ""locality_name_he"": ""שילה"", ""locality_name_en"": ""Shilo"", ""population"": 5737}, {""locality_code"": 3644, ""locality_name_he"": ""גבעון החדשה"", ""locality_name_en"": ""Giv'on HaHadasha"", ""population"": 1189}, {""locality_code"": 3648, ""locality_name_he"": ""מתתיהו"", ""locality_name_en"": ""Mattityahu"", ""population"": 1144}, {""locality_code"": 3651, ""locality_name_he"": ""מעלה מכמש"", ""locality_name_en"": ""Ma'ale Mikhmas"", ""population"": 2131}, {""locality_code"": 3655, ""locality_name_he"": ""ניל\""י"", ""locality_name_en"": ""Nili"", ""population"": 2203}, {""locality_code"": 3658, ""locality_name_he"": ""עטרת"", ""locality_name_en"": ""Ateret"", ""population"": 716}, {""locality_code"": 3659, ""locality_name_he"": ""פסגות"", ""locality_name_en"": ""Pesagot"", ""population"": 2208}, {""locality_code"": 3709, ""locality_name_he"": ""מבוא חורון"", ""locality_name_en"": ""Mevo Horon"", ""population"": 2590}, {""locality_code"": 3715, ""locality_name_he"": ""עלמון"", ""locality_name_en"": ""Almon"", ""population"": 1513}, {""locality_code"": 3747, ""locality_name_he"": ""דולב"", ""locality_name_en"": ""Dolev"", ""population"": 1598}, {""locality_code"": 3752, ""locality_name_he"": ""מעלה לבונה"", ""locality_name_en"": ""Ma'ale Levona"", ""population"": 967}, {""locality_code"": 3763, ""locality_name_he"": ""גבע בנימין"", ""locality_name_en"": ""Geva Binyamin"", ""population"": 5827}, {""locality_code"": 3765, ""locality_name_he"": ""עלי"", ""locality_name_en"": ""Eli"", ""population"": 4746}, {""locality_code"": 3767, ""locality_name_he"": ""נחליאל"", ""locality_name_en"": ""Nahali'el"", ""population"": 724}, {""locality_code"": 3770, ""locality_name_he"": ""חשמונאים"", ""locality_name_en"": ""Hashmona'im"", ""population"": 3122}, {""locality_code"": 3779, ""locality_name_he"": ""כוכב יעקב"", ""locality_name_en"": ""Kokhav Ya'aqov"", ""population"": 3763}, {""locality_code"": 3787, ""locality_name_he"": ""נעלה"", ""locality_name_en"": ""Na'ale"", ""population"": 2834}, {""locality_code"": 3788, ""locality_name_he"": ""טלמון"", ""locality_name_en"": ""Talmon"", ""population"": 5915}, {""locality_code"": 3796, ""locality_name_he"": ""כפר האורנים"", ""locality_name_en"": ""Kefar HaOranim"", ""population"": 2342}, {""locality_code"": 3815, ""locality_name_he"": ""תל ציון"", ""locality_name_en"": ""Tel Tsiyon"", ""population"": 6692}, {""locality_code"": 3823, ""locality_name_he"": ""גני מודיעין"", ""locality_name_en"": ""Ganne Modi'in"", ""population"": 3239}, {""locality_code"": 3824, ""locality_name_he"": ""עמיחי"", ""locality_name_en"": ""Ammihay"", ""population"": 368}]"
26,מועצה אזורית מטה יהודה,מועצה אזורית,ירושלים,ירושלים,ללא שיוך לאשכול,49818,68,"[{""locality_code"": 10, ""locality_name_he"": ""תירוש"", ""locality_name_en"": ""Tirosh"", ""population"": 478}, {""locality_code"": 27, ""locality_name_he"": ""שדות מיכה"", ""locality_name_en"": ""Sedot Mikha"", ""population"": 351}, {""locality_code"": 39, ""locality_name_he"": ""גפן"", ""locality_name_en"": ""Gefen"", ""population"": 441}, {""locality_code"": 52, ""locality_name_he"": ""לוזית"", ""locality_name_en"": ""Luzit"", ""population"": 870}, {""locality_code"": 59, ""locality_name_he"": ""נחושה"", ""locality_name_en"": ""Nehusha"", ""population"": 1477}, {""locality_code"": 78, ""locality_name_he"": ""קריית ענבים"", ""locality_name_en"": ""Qiryat Anavim"", ""population"": 388}, {""locality_code"": 127, ""locality_name_he"": ""רמת רחל"", ""locality_name_en"": ""Ramat Rahel"", ""population"": 580}, {""locality_code"": 208, ""locality_name_he"": ""מוצא עילית"", ""locality_name_en"": ""Moza Illit"", ""population"": 1645}, {""locality_code"": 286, ""locality_name_he"": ""מעלה החמישה"", ""locality_name_en"": ""Ma'ale HaHamisha"", ""population"": 893}, {""locality_code"": 364, ""locality_name_he"": ""כפר אוריה"", ""locality_name_en"": ""Kefar Uriyya"", ""population"": 836}, {""locality_code"": 405, ""locality_name_he"": ""נווה אילן"", ""locality_name_en"": ""Newe Ilan"", ""population"": 1019}, {""locality_code"": 456, ""locality_name_he"": ""שורש"", ""locality_name_en"": ""Shoresh"", ""population"": 1314}, {""locality_code"": 460, ""locality_name_he"": ""רמת רזיאל"", ""locality_name_en"": ""Ramat Razi'el"", ""population"": 675}, {""locality_code"": 462, ""locality_name_he"": ""טל שחר"", ""locality_name_en"": ""Tal Shahar"", ""population"": 1290}, {""locality_code"": 464, ""locality_name_he"": ""הראל"", ""locality_name_en"": ""Har'el"", ""population"": 292}, {""locality_code"": 465, ""locality_name_he"": ""צובה"", ""locality_name_en"": ""Zova"", ""population"": 599}, {""locality_code"": 493, ""locality_name_he"": ""דייר ראפאת"", ""locality_name_en"": ""Deir Rafat"", ""population"": 84}, {""locality_code"": 514, ""locality_name_he"": ""עין ראפה"", ""locality_name_en"": ""Ein Rafa"", ""population"": 1407}, {""locality_code"": 521, ""locality_name_he"": ""עין נקובא"", ""locality_name_en"": ""Ein Naqquba"", ""population"": 3696}, {""locality_code"": 566, ""locality_name_he"": ""גבעת שמש"", ""locality_name_en"": ""Giv'at Shemesh"", ""population"": 0}, {""locality_code"": 567, ""locality_name_he"": ""צרעה"", ""locality_name_en"": ""Zor'a"", ""population"": 915}, {""locality_code"": 672, ""locality_name_he"": ""בית נקופה"", ""locality_name_en"": ""Bet Neqofa"", ""population"": 683}, {""locality_code"": 693, ""locality_name_he"": ""נתיב הל\""ה"", ""locality_name_en"": ""Netiv HaLamed-He"", ""population"": 677}, {""locality_code"": 710, ""locality_name_he"": ""בית זית"", ""locality_name_en"": ""Bet Zayit"", ""population"": 1506}, {""locality_code"": 740, ""locality_name_he"": ""אשתאול"", ""locality_name_en"": ""Eshta'ol"", ""population"": 1092}, {""locality_code"": 741, ""locality_name_he"": ""שואבה"", ""locality_name_en"": ""Sho'eva"", ""population"": 577}, {""locality_code"": 742, ""locality_name_he"": ""מסילת ציון"", ""locality_name_en"": ""Mesillat Ziyyon"", ""population"": 934}, {""locality_code"": 751, ""locality_name_he"": ""בית מאיר"", ""locality_name_en"": ""Bet Me'ir"", ""population"": 650}, {""locality_code"": 752, ""locality_name_he"": ""תעוז"", ""locality_name_en"": ""Ta'oz"", ""population"": 676}, {""locality_code"": 771, ""locality_name_he"": ""מבוא ביתר"", ""locality_name_en"": ""Mevo Betar"", ""population"": 1125}, {""locality_code"": 776, ""locality_name_he"": ""מחסיה"", ""locality_name_en"": ""Mahseya"", ""population"": 500}, {""locality_code"": 777, ""locality_name_he"": ""נחשון"", ""locality_name_en"": ""Nahshon"", ""population"": 610}, {""locality_code"": 778, ""locality_name_he"": ""תרום"", ""locality_name_en"": ""Tarum"", ""population"": 930}, {""locality_code"": 779, ""locality_name_he"": ""עמינדב"", ""locality_name_en"": ""Amminadav"", ""population"": 914}, {""locality_code"": 780, ""locality_name_he"": ""אורה"", ""locality_name_en"": ""Ora"", ""population"": 1358}, {""locality_code"": 783, ""locality_name_he"": ""אבן ספיר"", ""locality_name_en"": ""Even Sappir"", ""population"": 715}, {""locality_code"": 787, ""locality_name_he"": ""גבעת יערים"", ""locality_name_en"": ""Giv'at Ye'arim"", ""population"": 1283}, {""locality_code"": 794, ""locality_name_he"": ""עגור"", ""locality_name_en"": ""Agur"", ""population"": 435}, {""locality_code"": 796, ""locality_name_he"": ""צלפון"", ""locality_name_en"": ""Zelafon"", ""population"": 1112}, {""locality_code"": 799, ""locality_name_he"": ""זכריה"", ""locality_name_en"": ""Zekharya"", ""population"": 1368}, {""locality_code"": 805, ""locality_name_he"": ""ישעי"", ""locality_name_en"": ""Yish'i"", ""population"": 920}, {""locality_code"": 809, ""locality_name_he"": ""נחם"", ""locality_name_en"": ""Naham"", ""population"": 597}, {""locality_code"": 816, ""locality_name_he"": ""זנוח"", ""locality_name_en"": ""Zanoah"", ""population"": 515}, {""locality_code"": 822, ""locality_name_he"": ""מטע"", ""locality_name_en"": ""Matta"", ""population"": 870}, {""locality_code"": 823, ""locality_name_he"": ""בר גיורא"", ""locality_name_en"": ""Bar Giyyora"", ""population"": 728}, {""locality_code"": 825, ""locality_name_he"": ""נס הרים"", ""locality_name_en"": ""Nes Harim"", ""population"": 1366}, {""locality_code"": 859, ""locality_name_he"": ""כסלון"", ""locality_name_en"": ""Kesalon"", ""population"": 524}, {""locality_code"": 864, ""locality_name_he"": ""בקוע"", ""locality_name_en"": ""Beqoa"", ""population"": 954}, {""locality_code"": 886, ""locality_name_he"": ""איתנים"", ""locality_name_en"": ""Etanim"", ""population"": 59}, {""locality_code"": 919, ""locality_name_he"": ""גבעת ישעיהו"", ""locality_name_en"": ""Giv'at Yesha'yahu"", ""population"": 724}, {""locality_code"": 1043, ""locality_name_he"": ""גיזו"", ""locality_name_en"": ""Gizo"", ""population"": 212}, {""locality_code"": 1056, ""locality_name_he"": ""עין כרם-בי\""ס חקלאי"", ""locality_name_en"": ""En Karem-B.S.Haqla'i"", ""population"": 61}, {""locality_code"": 1070, ""locality_name_he"": ""אביעזר"", ""locality_name_en"": ""Avi'ezer"", ""population"": 933}, {""locality_code"": 1071, ""locality_name_he"": ""נווה מיכאל"", ""locality_name_en"": ""Newe Mikha'el"", ""population"": 957}, {""locality_code"": 1079, ""locality_name_he"": ""צפרירים"", ""locality_name_en"": ""Zafririm"", ""population"": 442}, {""locality_code"": 1114, ""locality_name_he"": ""שריגים (לי-און)"", ""locality_name_en"": ""Sarigim (Li-On)"", ""population"": 937}, {""locality_code"": 1123, ""locality_name_he"": ""אדרת"", ""locality_name_en"": ""Adderet"", ""population"": 1055}, {""locality_code"": 1134, ""locality_name_he"": ""יד השמונה"", ""locality_name_en"": ""Yad HaShemona"", ""population"": 259}, {""locality_code"": 1144, ""locality_name_he"": ""ידידה"", ""locality_name_en"": ""Yedida"", ""population"": 219}, {""locality_code"": 1254, ""locality_name_he"": ""נטף"", ""locality_name_en"": ""Nataf"", ""population"": 485}, {""locality_code"": 1259, ""locality_name_he"": ""נווה שלום"", ""locality_name_en"": ""Newe Shalom"", ""population"": 313}, {""locality_code"": 1325, ""locality_name_he"": ""כפר זוהרים"", ""locality_name_en"": ""Kefar Zoharim"", ""population"": 77}, {""locality_code"": 1362, ""locality_name_he"": ""גבעות עדן"", ""locality_name_en"": ""Giv'ot Eden"", ""population"": 122}, {""locality_code"": 1701, ""locality_name_he"": ""אזור תעשייה הר-טוב"", ""locality_name_en"": """", ""population"": 0}, {""locality_code"": 1702, ""locality_name_he"": ""נווה אילן*"", ""locality_name_en"": """", ""population"": 0}, {""locality_code"": 1801, ""locality_name_he"": ""הרי יהודה מ\""א 26"", ""locality_name_en"": """", ""population"": 0}, {""locality_code"": 1803, ""locality_name_he"": ""שפלת יהודה מ\""א 26"", ""locality_name_en"": """", ""population"": 0}, {""locality_code"": 2039, ""locality_name_he"": ""קריית יערים (מוסד)"", ""locality_name_en"": ""Qiryat Ye'arim(Institute)"", ""population"": 94}]"
14,מועצה אזורית מנשה,מועצה אזורית,חיפה,חדרה,ללא שיוך לאשכול,22287,28,"[{""locality_code"": 72, ""locality_name_he"": ""גן שמואל"", ""locality_name_en"": ""Gan Shemu'el"", ""population"": 1188}, {""locality_code"": 139, ""locality_name_he"": ""עין שמר"", ""locality_name_en"": ""En Shemer"", ""population"": 884}, {""locality_code"": 189, ""locality_name_he"": ""כפר פינס"", ""locality_name_en"": ""Kefar Pines"", ""population"": 739}, {""locality_code"": 213, ""locality_name_he"": ""משמרות"", ""locality_name_en"": ""Mishmarot"", ""population"": 1323}, {""locality_code"": 223, ""locality_name_he"": ""עין עירון"", ""locality_name_en"": ""En Iron"", ""population"": 572}, {""locality_code"": 225, ""locality_name_he"": ""גן השומרון"", ""locality_name_en"": ""Gan HaShomeron"", ""population"": 871}, {""locality_code"": 310, ""locality_name_he"": ""כפר גליקסון"", ""locality_name_en"": ""Kefar Glikson"", ""population"": 394}, {""locality_code"": 344, ""locality_name_he"": ""מענית"", ""locality_name_en"": ""Ma'anit"", ""population"": 906}, {""locality_code"": 375, ""locality_name_he"": ""מגל"", ""locality_name_en"": ""Maggal"", ""population"": 1384}, {""locality_code"": 444, ""locality_name_he"": ""רגבים"", ""locality_name_en"": ""Regavim"", ""population"": 669}, {""locality_code"": 617, ""locality_name_he"": ""ברקאי"", ""locality_name_en"": ""Barqay"", ""population"": 555}, {""locality_code"": 648, ""locality_name_he"": ""מצר"", ""locality_name_en"": ""Mezer"", ""population"": 457}, {""locality_code"": 649, ""locality_name_he"": ""מייסר"", ""locality_name_en"": ""Meiser"", ""population"": 1974}, {""locality_code"": 715, ""locality_name_he"": ""להבות חביבה"", ""locality_name_en"": ""Lahavot Haviva"", ""population"": 982}, {""locality_code"": 868, ""locality_name_he"": ""אלוני יצחק"", ""locality_name_en"": ""Allone Yizhaq"", ""population"": 174}, {""locality_code"": 921, ""locality_name_he"": ""שער מנשה"", ""locality_name_en"": ""Sha'ar Menashe"", ""population"": 520}, {""locality_code"": 1128, ""locality_name_he"": ""מי עמי"", ""locality_name_en"": ""Me Ammi"", ""population"": 395}, {""locality_code"": 1243, ""locality_name_he"": ""קציר"", ""locality_name_en"": ""Qazir"", ""population"": 2713}, {""locality_code"": 1316, ""locality_name_he"": ""אל -עריאן"", ""locality_name_en"": ""Al-Aryan"", ""population"": 202}, {""locality_code"": 1370, ""locality_name_he"": ""מצפה אילן"", ""locality_name_en"": ""Mitspe Ilan"", ""population"": 875}, {""locality_code"": 1739, ""locality_name_he"": ""מפעלי גרנות"", ""locality_name_en"": """", ""population"": 0}, {""locality_code"": 1740, ""locality_name_he"": ""גבעת חביבה"", ""locality_name_en"": """", ""population"": 0}, {""locality_code"": 1869, ""locality_name_he"": ""הר אלכסנדר מ\""א 14"", ""locality_name_en"": """", ""population"": 0}, {""locality_code"": 1873, ""locality_name_he"": ""אזור חדרה מ\""א 14"", ""locality_name_en"": """", ""population"": 0}, {""locality_code"": 2003, ""locality_name_he"": ""תלמי אלעזר"", ""locality_name_en"": ""Talme El'azar"", ""population"": 918}, {""locality_code"": 2008, ""locality_name_he"": ""שדה יצחק"", ""locality_name_en"": ""Sede Yizhaq"", ""population"": 719}, {""locality_code"": 2024, ""locality_name_he"": ""אום אל-קוטוף"", ""locality_name_en"": ""Umm Al-Qutuf"", ""population"": 1237}, {""locality_code"": 2055, ""locality_name_he"": ""מאור"", ""locality_name_en"": ""Ma'or"", ""population"": 1636}]"
52,מועצה אזורית מעלה יוסף,מועצה אזורית,הצפון,עכו,אשכול רשויות גליל מערבי,12102,24,"[{""locality_code"": 281, ""locality_name_he"": ""פקיעין חדשה"", ""locality_name_en"": ""Peqi'in Hadasha"", ""population"": 684}, {""locality_code"": 570, ""locality_name_he"": ""מעונה"", ""locality_name_en"": ""Me'ona"", ""population"": 1077}, {""locality_code"": 603, ""locality_name_he"": ""אלקוש"", ""locality_name_en"": ""Elqosh"", ""population"": 267}, {""locality_code"": 614, ""locality_name_he"": ""שומרה"", ""locality_name_en"": ""Shomera"", ""population"": 412}, {""locality_code"": 662, ""locality_name_he"": ""חוסן"", ""locality_name_en"": ""Hosen"", ""population"": 1232}, {""locality_code"": 755, ""locality_name_he"": ""גורן"", ""locality_name_en"": ""Goren"", ""population"": 428}, {""locality_code"": 774, ""locality_name_he"": ""צוריאל"", ""locality_name_en"": ""Zuri'el"", ""population"": 507}, {""locality_code"": 795, ""locality_name_he"": ""יערה"", ""locality_name_en"": ""Ya'ara"", ""population"": 866}, {""locality_code"": 813, ""locality_name_he"": ""עין יעקב"", ""locality_name_en"": ""En Ya'aqov"", ""population"": 1257}, {""locality_code"": 892, ""locality_name_he"": ""עבדון"", ""locality_name_en"": ""Avdon"", ""population"": 691}, {""locality_code"": 1045, ""locality_name_he"": ""שתולה"", ""locality_name_en"": ""Shetula"", ""population"": 344}, {""locality_code"": 1081, ""locality_name_he"": ""אבן מנחם"", ""locality_name_en"": ""Even Menahem"", ""population"": 421}, {""locality_code"": 1130, ""locality_name_he"": ""כפר רוזנואלד (זרעית)"", ""locality_name_en"": ""Kefar Rozenwald(Zarit)"", ""population"": 285}, {""locality_code"": 1147, ""locality_name_he"": ""נטועה"", ""locality_name_en"": ""Netu'a"", ""population"": 339}, {""locality_code"": 1173, ""locality_name_he"": ""לפידות"", ""locality_name_en"": ""Lappidot"", ""population"": 139}, {""locality_code"": 1184, ""locality_name_he"": ""מתת"", ""locality_name_en"": ""Mattat"", ""population"": 227}, {""locality_code"": 1205, ""locality_name_he"": ""מנות"", ""locality_name_en"": ""Manot"", ""population"": 559}, {""locality_code"": 1206, ""locality_name_he"": ""גיתה"", ""locality_name_en"": ""Gitta"", ""population"": 274}, {""locality_code"": 1208, ""locality_name_he"": ""הילה"", ""locality_name_en"": ""Hilla"", ""population"": 516}, {""locality_code"": 1219, ""locality_name_he"": ""גורנות הגליל"", ""locality_name_en"": ""Gornot HaGalil"", ""population"": 336}, {""locality_code"": 1220, ""locality_name_he"": ""אבירים"", ""locality_name_en"": ""Abbirim"", ""population"": 311}, {""locality_code"": 1314, ""locality_name_he"": ""נווה זיו"", ""locality_name_en"": ""Newe Ziv"", ""population"": 930}, {""locality_code"": 1847, ""locality_name_he"": ""אזור יחיעם מ\""א 52"", ""locality_name_en"": """", ""population"": 0}, {""locality_code"": 1851, ""locality_name_he"": ""אזור אילון מ\""א 52"", ""locality_name_en"": """", ""population"": 0}]"
2,מועצה אזורית מרום הגליל,מועצה אזורית,הצפון,צפת,אשכול רשויות גליל מזרחי,15831,30,"[{""locality_code"": 368, ""locality_name_he"": ""בירייה"", ""locality_name_en"": ""Biriyya"", ""population"": 968}, {""locality_code"": 431, ""locality_name_he"": ""דלתון"", ""locality_name_en"": ""Dalton"", ""population"": 978}, {""locality_code"": 527, ""locality_name_he"": ""שזור"", ""locality_name_en"": ""Shezor"", ""population"": 379}, {""locality_code"": 540, ""locality_name_he"": ""ריחאנייה"", ""locality_name_en"": ""Reihaniyye"", ""population"": 1183}, {""locality_code"": 546, ""locality_name_he"": ""עין אל-אסד"", ""locality_name_en"": ""Ein Al-Asad"", ""population"": 929}, {""locality_code"": 599, ""locality_name_he"": ""פרוד"", ""locality_name_en"": ""Parod"", ""population"": 654}, {""locality_code"": 605, ""locality_name_he"": ""כפר שמאי"", ""locality_name_en"": ""Kefar Shammay"", ""population"": 628}, {""locality_code"": 607, ""locality_name_he"": ""מירון"", ""locality_name_en"": ""Meron"", ""population"": 753}, {""locality_code"": 609, ""locality_name_he"": ""כפר חושן"", ""locality_name_en"": ""Kefar Hoshen"", ""population"": 917}, {""locality_code"": 664, ""locality_name_he"": ""כרם בן זמרה"", ""locality_name_en"": ""Kerem Ben Zimra"", ""population"": 621}, {""locality_code"": 688, ""locality_name_he"": ""עלמה"", ""locality_name_en"": ""Alma"", ""population"": 857}, {""locality_code"": 846, ""locality_name_he"": ""שפר"", ""locality_name_en"": ""Shefer"", ""population"": 503}, {""locality_code"": 1047, ""locality_name_he"": ""חזון"", ""locality_name_en"": ""Hazon"", ""population"": 345}, {""locality_code"": 1064, ""locality_name_he"": ""אמירים"", ""locality_name_en"": ""Amirim"", ""population"": 790}, {""locality_code"": 1067, ""locality_name_he"": ""דוב\""ב"", ""locality_name_en"": ""Dovev"", ""population"": 489}, {""locality_code"": 1115, ""locality_name_he"": ""אביבים"", ""locality_name_en"": ""Avivim"", ""population"": 499}, {""locality_code"": 1191, ""locality_name_he"": ""בר יוחאי"", ""locality_name_en"": ""Bar Yohay"", ""population"": 1161}, {""locality_code"": 1212, ""locality_name_he"": ""עמוקה"", ""locality_name_en"": ""Amuqqa"", ""population"": 160}, {""locality_code"": 1214, ""locality_name_he"": ""טפחות"", ""locality_name_en"": ""Tefahot"", ""population"": 515}, {""locality_code"": 1229, ""locality_name_he"": ""כלנית"", ""locality_name_en"": ""Kallanit"", ""population"": 308}, {""locality_code"": 1230, ""locality_name_he"": ""לבנים"", ""locality_name_en"": ""Livnim"", ""population"": 527}, {""locality_code"": 1294, ""locality_name_he"": ""אור הגנוז"", ""locality_name_en"": ""Or HaGanuz"", ""population"": 699}, {""locality_code"": 1297, ""locality_name_he"": ""כפר חנניה"", ""locality_name_en"": ""Kefar Hananya"", ""population"": 794}, {""locality_code"": 1338, ""locality_name_he"": ""כדיתה"", ""locality_name_en"": ""Kaddita"", ""population"": 174}, {""locality_code"": 1708, ""locality_name_he"": ""מרכז אזורי מרום הגליל"", ""locality_name_en"": """", ""population"": 0}, {""locality_code"": 1709, ""locality_name_he"": ""תעשיון דלתון"", ""locality_name_en"": """", ""population"": 0}, {""locality_code"": 1811, ""locality_name_he"": ""גליל עליון מז מ\""א 2"", ""locality_name_en"": """", ""population"": 0}, {""locality_code"": 1820, ""locality_name_he"": ""גליל תחתון מז מ\""א 2"", ""locality_name_en"": """", ""population"": 0}, {""locality_code"": 1843, ""locality_name_he"": ""אזור כרמיאל מ\""א 2"", ""locality_name_en"": """", ""population"": 0}, {""locality_code"": 1848, ""locality_name_he"": ""אזור יחיעם מ\""א 2"", ""locality_name_en"": """", ""population"": 0}]"
42,מועצה אזורית מרחבים,מועצה אזורית,הדרום,באר שבע,אשכול רשויות נגב מערבי,14959,21,"[{""locality_code"": 71, ""locality_name_he"": ""אשבול"", ""locality_name_en"": ""Eshbol"", ""population"": 747}, {""locality_code"": 414, ""locality_name_he"": ""קלחים"", ""locality_name_en"": ""Qelahim"", ""population"": 647}, {""locality_code"": 709, ""locality_name_he"": ""תפרח"", ""locality_name_en"": ""Tifrah"", ""population"": 2269}, {""locality_code"": 736, ""locality_name_he"": ""גילת"", ""locality_name_en"": ""Gilat"", ""population"": 1642}, {""locality_code"": 748, ""locality_name_he"": ""מסלול"", ""locality_name_en"": ""Maslul"", ""population"": 976}, {""locality_code"": 749, ""locality_name_he"": ""פטיש"", ""locality_name_en"": ""Pattish"", ""population"": 1101}, {""locality_code"": 750, ""locality_name_he"": ""פדויים"", ""locality_name_en"": ""Peduyim"", ""population"": 499}, {""locality_code"": 762, ""locality_name_he"": ""בטחה"", ""locality_name_en"": ""Bitha"", ""population"": 885}, {""locality_code"": 789, ""locality_name_he"": ""רנן"", ""locality_name_en"": ""Rannen"", ""population"": 794}, {""locality_code"": 1080, ""locality_name_he"": ""מבועים"", ""locality_name_en"": ""Mabbu'im"", ""population"": 1241}, {""locality_code"": 1377, ""locality_name_he"": ""שבי דרום"", ""locality_name_en"": ""Shave Darom"", ""population"": 644}, {""locality_code"": 1415, ""locality_name_he"": ""מחנה יפה*"", ""locality_name_en"": ""Mahane Yafa"", ""population"": 0}, {""locality_code"": 1768, ""locality_name_he"": ""קריית חינוך מרחבים*"", ""locality_name_en"": """", ""population"": 0}, {""locality_code"": 1930, ""locality_name_he"": ""אזור גרר מ\""א 42"", ""locality_name_en"": """", ""population"": 0}, {""locality_code"": 1934, ""locality_name_he"": ""אזור בשור מ\""א 42"", ""locality_name_en"": """", ""population"": 0}, {""locality_code"": 2021, ""locality_name_he"": ""אשל הנשיא"", ""locality_name_en"": ""Eshel HaNasi"", ""population"": 153}, {""locality_code"": 2047, ""locality_name_he"": ""ניר משה"", ""locality_name_en"": ""Nir Moshe"", ""population"": 551}, {""locality_code"": 2048, ""locality_name_he"": ""ניר עקיבא"", ""locality_name_en"": ""Nir Aqiva"", ""population"": 745}, {""locality_code"": 2049, ""locality_name_he"": ""שדה צבי"", ""locality_name_en"": ""Sede Zevi"", ""population"": 765}, {""locality_code"": 2050, ""locality_name_he"": ""תלמי ביל\""ו"", ""locality_name_en"": ""Talme Bilu"", ""population"": 604}, {""locality_code"": 2059, ""locality_name_he"": ""פעמי תש\""ז"", ""locality_name_en"": ""Pa'ame Tashaz"", ""population"": 696}]"
56,מועצה אזורית משגב,מועצה אזורית,הצפון,עכו,אשכול רשויות בית הכרם הגלילי,30374,43,"[{""locality_code"": 917, ""locality_name_he"": ""עצמון שגב"", ""locality_name_en"": ""Atsmon Segev"", ""population"": 1267}, {""locality_code"": 948, ""locality_name_he"": ""חוג'ייראת (ד'הרה) (שבט)"", ""locality_name_en"": ""Al-Hujayrat (Zahra)"", ""population"": 0}, {""locality_code"": 1112, ""locality_name_he"": ""יודפת"", ""locality_name_en"": ""Yodefat"", ""population"": 1000}, {""locality_code"": 1138, ""locality_name_he"": ""יעד"", ""locality_name_en"": ""Ya'ad"", ""population"": 802}, {""locality_code"": 1153, ""locality_name_he"": ""כישור"", ""locality_name_en"": ""Kishor"", ""population"": 226}, {""locality_code"": 1160, ""locality_name_he"": ""שכניה"", ""locality_name_en"": ""Shekhanya"", ""population"": 727}, {""locality_code"": 1163, ""locality_name_he"": ""מורן"", ""locality_name_en"": ""Moran"", ""population"": 431}, {""locality_code"": 1171, ""locality_name_he"": ""לוטם"", ""locality_name_en"": ""Lotem"", ""population"": 723}, {""locality_code"": 1172, ""locality_name_he"": ""תובל"", ""locality_name_en"": ""Tuval"", ""population"": 405}, {""locality_code"": 1174, ""locality_name_he"": ""מנוף"", ""locality_name_en"": ""Manof"", ""population"": 852}, {""locality_code"": 1178, ""locality_name_he"": ""מורשת"", ""locality_name_en"": ""Moreshet"", ""population"": 1628}, {""locality_code"": 1179, ""locality_name_he"": ""קורנית"", ""locality_name_en"": ""Qoranit"", ""population"": 883}, {""locality_code"": 1180, ""locality_name_he"": ""צביה"", ""locality_name_en"": ""Zviyya"", ""population"": 286}, {""locality_code"": 1181, ""locality_name_he"": ""טל-אל"", ""locality_name_en"": ""Tal-El"", ""population"": 1328}, {""locality_code"": 1185, ""locality_name_he"": ""פלך"", ""locality_name_en"": ""Pelekh"", ""population"": 215}, {""locality_code"": 1188, ""locality_name_he"": ""אשחר"", ""locality_name_en"": ""Eshhar"", ""population"": 977}, {""locality_code"": 1201, ""locality_name_he"": ""כמון"", ""locality_name_en"": ""Kammon"", ""population"": 733}, {""locality_code"": 1202, ""locality_name_he"": ""מכמנים"", ""locality_name_en"": ""Mikhmannim"", ""population"": 532}, {""locality_code"": 1203, ""locality_name_he"": ""הררית"", ""locality_name_en"": ""Hararit"", ""population"": 675}, {""locality_code"": 1204, ""locality_name_he"": ""גילון"", ""locality_name_en"": ""Gilon"", ""population"": 1221}, {""locality_code"": 1207, ""locality_name_he"": ""לבון"", ""locality_name_en"": ""Lavon"", ""population"": 884}, {""locality_code"": 1209, ""locality_name_he"": ""חרשים"", ""locality_name_en"": ""Harashim"", ""population"": 332}, {""locality_code"": 1221, ""locality_name_he"": ""צורית"", ""locality_name_en"": ""Zurit"", ""population"": 912}, {""locality_code"": 1222, ""locality_name_he"": ""מצפה אבי\""ב"", ""locality_name_en"": ""Mizpe Aviv"", ""population"": 1084}, {""locality_code"": 1226, ""locality_name_he"": ""יובלים"", ""locality_name_en"": ""Yuvallim"", ""population"": 1222}, {""locality_code"": 1228, ""locality_name_he"": ""רקפת"", ""locality_name_en"": ""Raqqefet"", ""population"": 970}, {""locality_code"": 1235, ""locality_name_he"": ""שורשים"", ""locality_name_en"": ""Shorashim"", ""population"": 589}, {""locality_code"": 1245, ""locality_name_he"": ""סלמה"", ""locality_name_en"": ""Sallama"", ""population"": 3826}, {""locality_code"": 1272, ""locality_name_he"": ""חלוץ"", ""locality_name_en"": ""Haluz"", ""population"": 583}, {""locality_code"": 1275, ""locality_name_he"": ""אבטליון"", ""locality_name_en"": ""Avtalyon"", ""population"": 460}, {""locality_code"": 1276, ""locality_name_he"": ""אשבל"", ""locality_name_en"": ""Eshbal"", ""population"": 146}, {""locality_code"": 1317, ""locality_name_he"": ""דמיידה"", ""locality_name_en"": ""Demeide"", ""population"": 592}, {""locality_code"": 1331, ""locality_name_he"": ""כמאנה"", ""locality_name_en"": ""Kamane"", ""population"": 1599}, {""locality_code"": 1332, ""locality_name_he"": ""חוסנייה"", ""locality_name_en"": ""Hussniyya"", ""population"": 962}, {""locality_code"": 1334, ""locality_name_he"": ""ראס אל-עין"", ""locality_name_en"": ""Ras Al-Ein"", ""population"": 452}, {""locality_code"": 1335, ""locality_name_he"": ""ערב אל נעים"", ""locality_name_en"": ""Arab Al Naim"", ""population"": 850}, {""locality_code"": 1723, ""locality_name_he"": ""מרכז אזורי משגב"", ""locality_name_en"": """", ""population"": 0}, {""locality_code"": 1724, ""locality_name_he"": ""אזור תעסוקה משגב(תרדיון)"", ""locality_name_en"": """", ""population"": 0}, {""locality_code"": 1841, ""locality_name_he"": ""אזור שפרעם מ\""א 56"", ""locality_name_en"": """", ""population"": 0}, {""locality_code"": 1844, ""locality_name_he"": ""אזור כרמיאל מ\""א 56"", ""locality_name_en"": """", ""population"": 0}, {""locality_code"": 1849, ""locality_name_he"": ""אזור יחיעם מ\""א 56"", ""locality_name_en"": """", ""population"": 0}, {""locality_code"": 1854, ""locality_name_he"": ""בקעת נטופה מ\""א 56"", ""locality_name_en"": """", ""population"": 0}, {""locality_code"": 1857, ""locality_name_he"": ""אזור עכו מ\""א 56"", ""locality_name_en"": """", ""population"": 0}]"
68,מועצה אזורית נווה מדבר,מועצה אזורית,הדרום,באר שבע,אשכול רשויות נגב מזרחי,13820,4,"[{""locality_code"": 1342, ""locality_name_he"": ""אבו קורינאת (יישוב)"", ""locality_name_en"": ""Abu Qureinat"", ""population"": 2458}, {""locality_code"": 1347, ""locality_name_he"": ""קצר א-סר"", ""locality_name_en"": ""Qasr A-Sir"", ""population"": 3363}, {""locality_code"": 1348, ""locality_name_he"": ""ביר הדאג'"", ""locality_name_en"": ""Bir Hadage"", ""population"": 2839}, {""locality_code"": 1375, ""locality_name_he"": ""אבו תלול"", ""locality_name_en"": ""Abu Tulul"", ""population"": 5160}]"
31,מועצה אזורית נחל שורק,מועצה אזורית,המרכז,רחובות,אשכול רשויות שורק דרומי,10301,8,"[{""locality_code"": 363, ""locality_name_he"": ""חפץ חיים"", ""locality_name_en"": ""Hafez Hayyim"", ""population"": 688}, {""locality_code"": 440, ""locality_name_he"": ""יסודות"", ""locality_name_en"": ""Yesodot"", ""population"": 1106}, {""locality_code"": 577, ""locality_name_he"": ""יד בנימין"", ""locality_name_en"": ""Yad Binyamin"", ""population"": 4196}, {""locality_code"": 588, ""locality_name_he"": ""בני ראם"", ""locality_name_en"": ""Bene Re'em"", ""population"": 1376}, {""locality_code"": 1371, ""locality_name_he"": ""גני טל"", ""locality_name_en"": ""Ganne Tal"", ""population"": 1040}, {""locality_code"": 1372, ""locality_name_he"": ""נצר חזני"", ""locality_name_en"": ""Nezer Hazzani"", ""population"": 597}, {""locality_code"": 1901, ""locality_name_he"": ""אזור רחובות מ\""א 31"", ""locality_name_en"": """", ""population"": 0}, {""locality_code"": 2033, ""locality_name_he"": ""בית חלקיה"", ""locality_name_en"": ""Bet Hilqiyya"", ""population"": 1298}]"
6,מועצה אזורית עמק הירדן,מועצה אזורית,הצפון,כנרת,אשכול רשויות הכנרת והעמקים,15545,27,"[{""locality_code"": 57, ""locality_name_he"": ""כנרת (קבוצה)"", ""locality_name_en"": ""Kinneret(Qevuza)"", ""population"": 800}, {""locality_code"": 62, ""locality_name_he"": ""דגניה א'"", ""locality_name_en"": ""Deganya Alef"", ""population"": 634}, {""locality_code"": 63, ""locality_name_he"": ""כנרת (מושבה)"", ""locality_name_en"": ""Kinneret(Moshava)"", ""population"": 681}, {""locality_code"": 79, ""locality_name_he"": ""דגניה ב'"", ""locality_name_en"": ""Deganya Bet"", ""population"": 764}, {""locality_code"": 143, ""locality_name_he"": ""בית זרע"", ""locality_name_en"": ""Bet Zera"", ""population"": 756}, {""locality_code"": 176, ""locality_name_he"": ""אפיקים"", ""locality_name_en"": ""Afiqim"", ""population"": 1105}, {""locality_code"": 188, ""locality_name_he"": ""אשדות יעקב (מאוחד)"", ""locality_name_en"": ""Ashdot Ya'aqov(Me'uhad)"", ""population"": 903}, {""locality_code"": 199, ""locality_name_he"": ""אשדות יעקב (איחוד)"", ""locality_name_en"": ""Ashdot Ya'aqov(Ihud)"", ""population"": 962}, {""locality_code"": 262, ""locality_name_he"": ""גינוסר"", ""locality_name_en"": ""Ginnosar"", ""population"": 784}, {""locality_code"": 263, ""locality_name_he"": ""מסדה"", ""locality_name_en"": ""Massada"", ""population"": 355}, {""locality_code"": 264, ""locality_name_he"": ""שער הגולן"", ""locality_name_en"": ""Sha'ar HaGolan"", ""population"": 621}, {""locality_code"": 273, ""locality_name_he"": ""עין גב"", ""locality_name_en"": ""En Gev"", ""population"": 576}, {""locality_code"": 330, ""locality_name_he"": ""אלומות"", ""locality_name_en"": ""Alummot"", ""population"": 493}, {""locality_code"": 374, ""locality_name_he"": ""חוקוק"", ""locality_name_en"": ""Huqoq"", ""population"": 681}, {""locality_code"": 678, ""locality_name_he"": ""מעגן"", ""locality_name_en"": ""Ma'agan"", ""population"": 766}, {""locality_code"": 702, ""locality_name_he"": ""האון"", ""locality_name_en"": ""HaOn"", ""population"": 155}, {""locality_code"": 719, ""locality_name_he"": ""תל קציר"", ""locality_name_en"": ""Tel Qazir"", ""population"": 547}, {""locality_code"": 1104, ""locality_name_he"": ""פורייה - כפר עבודה"", ""locality_name_en"": ""Poriyya-Kefar Avoda"", ""population"": 338}, {""locality_code"": 1105, ""locality_name_he"": ""פורייה - נווה עובד"", ""locality_name_en"": ""Poriyya-Newe Oved"", ""population"": 1591}, {""locality_code"": 1125, ""locality_name_he"": ""אלמגור"", ""locality_name_en"": ""Almagor"", ""population"": 508}, {""locality_code"": 1225, ""locality_name_he"": ""רביד"", ""locality_name_en"": ""Ravid"", ""population"": 127}, {""locality_code"": 1313, ""locality_name_he"": ""פורייה עילית"", ""locality_name_en"": ""Poriyya Illit"", ""population"": 1398}, {""locality_code"": 1711, ""locality_name_he"": ""מפעלי צמח"", ""locality_name_en"": """", ""population"": 0}, {""locality_code"": 1712, ""locality_name_he"": ""בית חולים פוריה"", ""locality_name_en"": """", ""population"": 0}, {""locality_code"": 1817, ""locality_name_he"": ""אזור כנרות מ\""א 6"", ""locality_name_en"": """", ""population"": 0}, {""locality_code"": 1821, ""locality_name_he"": ""גליל תחתון מז מ\""א 6"", ""locality_name_en"": """", ""population"": 0}, {""locality_code"": 1961, ""locality_name_he"": ""פארק הירדן מ\""א 6"", ""locality_name_en"": """", ""population"": 0}]"
7,מועצה אזורית עמק המעיינות,מועצה אזורית,הצפון,יזרעאל,אשכול רשויות הכנרת והעמקים,16024,27,"[{""locality_code"": 48, ""locality_name_he"": ""מנחמיה"", ""locality_name_en"": ""Menahemya"", ""population"": 1202}, {""locality_code"": 256, ""locality_name_he"": ""ניר דוד (תל עמל)"", ""locality_name_en"": ""Nir Dawid (Tel Amal)"", ""population"": 845}, {""locality_code"": 259, ""locality_name_he"": ""שדה נחום"", ""locality_name_en"": ""Sede Nahum"", ""population"": 1164}, {""locality_code"": 265, ""locality_name_he"": ""בית יוסף"", ""locality_name_en"": ""Bet Yosef"", ""population"": 598}, {""locality_code"": 268, ""locality_name_he"": ""טירת צבי"", ""locality_name_en"": ""Tirat Zevi"", ""population"": 1058}, {""locality_code"": 272, ""locality_name_he"": ""מעוז חיים"", ""locality_name_en"": ""Ma'oz Hayyim"", ""population"": 548}, {""locality_code"": 295, ""locality_name_he"": ""כפר רופין"", ""locality_name_en"": ""Kefar Ruppin"", ""population"": 606}, {""locality_code"": 296, ""locality_name_he"": ""נווה איתן"", ""locality_name_en"": ""Newe Etan"", ""population"": 243}, {""locality_code"": 298, ""locality_name_he"": ""מסילות"", ""locality_name_en"": ""Mesillot"", ""population"": 482}, {""locality_code"": 304, ""locality_name_he"": ""שדה אליהו"", ""locality_name_en"": ""Sede Eliyyahu"", ""population"": 763}, {""locality_code"": 305, ""locality_name_he"": ""גשר"", ""locality_name_en"": ""Gesher"", ""population"": 449}, {""locality_code"": 343, ""locality_name_he"": ""חמדיה"", ""locality_name_en"": ""Hamadya"", ""population"": 481}, {""locality_code"": 383, ""locality_name_he"": ""עין הנצי\""ב"", ""locality_name_en"": ""En HaNaziv"", ""population"": 726}, {""locality_code"": 437, ""locality_name_he"": ""רשפים"", ""locality_name_en"": ""Reshafim"", ""population"": 1196}, {""locality_code"": 439, ""locality_name_he"": ""שלוחות"", ""locality_name_en"": ""Sheluhot"", ""population"": 502}, {""locality_code"": 590, ""locality_name_he"": ""נווה אור"", ""locality_name_en"": ""Newe Ur"", ""population"": 447}, {""locality_code"": 854, ""locality_name_he"": ""רחוב"", ""locality_name_en"": ""Rehov"", ""population"": 546}, {""locality_code"": 1127, ""locality_name_he"": ""מעלה גלבוע"", ""locality_name_en"": ""Ma'ale Gilboa"", ""population"": 899}, {""locality_code"": 1154, ""locality_name_he"": ""מיטל"", ""locality_name_en"": ""Metal"", ""population"": 215}, {""locality_code"": 1282, ""locality_name_he"": ""מירב"", ""locality_name_en"": ""Merav"", ""population"": 824}, {""locality_code"": 1283, ""locality_name_he"": ""תל תאומים"", ""locality_name_en"": ""Tel Te'omim"", ""population"": 642}, {""locality_code"": 1719, ""locality_name_he"": ""מפעלי שאן"", ""locality_name_en"": """", ""population"": 0}, {""locality_code"": 1824, ""locality_name_he"": ""עמק בית שאן מ\""א 7"", ""locality_name_en"": """", ""population"": 0}, {""locality_code"": 1828, ""locality_name_he"": ""רמת כוכב מ\""א 7"", ""locality_name_en"": """", ""population"": 0}, {""locality_code"": 2016, ""locality_name_he"": ""רוויה"", ""locality_name_en"": ""Rewaya"", ""population"": 472}, {""locality_code"": 2026, ""locality_name_he"": ""ירדנה"", ""locality_name_en"": ""Yardena"", ""population"": 516}, {""locality_code"": 2057, ""locality_name_he"": ""שדי תרומות"", ""locality_name_en"": ""Sede Terumot"", ""population"": 600}]"
16,מועצה אזורית עמק חפר,מועצה אזורית,המרכז,השרון,ללא שיוך לאשכול,42291,48,"[{""locality_code"": 115, ""locality_name_he"": ""חופית"", ""locality_name_en"": ""Hofit"", ""population"": 903}, {""locality_code"": 167, ""locality_name_he"": ""עין החורש"", ""locality_name_en"": ""En HaHoresh"", ""population"": 913}, {""locality_code"": 173, ""locality_name_he"": ""גבעת חיים (מאוחד)"", ""locality_name_en"": ""Giv'at Hayyim(Me'uhad)"", ""population"": 1249}, {""locality_code"": 175, ""locality_name_he"": ""אביחיל"", ""locality_name_en"": ""Avihayil"", ""population"": 1254}, {""locality_code"": 186, ""locality_name_he"": ""נעורים"", ""locality_name_en"": ""Ne'urim"", ""population"": 242}, {""locality_code"": 190, ""locality_name_he"": ""כפר ויתקין"", ""locality_name_en"": ""Kefar Vitkin"", ""population"": 1987}, {""locality_code"": 191, ""locality_name_he"": ""הדר עם"", ""locality_name_en"": ""Hadar Am"", ""population"": 815}, {""locality_code"": 193, ""locality_name_he"": ""כפר חיים"", ""locality_name_en"": ""Kefar Hayyim"", ""population"": 633}, {""locality_code"": 194, ""locality_name_he"": ""משמר השרון"", ""locality_name_en"": ""Mishmar HaSharon"", ""population"": 688}, {""locality_code"": 197, ""locality_name_he"": ""מעברות"", ""locality_name_en"": ""Ma'barot"", ""population"": 970}, {""locality_code"": 200, ""locality_name_he"": ""בית ינאי"", ""locality_name_en"": ""Bet Yannay"", ""population"": 342}, {""locality_code"": 204, ""locality_name_he"": ""אלישיב"", ""locality_name_en"": ""Elyashiv"", ""population"": 684}, {""locality_code"": 205, ""locality_name_he"": ""חגלה"", ""locality_name_en"": ""Hogla"", ""population"": 766}, {""locality_code"": 217, ""locality_name_he"": ""כפר הרא\""ה"", ""locality_name_en"": ""Kefar HaRo'e"", ""population"": 1350}, {""locality_code"": 219, ""locality_name_he"": ""חיבת ציון"", ""locality_name_en"": ""Hibbat Ziyyon"", ""population"": 931}, {""locality_code"": 224, ""locality_name_he"": ""שושנת העמקים"", ""locality_name_en"": ""Shoshannat HaAmaqim"", ""population"": 468}, {""locality_code"": 233, ""locality_name_he"": ""כפר ידידיה"", ""locality_name_en"": ""Kefar Yedidya"", ""population"": 782}, {""locality_code"": 235, ""locality_name_he"": ""חבצלת השרון"", ""locality_name_en"": ""Havazzelet HaSharon"", ""population"": 406}, {""locality_code"": 252, ""locality_name_he"": ""ביתן אהרן"", ""locality_name_en"": ""Bitan Aharon"", ""population"": 270}, {""locality_code"": 326, ""locality_name_he"": ""בית יצחק-שער חפר"", ""locality_name_en"": ""Bet Yizhaq-Sh. Hefer"", ""population"": 2283}, {""locality_code"": 373, ""locality_name_he"": ""בית הלוי"", ""locality_name_en"": ""Bet HaLewi"", ""population"": 811}, {""locality_code"": 377, ""locality_name_he"": ""המעפיל"", ""locality_name_en"": ""HaMa'pil"", ""population"": 932}, {""locality_code"": 382, ""locality_name_he"": ""מכמורת"", ""locality_name_en"": ""Mikhmoret"", ""population"": 1294}, {""locality_code"": 387, ""locality_name_he"": ""כפר מונש"", ""locality_name_en"": ""Kefar Monash"", ""population"": 891}, {""locality_code"": 422, ""locality_name_he"": ""חרב לאת"", ""locality_name_en"": ""Herev Le'Et"", ""population"": 889}, {""locality_code"": 423, ""locality_name_he"": ""העוגן"", ""locality_name_en"": ""HaOgen"", ""population"": 798}, {""locality_code"": 680, ""locality_name_he"": ""אומץ"", ""locality_name_en"": ""Omez"", ""population"": 810}, {""locality_code"": 697, ""locality_name_he"": ""בארותיים"", ""locality_name_en"": ""Be'erotayim"", ""population"": 1152}, {""locality_code"": 698, ""locality_name_he"": ""בורגתה"", ""locality_name_en"": ""Burgeta"", ""population"": 1105}, {""locality_code"": 734, ""locality_name_he"": ""גן יאשיה"", ""locality_name_en"": ""Gan Yoshiyya"", ""population"": 989}, {""locality_code"": 737, ""locality_name_he"": ""עולש"", ""locality_name_en"": ""Olesh"", ""population"": 1271}, {""locality_code"": 758, ""locality_name_he"": ""יד חנה"", ""locality_name_en"": ""Yad Hanna"", ""population"": 977}, {""locality_code"": 807, ""locality_name_he"": ""חניאל"", ""locality_name_en"": ""Hanni'el"", ""population"": 847}, {""locality_code"": 850, ""locality_name_he"": ""אחיטוב"", ""locality_name_en"": ""Ahituv"", ""population"": 1509}, {""locality_code"": 872, ""locality_name_he"": ""גאולי תימן"", ""locality_name_en"": ""Ge'ule Teman"", ""population"": 397}, {""locality_code"": 877, ""locality_name_he"": ""בית חירות"", ""locality_name_en"": ""Bet Herut"", ""population"": 913}, {""locality_code"": 897, ""locality_name_he"": ""מדרשת רופין"", ""locality_name_en"": ""Midreshet Ruppin"", ""population"": 293}, {""locality_code"": 1077, ""locality_name_he"": ""גבעת שפירא"", ""locality_name_en"": ""Giv'at Shappira"", ""population"": 341}, {""locality_code"": 1102, ""locality_name_he"": ""צוקי ים"", ""locality_name_en"": ""Zuqi Yam"", ""population"": 221}, {""locality_code"": 1318, ""locality_name_he"": ""מבואות ים"", ""locality_name_en"": ""Mevo'ot Yam"", ""population"": 129}, {""locality_code"": 1319, ""locality_name_he"": ""בת חפר"", ""locality_name_en"": ""Bat Hefer"", ""population"": 4982}, {""locality_code"": 1361, ""locality_name_he"": ""בת חן"", ""locality_name_en"": ""Bat Hen"", ""population"": 434}, {""locality_code"": 1745, ""locality_name_he"": ""פארק תעשיות עמק חפר"", ""locality_name_en"": """", ""population"": 0}, {""locality_code"": 1875, ""locality_name_he"": ""עמק חפר מזרח מ\""א 16"", ""locality_name_en"": """", ""population"": 0}, {""locality_code"": 1876, ""locality_name_he"": ""מערב השרון מ\""א 16"", ""locality_name_en"": """", ""population"": 0}, {""locality_code"": 1879, ""locality_name_he"": ""מזרח השרון מ\""א 16"", ""locality_name_en"": """", ""population"": 0}, {""locality_code"": 2018, ""locality_name_he"": ""גבעת חיים (איחוד)"", ""locality_name_en"": ""Giv'at Hayyim (Ihud)"", ""population"": 1227}, {""locality_code"": 2043, ""locality_name_he"": ""בחן"", ""locality_name_en"": ""Bahan"", ""population"": 1143}]"
9,מועצה אזורית עמק יזרעאל,מועצה אזורית,הצפון,יזרעאל,אשכול רשויות הגליל והעמקים,41294,48,"[{""locality_code"": 66, ""locality_name_he"": ""מרחביה (קיבוץ)"", ""locality_name_en"": ""Merhavya(Qibbuz)"", ""population"": 1370}, {""locality_code"": 80, ""locality_name_he"": ""נהלל"", ""locality_name_en"": ""Nahalal"", ""population"": 1573}, {""locality_code"": 92, ""locality_name_he"": ""גיניגר"", ""locality_name_en"": ""Ginnegar"", ""population"": 697}, {""locality_code"": 94, ""locality_name_he"": ""בלפוריה"", ""locality_name_en"": ""Balfurya"", ""population"": 628}, {""locality_code"": 97, ""locality_name_he"": ""מרחביה (מושב)"", ""locality_name_en"": ""Merhavya(Moshav)"", ""population"": 750}, {""locality_code"": 103, ""locality_name_he"": ""תל עדשים"", ""locality_name_en"": ""Tel Adashim"", ""population"": 1340}, {""locality_code"": 104, ""locality_name_he"": ""מזרע"", ""locality_name_en"": ""Mizra"", ""population"": 970}, {""locality_code"": 106, ""locality_name_he"": ""כפר גדעון"", ""locality_name_en"": ""Kefar Gid'on"", ""population"": 339}, {""locality_code"": 126, ""locality_name_he"": ""שריד"", ""locality_name_en"": ""Sarid"", ""population"": 989}, {""locality_code"": 132, ""locality_name_he"": ""כפר ברוך"", ""locality_name_en"": ""Kefar Barukh"", ""population"": 782}, {""locality_code"": 133, ""locality_name_he"": ""גבת"", ""locality_name_en"": ""Gevat"", ""population"": 1093}, {""locality_code"": 134, ""locality_name_he"": ""יפעת"", ""locality_name_en"": ""Yif'at"", ""population"": 1322}, {""locality_code"": 135, ""locality_name_he"": ""רמת דוד"", ""locality_name_en"": ""Ramat Dawid"", ""population"": 704}, {""locality_code"": 140, ""locality_name_he"": ""כפר יהושע"", ""locality_name_en"": ""Kefar Yehoshua"", ""population"": 1230}, {""locality_code"": 142, ""locality_name_he"": ""שדה יעקב"", ""locality_name_en"": ""Sede Ya'aqov"", ""population"": 1102}, {""locality_code"": 192, ""locality_name_he"": ""כפר החורש"", ""locality_name_en"": ""Kefar HaHoresh"", ""population"": 776}, {""locality_code"": 248, ""locality_name_he"": ""בית שערים"", ""locality_name_en"": ""Bet She'arim"", ""population"": 701}, {""locality_code"": 285, ""locality_name_he"": ""אלונים"", ""locality_name_en"": ""Allonim"", ""population"": 733}, {""locality_code"": 353, ""locality_name_he"": ""בית זיד"", ""locality_name_en"": ""Bet Zeid"", ""population"": 80}, {""locality_code"": 407, ""locality_name_he"": ""דברת"", ""locality_name_en"": ""Daverat"", ""population"": 605}, {""locality_code"": 429, ""locality_name_he"": ""אלוני אבא"", ""locality_name_en"": ""Allone Abba"", ""population"": 933}, {""locality_code"": 430, ""locality_name_he"": ""בית לחם הגלילית"", ""locality_name_en"": ""Bet Lehem HaGelilit"", ""population"": 837}, {""locality_code"": 436, ""locality_name_he"": ""עין דור"", ""locality_name_en"": ""En Dor"", ""population"": 1168}, {""locality_code"": 457, ""locality_name_he"": ""גזית"", ""locality_name_en"": ""Gazit"", ""population"": 847}, {""locality_code"": 613, ""locality_name_he"": ""ציפורי"", ""locality_name_en"": ""Zippori"", ""population"": 1130}, {""locality_code"": 677, ""locality_name_he"": ""הסוללים"", ""locality_name_en"": ""HaSolelim"", ""population"": 961}, {""locality_code"": 684, ""locality_name_he"": ""היוגב"", ""locality_name_en"": ""HaYogev"", ""population"": 1036}, {""locality_code"": 942, ""locality_name_he"": ""סואעד (חמרייה)*"", ""locality_name_en"": ""Sawa'id(Hamriyye)"", ""population"": 269}, {""locality_code"": 994, ""locality_name_he"": ""מנשית זבדה"", ""locality_name_en"": ""Manshiyyet Zabda"", ""population"": 1502}, {""locality_code"": 1182, ""locality_name_he"": ""אלון הגליל"", ""locality_name_en"": ""Allon HaGalil"", ""population"": 1093}, {""locality_code"": 1186, ""locality_name_he"": ""הושעיה"", ""locality_name_en"": ""Hosha'aya"", ""population"": 2024}, {""locality_code"": 1199, ""locality_name_he"": ""עדי"", ""locality_name_en"": ""Adi"", ""population"": 1850}, {""locality_code"": 1244, ""locality_name_he"": ""תמרת"", ""locality_name_en"": ""Timrat"", ""population"": 1410}, {""locality_code"": 1249, ""locality_name_he"": ""הרדוף"", ""locality_name_en"": ""Harduf"", ""population"": 886}, {""locality_code"": 1257, ""locality_name_he"": ""חנתון"", ""locality_name_en"": ""Hannaton"", ""population"": 1000}, {""locality_code"": 1288, ""locality_name_he"": ""גבעת אלה"", ""locality_name_en"": ""Giv'at Ela"", ""population"": 1830}, {""locality_code"": 1330, ""locality_name_he"": ""אחוזת ברק"", ""locality_name_en"": ""Ahuzzat Baraq"", ""population"": 2485}, {""locality_code"": 1337, ""locality_name_he"": ""שמשית"", ""locality_name_en"": ""Shimshit"", ""population"": 2249}, {""locality_code"": 1413, ""locality_name_he"": ""מחנה יהודית*"", ""locality_name_en"": ""Mahane Yehudit"", ""population"": 0}, {""locality_code"": 1716, ""locality_name_he"": ""אילון תבור*"", ""locality_name_en"": """", ""population"": 0}, {""locality_code"": 1717, ""locality_name_he"": ""מפעלי העמק (יזרעאל)"", ""locality_name_en"": """", ""population"": 0}, {""locality_code"": 1830, ""locality_name_he"": ""רמת כוכב מ\""א 9"", ""locality_name_en"": """", ""population"": 0}, {""locality_code"": 1833, ""locality_name_he"": ""עמק יזרעאל מ\""א 9"", ""locality_name_en"": """", ""population"": 0}, {""locality_code"": 1835, ""locality_name_he"": ""אזור יקנעם מ\""א 9"", ""locality_name_en"": """", ""population"": 0}, {""locality_code"": 1839, ""locality_name_he"": ""הרי נצרת-תירען מ\""א 9"", ""locality_name_en"": """", ""population"": 0}, {""locality_code"": 1840, ""locality_name_he"": ""אזור שפרעם מ\""א 9"", ""locality_name_en"": """", ""population"": 0}, {""locality_code"": 1863, ""locality_name_he"": ""יערות גבעת המורה מ\""א 9"", ""locality_name_en"": """", ""population"": 0}, {""locality_code"": 1865, ""locality_name_he"": ""אזור תעשיה אכסאל מ\""א 9"", ""locality_name_en"": """", ""population"": 0}]"
75,מועצה אזורית ערבות הירדן,מועצה אזורית,אזור יהודה ושומרון,ירדן-יריחו,אשכול יהודה ושומרון,7510,23,"[{""locality_code"": 1793, ""locality_name_he"": ""שלומציון"", ""locality_name_en"": """", ""population"": 0}, {""locality_code"": 1979, ""locality_name_he"": ""נפת ירדן מ\""א 75"", ""locality_name_en"": """", ""population"": 0}, {""locality_code"": 3555, ""locality_name_he"": ""נתיב הגדוד"", ""locality_name_en"": ""Netiv HaGedud"", ""population"": 214}, {""locality_code"": 3558, ""locality_name_he"": ""תומר"", ""locality_name_en"": ""Tomer"", ""population"": 420}, {""locality_code"": 3566, ""locality_name_he"": ""יפית"", ""locality_name_en"": ""Yafit"", ""population"": 279}, {""locality_code"": 3578, ""locality_name_he"": ""שדמות מחולה"", ""locality_name_en"": ""Shadmot Mehola"", ""population"": 731}, {""locality_code"": 3598, ""locality_name_he"": ""ארגמן"", ""locality_name_en"": ""Argaman"", ""population"": 160}, {""locality_code"": 3599, ""locality_name_he"": ""מחולה"", ""locality_name_en"": ""Mehola"", ""population"": 760}, {""locality_code"": 3605, ""locality_name_he"": ""משואה"", ""locality_name_en"": ""Massu'a"", ""population"": 434}, {""locality_code"": 3606, ""locality_name_he"": ""גלגל"", ""locality_name_en"": ""Gilgal"", ""population"": 209}, {""locality_code"": 3607, ""locality_name_he"": ""ייט\""ב"", ""locality_name_en"": ""Yitav"", ""population"": 199}, {""locality_code"": 3609, ""locality_name_he"": ""חמרה"", ""locality_name_en"": ""Hamra"", ""population"": 271}, {""locality_code"": 3612, ""locality_name_he"": ""בקעות"", ""locality_name_en"": ""Beqa'ot"", ""population"": 247}, {""locality_code"": 3613, ""locality_name_he"": ""גיתית"", ""locality_name_en"": ""Gittit"", ""population"": 567}, {""locality_code"": 3614, ""locality_name_he"": ""מכורה"", ""locality_name_en"": ""Mekhora"", ""population"": 250}, {""locality_code"": 3615, ""locality_name_he"": ""פצאל"", ""locality_name_en"": ""Peza'el"", ""population"": 534}, {""locality_code"": 3619, ""locality_name_he"": ""רועי"", ""locality_name_en"": ""Ro'i"", ""population"": 154}, {""locality_code"": 3620, ""locality_name_he"": ""נערן"", ""locality_name_en"": ""Na'aran"", ""population"": 146}, {""locality_code"": 3646, ""locality_name_he"": ""חמדת"", ""locality_name_en"": ""Hemdat"", ""population"": 386}, {""locality_code"": 3713, ""locality_name_he"": ""נעמ\""ה"", ""locality_name_en"": ""Na'ama"", ""population"": 311}, {""locality_code"": 3782, ""locality_name_he"": ""רותם"", ""locality_name_en"": ""Rotem"", ""population"": 311}, {""locality_code"": 3785, ""locality_name_he"": ""משכיות"", ""locality_name_en"": ""Maskiyyot"", ""population"": 389}, {""locality_code"": 3825, ""locality_name_he"": ""מבואות יריחו"", ""locality_name_en"": ""Mevo'ot Yeriho"", ""population"": 538}]"
48,מועצה אזורית רמת נגב,מועצה אזורית,הדרום,באר שבע,אשכול רשויות נגב מזרחי,8566,20,"[{""locality_code"": 328, ""locality_name_he"": ""עזוז"", ""locality_name_en"": ""Ezuz"", ""population"": 97}, {""locality_code"": 354, ""locality_name_he"": ""רביבים"", ""locality_name_en"": ""Revivim"", ""population"": 824}, {""locality_code"": 421, ""locality_name_he"": ""משאבי שדה"", ""locality_name_en"": ""Mash'abbe Sade"", ""population"": 733}, {""locality_code"": 885, ""locality_name_he"": ""שדה בוקר"", ""locality_name_en"": ""Sede Boqer"", ""population"": 529}, {""locality_code"": 1140, ""locality_name_he"": ""מדרשת בן גוריון"", ""locality_name_en"": ""Midreshet Ben Gurion"", ""population"": 1602}, {""locality_code"": 1152, ""locality_name_he"": ""אשלים"", ""locality_name_en"": ""Ashalim"", ""population"": 711}, {""locality_code"": 1177, ""locality_name_he"": ""טללים"", ""locality_name_en"": ""Telalim"", ""population"": 662}, {""locality_code"": 1195, ""locality_name_he"": ""ניצנה (קהילת חינוך)"", ""locality_name_en"": ""Nizzana (Qehilat Hinuh)"", ""population"": 268}, {""locality_code"": 1260, ""locality_name_he"": ""רתמים"", ""locality_name_en"": ""Retamim"", ""population"": 783}, {""locality_code"": 1278, ""locality_name_he"": ""באר מילכה"", ""locality_name_en"": ""Be'er Milka"", ""population"": 313}, {""locality_code"": 1280, ""locality_name_he"": ""ניצני סיני"", ""locality_name_en"": ""Nizzane Sinay"", ""population"": 744}, {""locality_code"": 1291, ""locality_name_he"": ""כמהין"", ""locality_name_en"": ""Kemehin"", ""population"": 463}, {""locality_code"": 1340, ""locality_name_he"": ""מרחב עם"", ""locality_name_en"": ""Merhav Am"", ""population"": 641}, {""locality_code"": 1341, ""locality_name_he"": ""רוח מדבר"", ""locality_name_en"": ""Ruah Midbar"", ""population"": 54}, {""locality_code"": 1373, ""locality_name_he"": ""שלווה במדבר"", ""locality_name_en"": ""Shalva Bamidbar"", ""population"": 0}, {""locality_code"": 1378, ""locality_name_he"": ""שיזף"", ""locality_name_en"": ""Shezaf"", ""population"": 142}, {""locality_code"": 1418, ""locality_name_he"": ""מחנה טלי*"", ""locality_name_en"": ""Mahane Tali"", ""population"": 0}, {""locality_code"": 1771, ""locality_name_he"": ""אורון"", ""locality_name_en"": """", ""population"": 0}, {""locality_code"": 1948, ""locality_name_he"": ""הר הנגב הצפוני מ\""א 48"", ""locality_name_en"": """", ""population"": 0}, {""locality_code"": 1953, ""locality_name_he"": ""הר הנגב הדרומי מ\""א 48"", ""locality_name_en"": """", ""population"": 0}]"
40,מועצה אזורית שדות דן,מועצה אזורית,המרכז,רמלה,ללא שיוך לאשכול,15998,11,"[{""locality_code"": 331, ""locality_name_he"": ""ניר צבי"", ""locality_name_en"": ""Nir Zevi"", ""population"": 1128}, {""locality_code"": 594, ""locality_name_he"": ""צפרייה"", ""locality_name_en"": ""Zafriyya"", ""population"": 1039}, {""locality_code"": 696, ""locality_name_he"": ""כפר חב\""ד"", ""locality_name_en"": ""Kefar Habad"", ""population"": 6438}, {""locality_code"": 729, ""locality_name_he"": ""משמר השבעה"", ""locality_name_en"": ""Mishmar HaShiv'a"", ""population"": 1035}, {""locality_code"": 788, ""locality_name_he"": ""זיתן"", ""locality_name_en"": ""Zetan"", ""population"": 1177}, {""locality_code"": 797, ""locality_name_he"": ""אחיעזר"", ""locality_name_en"": ""Ahi'ezer"", ""population"": 2179}, {""locality_code"": 798, ""locality_name_he"": ""יגל"", ""locality_name_en"": ""Yagel"", ""population"": 1101}, {""locality_code"": 801, ""locality_name_he"": ""חמ\""ד"", ""locality_name_en"": ""Hemed"", ""population"": 1427}, {""locality_code"": 836, ""locality_name_he"": ""גנות"", ""locality_name_en"": ""Gannot"", ""population"": 474}, {""locality_code"": 1749, ""locality_name_he"": ""תעשיון צריפין"", ""locality_name_en"": """", ""population"": 0}, {""locality_code"": 1893, ""locality_name_he"": ""אזור רמלה מ\""א 40"", ""locality_name_en"": """", ""population"": 0}]"
39,מועצה אזורית שדות נגב,מועצה אזורית,הדרום,באר שבע,אשכול רשויות נגב מערבי,12017,19,"[{""locality_code"": 398, ""locality_name_he"": ""שרשרת"", ""locality_name_en"": ""Sharsheret"", ""population"": 512}, {""locality_code"": 415, ""locality_name_he"": ""שוקדה"", ""locality_name_en"": ""Shoqeda"", ""population"": 747}, {""locality_code"": 419, ""locality_name_he"": ""סעד"", ""locality_name_en"": ""Sa'ad"", ""population"": 1019}, {""locality_code"": 665, ""locality_name_he"": ""תקומה"", ""locality_name_en"": ""Tequma"", ""population"": 841}, {""locality_code"": 723, ""locality_name_he"": ""בית הגדי"", ""locality_name_en"": ""Bet HaGaddi"", ""population"": 1036}, {""locality_code"": 761, ""locality_name_he"": ""שובה"", ""locality_name_en"": ""Shuva"", ""population"": 999}, {""locality_code"": 803, ""locality_name_he"": ""יושיביה"", ""locality_name_en"": ""Yoshivya"", ""population"": 806}, {""locality_code"": 865, ""locality_name_he"": ""שיבולים"", ""locality_name_en"": ""Shibbolim"", ""population"": 420}, {""locality_code"": 1065, ""locality_name_he"": ""זמרת"", ""locality_name_en"": ""Zimrat"", ""population"": 802}, {""locality_code"": 1082, ""locality_name_he"": ""מעגלים"", ""locality_name_en"": ""Ma'galim"", ""population"": 1332}, {""locality_code"": 1083, ""locality_name_he"": ""תושייה"", ""locality_name_en"": ""Tushiyya"", ""population"": 473}, {""locality_code"": 1095, ""locality_name_he"": ""כפר מימון"", ""locality_name_en"": ""Kefar Maymon"", ""population"": 889}, {""locality_code"": 1146, ""locality_name_he"": ""עלומים"", ""locality_name_en"": ""Alumim"", ""population"": 548}, {""locality_code"": 1766, ""locality_name_he"": ""קרית חינוך עזתה"", ""locality_name_en"": """", ""population"": 0}, {""locality_code"": 1931, ""locality_name_he"": ""אזור גרר מ\""א 39"", ""locality_name_en"": """", ""population"": 0}, {""locality_code"": 1935, ""locality_name_he"": ""אזור בשור מ\""א 39"", ""locality_name_en"": """", ""population"": 0}, {""locality_code"": 2014, ""locality_name_he"": ""גבעולים"", ""locality_name_en"": ""Giv'olim"", ""population"": 525}, {""locality_code"": 2044, ""locality_name_he"": ""מלילות"", ""locality_name_en"": ""Melilot"", ""population"": 546}, {""locality_code"": 2064, ""locality_name_he"": ""זרועה"", ""locality_name_en"": ""Zeru'a"", ""population"": 522}]"
72,מועצה אזורית שומרון,מועצה אזורית,אזור יהודה ושומרון,טול כרם,אשכול יהודה ושומרון,46698,30,"[{""locality_code"": 1791, ""locality_name_he"": ""מפעלי ברקן"", ""locality_name_en"": """", ""population"": 0}, {""locality_code"": 1792, ""locality_name_he"": ""תעשיון שח\""ק"", ""locality_name_en"": """", ""population"": 0}, {""locality_code"": 1970, ""locality_name_he"": ""נפת ג'נין מ\""א 72"", ""locality_name_en"": """", ""population"": 0}, {""locality_code"": 1972, ""locality_name_he"": ""נפת שכם מ\""א 72"", ""locality_name_en"": """", ""population"": 0}, {""locality_code"": 1974, ""locality_name_he"": ""נפת ראמאללה מ\""א 73"", ""locality_name_en"": """", ""population"": 0}, {""locality_code"": 3567, ""locality_name_he"": ""סלעית"", ""locality_name_en"": ""Sal'it"", ""population"": 1437}, {""locality_code"": 3568, ""locality_name_he"": ""ריחן"", ""locality_name_en"": ""Rehan"", ""population"": 499}, {""locality_code"": 3569, ""locality_name_he"": ""מבוא דותן"", ""locality_name_en"": ""Mevo Dotan"", ""population"": 683}, {""locality_code"": 3571, ""locality_name_he"": ""שבי שומרון"", ""locality_name_en"": ""Shave Shomeron"", ""population"": 1110}, {""locality_code"": 3572, ""locality_name_he"": ""כפר תפוח"", ""locality_name_en"": ""Kefar Tappuah"", ""population"": 1606}, {""locality_code"": 3579, ""locality_name_he"": ""אלון מורה"", ""locality_name_en"": ""Elon More"", ""population"": 2161}, {""locality_code"": 3643, ""locality_name_he"": ""חיננית"", ""locality_name_en"": ""Hinnanit"", ""population"": 1705}, {""locality_code"": 3647, ""locality_name_he"": ""יקיר"", ""locality_name_en"": ""Yaqir"", ""population"": 2719}, {""locality_code"": 3649, ""locality_name_he"": ""שקד"", ""locality_name_en"": ""Shaqed"", ""population"": 1147}, {""locality_code"": 3654, ""locality_name_he"": ""ברקן"", ""locality_name_en"": ""Barqan"", ""population"": 2169}, {""locality_code"": 3710, ""locality_name_he"": ""ברכה"", ""locality_name_en"": ""Berakha"", ""population"": 3394}, {""locality_code"": 3712, ""locality_name_he"": ""ענב"", ""locality_name_en"": ""Enav"", ""population"": 1172}, {""locality_code"": 3717, ""locality_name_he"": ""חרמש"", ""locality_name_en"": ""Hermesh"", ""population"": 284}, {""locality_code"": 3727, ""locality_name_he"": ""עלי זהב"", ""locality_name_en"": ""Ale Zahav"", ""population"": 5253}, {""locality_code"": 3744, ""locality_name_he"": ""ברוכין"", ""locality_name_en"": ""Brukhin"", ""population"": 2793}, {""locality_code"": 3746, ""locality_name_he"": ""קריית נטפים"", ""locality_name_en"": ""Qiryat Netafim"", ""population"": 880}, {""locality_code"": 3749, ""locality_name_he"": ""יצהר"", ""locality_name_en"": ""Yizhar"", ""population"": 2304}, {""locality_code"": 3751, ""locality_name_he"": ""מגדלים"", ""locality_name_en"": ""Migdalim"", ""population"": 700}, {""locality_code"": 3762, ""locality_name_he"": ""איתמר"", ""locality_name_en"": ""Itamar"", ""population"": 1670}, {""locality_code"": 3768, ""locality_name_he"": ""פדואל"", ""locality_name_en"": ""Pedu'el"", ""population"": 2214}, {""locality_code"": 3790, ""locality_name_he"": ""נופים"", ""locality_name_en"": ""Nofim"", ""population"": 1392}, {""locality_code"": 3791, ""locality_name_he"": ""צופים"", ""locality_name_en"": ""Zufim"", ""population"": 2568}, {""locality_code"": 3793, ""locality_name_he"": ""אבני חפץ"", ""locality_name_en"": ""Avne Hefez"", ""population"": 2454}, {""locality_code"": 3795, ""locality_name_he"": ""רבבה"", ""locality_name_en"": ""Revava"", ""population"": 3195}, {""locality_code"": 3822, ""locality_name_he"": ""רחלים"", ""locality_name_en"": ""Rehelim"", ""population"": 1189}]"
37,מועצה אזורית שער הנגב,מועצה אזורית,הדרום,אשקלון,אשכול רשויות נגב מערבי,9937,14,"[{""locality_code"": 67, ""locality_name_he"": ""אור הנר"", ""locality_name_en"": ""Or HaNer"", ""population"": 1024}, {""locality_code"": 336, ""locality_name_he"": ""דורות"", ""locality_name_en"": ""Dorot"", ""population"": 885}, {""locality_code"": 338, ""locality_name_he"": ""איבים"", ""locality_name_en"": ""Ibbim"", ""population"": 912}, {""locality_code"": 348, ""locality_name_he"": ""ניר עם"", ""locality_name_en"": ""Nir Am"", ""population"": 659}, {""locality_code"": 362, ""locality_name_he"": ""רוחמה"", ""locality_name_en"": ""Ruhama"", ""population"": 765}, {""locality_code"": 424, ""locality_name_he"": ""גבים"", ""locality_name_en"": ""Gevim"", ""population"": 680}, {""locality_code"": 428, ""locality_name_he"": ""ברור חיל"", ""locality_name_en"": ""Beror Hayil"", ""population"": 1091}, {""locality_code"": 668, ""locality_name_he"": ""מפלסים"", ""locality_name_en"": ""Mefallesim"", ""population"": 924}, {""locality_code"": 714, ""locality_name_he"": ""ארז"", ""locality_name_en"": ""Erez"", ""population"": 662}, {""locality_code"": 811, ""locality_name_he"": ""יכיני"", ""locality_name_en"": ""Yakhini"", ""population"": 780}, {""locality_code"": 844, ""locality_name_he"": ""נחל עוז"", ""locality_name_en"": ""Nahal Oz"", ""population"": 596}, {""locality_code"": 845, ""locality_name_he"": ""כפר עזה"", ""locality_name_en"": ""Kefar Azza"", ""population"": 959}, {""locality_code"": 1763, ""locality_name_he"": ""פארק תעשיות ספירים"", ""locality_name_en"": """", ""population"": 0}, {""locality_code"": 1926, ""locality_name_he"": ""אזור אשקלון מ\""א 37"", ""locality_name_en"": """", ""population"": 0}]"
34,מועצה אזורית שפיר,מועצה אזורית,הדרום,אשקלון,ללא שיוך לאשכול,14138,16,"[{""locality_code"": 15, ""locality_name_he"": ""נועם"", ""locality_name_en"": ""No'am"", ""population"": 466}, {""locality_code"": 37, ""locality_name_he"": ""איתן"", ""locality_name_en"": ""Etan"", ""population"": 852}, {""locality_code"": 400, ""locality_name_he"": ""אבן שמואל"", ""locality_name_en"": ""Even Shemu'el"", ""population"": 2006}, {""locality_code"": 620, ""locality_name_he"": ""משואות יצחק"", ""locality_name_en"": ""Massu'ot Yizhaq"", ""population"": 674}, {""locality_code"": 622, ""locality_name_he"": ""עין צורים"", ""locality_name_en"": ""En Zurim"", ""population"": 873}, {""locality_code"": 692, ""locality_name_he"": ""שפיר"", ""locality_name_en"": ""Shafir"", ""population"": 1039}, {""locality_code"": 766, ""locality_name_he"": ""קוממיות"", ""locality_name_en"": ""Qomemiyyut"", ""population"": 468}, {""locality_code"": 815, ""locality_name_he"": ""זבדיאל"", ""locality_name_en"": ""Zavdi'el"", ""population"": 808}, {""locality_code"": 818, ""locality_name_he"": ""זרחיה"", ""locality_name_en"": ""Zerahya"", ""population"": 856}, {""locality_code"": 826, ""locality_name_he"": ""עוזה"", ""locality_name_en"": ""Uza"", ""population"": 474}, {""locality_code"": 873, ""locality_name_he"": ""שלווה"", ""locality_name_en"": ""Shalwa"", ""population"": 666}, {""locality_code"": 1098, ""locality_name_he"": ""מרכז שפירא"", ""locality_name_en"": ""Merkaz Shappira"", ""population"": 2728}, {""locality_code"": 1145, ""locality_name_he"": ""אלומה"", ""locality_name_en"": ""Alumma"", ""population"": 1558}, {""locality_code"": 1915, ""locality_name_he"": ""אזור מלאכי מ\""א 34"", ""locality_name_en"": """", ""population"": 0}, {""locality_code"": 1919, ""locality_name_he"": ""אזור לכיש מ\""א 34"", ""locality_name_en"": """", ""population"": 0}, {""locality_code"": 2051, ""locality_name_he"": ""רווחה"", ""locality_name_en"": ""Rewaha"", ""population"": 670}]"
51,מועצה אזורית תמר,מועצה אזורית,הדרום,באר שבע,ללא שיוך לאשכול,1982,13,"[{""locality_code"": 1053, ""locality_name_he"": ""עין חצבה"", ""locality_name_en"": ""En Hazeva"", ""population"": 88}, {""locality_code"": 1057, ""locality_name_he"": ""נווה זוהר"", ""locality_name_en"": ""Newe Zohar"", ""population"": 182}, {""locality_code"": 1124, ""locality_name_he"": ""נאות הכיכר"", ""locality_name_en"": ""Ne'ot HaKikkar"", ""population"": 422}, {""locality_code"": 1251, ""locality_name_he"": ""עין תמר"", ""locality_name_en"": ""En Tamar"", ""population"": 342}, {""locality_code"": 1261, ""locality_name_he"": ""הר עמשא"", ""locality_name_en"": ""Har Amasa"", ""population"": 232}, {""locality_code"": 1772, ""locality_name_he"": ""ים המלח - בתי מלון"", ""locality_name_en"": """", ""population"": 0}, {""locality_code"": 1773, ""locality_name_he"": ""מפעלי מישור רותם"", ""locality_name_en"": """", ""population"": 0}, {""locality_code"": 1775, ""locality_name_he"": ""מפעלי ים המלח(סדום)"", ""locality_name_en"": """", ""population"": 0}, {""locality_code"": 1938, ""locality_name_he"": ""אזור באר שבע מ\""א 51"", ""locality_name_en"": """", ""population"": 0}, {""locality_code"": 1942, ""locality_name_he"": ""אזור ים המלח מ\""א 51"", ""locality_name_en"": """", ""population"": 0}, {""locality_code"": 1944, ""locality_name_he"": ""הערבה מ\""א 51"", ""locality_name_en"": """", ""population"": 0}, {""locality_code"": 1949, ""locality_name_he"": ""הר הנגב הצפוני מ\""א 51"", ""locality_name_en"": """", ""population"": 0}, {""locality_code"": 2042, ""locality_name_he"": ""עין גדי"", ""locality_name_en"": ""En Gedi"", ""population"": 716}]"
472,אבו גוש,מועצה מקומית,ירושלים,ירושלים,ללא שיוך לאשכול,8793,1,"[{""locality_code"": 472, ""locality_name_he"": ""אבו גוש"", ""locality_name_en"": ""Abu Ghosh"", ""population"": 8793}]"
473,אבו סנאן,מועצה מקומית,הצפון,עכו,אשכול רשויות גליל מערבי,14235,1,"[{""locality_code"": 473, ""locality_name_he"": ""אבו סנאן"", ""locality_name_en"": ""Abu Sinan"", ""population"": 14235}]"
182,אבן יהודה,מועצה מקומית,המרכז,השרון,ללא שיוך לאשכול,15103,1,"[{""locality_code"": 182, ""locality_name_he"": ""אבן יהודה"", ""locality_name_en"": ""Even Yehuda"", ""population"": 15103}]"
3760,אורנית,מועצה מקומית,אזור יהודה ושומרון,טול כרם,אשכול יהודה ושומרון,10055,1,"[{""locality_code"": 3760, ""locality_name_he"": ""אורנית"", ""locality_name_en"": ""Oranit"", ""population"": 10055}]"
565,אזור,מועצה מקומית,תל אביב,תל אביב,ללא שיוך לאשכול,13007,1,"[{""locality_code"": 565, ""locality_name_he"": ""אזור"", ""locality_name_en"": ""Azor"", ""population"": 13007}]"
478,אכסאל,מועצה מקומית,הצפון,יזרעאל,אשכול רשויות הגליל והעמקים,14980,1,"[{""locality_code"": 478, ""locality_name_he"": ""אכסאל"", ""locality_name_en"": ""Iksal"", ""population"": 14980}]"
41,אליכין,מועצה מקומית,המרכז,השרון,ללא שיוך לאשכול,3838,1,"[{""locality_code"": 41, ""locality_name_he"": ""אליכין"", ""locality_name_en"": ""Elyakhin"", ""population"": 3838}]"
3750,אלפי מנשה,מועצה מקומית,אזור יהודה ושומרון,טול כרם,אשכול יהודה ושומרון,8126,1,"[{""locality_code"": 3750, ""locality_name_he"": ""אלפי מנשה"", ""locality_name_en"": ""Alfe Menashe"", ""population"": 8126}]"
3560,אלקנה,מועצה מקומית,אזור יהודה ושומרון,טול כרם,אשכול יהודה ושומרון,4392,1,"[{""locality_code"": 3560, ""locality_name_he"": ""אלקנה"", ""locality_name_en"": ""Elqana"", ""population"": 4392}]"
529,אעבלין,מועצה מקומית,הצפון,עכו,אשכול רשויות המפרץ,13555,1,"[{""locality_code"": 529, ""locality_name_he"": ""אעבלין"", ""locality_name_en"": ""I'billin"", ""population"": 13555}]"
3650,אפרת,מועצה מקומית,אזור יהודה ושומרון,בית לחם,ללא שיוך לאשכול,12300,1,"[{""locality_code"": 3650, ""locality_name_he"": ""אפרת"", ""locality_name_en"": ""Efrat"", ""population"": 12300}]"
482,בועיינה-נוג'ידאת,מועצה מקומית,הצפון,יזרעאל,אשכול רשויות הכנרת והעמקים,10439,1,"[{""locality_code"": 482, ""locality_name_he"": ""בועיינה-נוג'ידאת"", ""locality_name_en"": ""Bu'eine-Nujeidat"", ""population"": 10439}]"
4001,בוקעאתא,מועצה מקומית,הצפון,גולן,אשכול רשויות גליל מזרחי,6835,1,"[{""locality_code"": 4001, ""locality_name_he"": ""בוקעאתא"", ""locality_name_en"": ""Buq'ata"", ""population"": 6835}]"
998,ביר אל-מכסור,מועצה מקומית,הצפון,עכו,אשכול רשויות המפרץ,10895,1,"[{""locality_code"": 998, ""locality_name_he"": ""ביר אל-מכסור"", ""locality_name_en"": ""Bir El-Maksur"", ""population"": 10895}]"
3574,בית אל,מועצה מקומית,אזור יהודה ושומרון,ראמאללה,אשכול יהודה ושומרון,6040,1,"[{""locality_code"": 3574, ""locality_name_he"": ""בית אל"", ""locality_name_en"": ""Bet El"", ""population"": 6040}]"
3652,בית אריה-עופרים,מועצה מקומית,אזור יהודה ושומרון,ראמאללה,ללא שיוך לאשכול,5516,1,"[{""locality_code"": 3652, ""locality_name_he"": ""בית אריה-עופרים"", ""locality_name_en"": ""Bet Arye-Ofarim"", ""population"": 5516}]"
480,בית ג'ן,מועצה מקומית,הצפון,עכו,אשכול רשויות גליל מערבי,12287,1,"[{""locality_code"": 480, ""locality_name_he"": ""בית ג'ן"", ""locality_name_en"": ""Beit Jann"", ""population"": 12287}]"
466,בית דגן,מועצה מקומית,המרכז,רמלה,ללא שיוך לאשכול,7660,1,"[{""locality_code"": 466, ""locality_name_he"": ""בית דגן"", ""locality_name_en"": ""Bet Dagan"", ""population"": 7660}]"
1066,"בני עי""ש",מועצה מקומית,המרכז,רחובות,אשכול רשויות שורק דרומי,6659,1,"[{""locality_code"": 1066, ""locality_name_he"": ""בני עי\""ש"", ""locality_name_en"": ""Bene Ayish"", ""population"": 6659}]"
9800,בנימינה-גבעת עדה,מועצה מקומית,חיפה,חדרה,אשכול רשויות מישור החוף,15408,1,"[{""locality_code"": 9800, ""locality_name_he"": ""בנימינה-גבעת עדה"", ""locality_name_en"": ""Binyamina-Giv'at Ada"", ""population"": 15408}]"
1326,"בסמ""ה",מועצה מקומית,חיפה,חדרה,ללא שיוך לאשכול,11734,1,"[{""locality_code"": 1326, ""locality_name_he"": ""בסמ\""ה"", ""locality_name_en"": ""Basma"", ""population"": 11734}]"
944,בסמת טבעון,מועצה מקומית,הצפון,יזרעאל,אשכול רשויות המפרץ,8175,1,"[{""locality_code"": 944, ""locality_name_he"": ""בסמת טבעון"", ""locality_name_en"": ""Basmat Tab'un"", ""population"": 8175}]"
483,בענה,מועצה מקומית,הצפון,עכו,אשכול רשויות בית הכרם הגלילי,8703,1,"[{""locality_code"": 483, ""locality_name_he"": ""בענה"", ""locality_name_en"": ""Bi'ne"", ""population"": 8703}]"
1292,ג'דיידה-מכר,מועצה מקומית,הצפון,עכו,אשכול רשויות גליל מערבי,20149,1,"[{""locality_code"": 1292, ""locality_name_he"": ""ג'דיידה-מכר"", ""locality_name_en"": ""Judeide-Maker"", ""population"": 20149}]"
485,ג'ולס,מועצה מקומית,הצפון,עכו,אשכול רשויות גליל מערבי,6701,1,"[{""locality_code"": 485, ""locality_name_he"": ""ג'ולס"", ""locality_name_en"": ""Julis"", ""population"": 6701}]"
627,ג'לג'וליה,מועצה מקומית,המרכז,פתח תקווה,אשכול רשויות השרון,10754,1,"[{""locality_code"": 627, ""locality_name_he"": ""ג'לג'וליה"", ""locality_name_en"": ""Jaljulye"", ""population"": 10754}]"
541,ג'סר א-זרקא,מועצה מקומית,חיפה,חדרה,אשכול רשויות מישור החוף,15709,1,"[{""locality_code"": 541, ""locality_name_he"": ""ג'סר א-זרקא"", ""locality_name_en"": ""Jisr Az-Zarqa"", ""population"": 15709}]"
487,ג'ש (גוש חלב),מועצה מקומית,הצפון,צפת,אשכול רשויות גליל מזרחי,3232,1,"[{""locality_code"": 487, ""locality_name_he"": ""ג'ש (גוש חלב)"", ""locality_name_en"": ""Jish(Gush Halav)"", ""population"": 3232}]"
628,ג'ת,מועצה מקומית,חיפה,חדרה,ללא שיוך לאשכול,12554,1,"[{""locality_code"": 628, ""locality_name_he"": ""ג'ת"", ""locality_name_en"": ""Jatt"", ""population"": 12554}]"
3730,גבעת זאב,מועצה מקומית,אזור יהודה ושומרון,ראמאללה,אשכול יהודה ושומרון,24193,1,"[{""locality_code"": 3730, ""locality_name_he"": ""גבעת זאב"", ""locality_name_en"": ""Giv'at Ze'ev"", ""population"": 24193}]"
2550,גדרה,מועצה מקומית,המרכז,רחובות,אשכול רשויות שורק דרומי,30685,1,"[{""locality_code"": 2550, ""locality_name_he"": ""גדרה"", ""locality_name_en"": ""Gedera"", ""population"": 30685}]"
166,גן יבנה,מועצה מקומית,המרכז,רחובות,ללא שיוך לאשכול,24473,1,"[{""locality_code"": 166, ""locality_name_he"": ""גן יבנה"", ""locality_name_en"": ""Gan Yavne"", ""population"": 24473}]"
494,דאלית אל-כרמל,מועצה מקומית,חיפה,חיפה,אשכול רשויות המפרץ,18141,1,"[{""locality_code"": 494, ""locality_name_he"": ""דאלית אל-כרמל"", ""locality_name_en"": ""Daliyat Al-Karmel"", ""population"": 18141}]"
489,דבורייה,מועצה מקומית,הצפון,יזרעאל,אשכול רשויות הגליל והעמקים,10675,1,"[{""locality_code"": 489, ""locality_name_he"": ""דבורייה"", ""locality_name_en"": ""Daburiyya"", ""population"": 10675}]"
490,דייר אל-אסד,מועצה מקומית,הצפון,עכו,אשכול רשויות בית הכרם הגלילי,12438,1,"[{""locality_code"": 490, ""locality_name_he"": ""דייר אל-אסד"", ""locality_name_en"": ""Deir Al-Asad"", ""population"": 12438}]"
492,דייר חנא,מועצה מקומית,הצפון,עכו,ללא שיוך לאשכול,10623,1,"[{""locality_code"": 492, ""locality_name_he"": ""דייר חנא"", ""locality_name_en"": ""Deir Hanna"", ""population"": 10623}]"
3769,הר אדר,מועצה מקומית,אזור יהודה ושומרון,ראמאללה,אשכול יהודה ושומרון,4389,1,"[{""locality_code"": 3769, ""locality_name_he"": ""הר אדר"", ""locality_name_en"": ""Har Adar"", ""population"": 4389}]"
9300,זכרון יעקב,מועצה מקומית,חיפה,חדרה,אשכול רשויות מישור החוף,24126,1,"[{""locality_code"": 9300, ""locality_name_he"": ""זכרון יעקב"", ""locality_name_en"": ""Zikhron Ya'aqov"", ""population"": 24126}]"
1290,זמר,מועצה מקומית,המרכז,השרון,ללא שיוך לאשכול,7771,1,"[{""locality_code"": 1290, ""locality_name_he"": ""זמר"", ""locality_name_en"": ""Zemer"", ""population"": 7771}]"
975,זרזיר,מועצה מקומית,הצפון,יזרעאל,אשכול רשויות הגליל והעמקים,9044,1,"[{""locality_code"": 975, ""locality_name_he"": ""זרזיר"", ""locality_name_en"": ""Zarzir"", ""population"": 9044}]"
1303,חורה,מועצה מקומית,הדרום,באר שבע,אשכול רשויות נגב מזרחי,21937,1,"[{""locality_code"": 1303, ""locality_name_he"": ""חורה"", ""locality_name_en"": ""Hura"", ""population"": 21937}]"
496,חורפיש,מועצה מקומית,הצפון,עכו,אשכול רשויות גליל מערבי,6712,1,"[{""locality_code"": 496, ""locality_name_he"": ""חורפיש"", ""locality_name_en"": ""Hurfeish"", ""population"": 6712}]"
2034,חצור הגלילית,מועצה מקומית,הצפון,צפת,אשכול רשויות גליל מזרחי,11062,1,"[{""locality_code"": 2034, ""locality_name_he"": ""חצור הגלילית"", ""locality_name_en"": ""Hazor HaGelilit"", ""population"": 11062}]"
962,טובא-זנגרייה,מועצה מקומית,הצפון,צפת,אשכול רשויות גליל מזרחי,7108,1,"[{""locality_code"": 962, ""locality_name_he"": ""טובא-זנגרייה"", ""locality_name_en"": ""Tuba-Zangariyye"", ""population"": 7108}]"
498,טורעאן,מועצה מקומית,הצפון,יזרעאל,אשכול רשויות הכנרת והעמקים,14732,1,"[{""locality_code"": 498, ""locality_name_he"": ""טורעאן"", ""locality_name_en"": ""Tur'an"", ""population"": 14732}]"
1295,יאנוח-ג'ת,מועצה מקומית,הצפון,עכו,ללא שיוך לאשכול,6875,1,"[{""locality_code"": 1295, ""locality_name_he"": ""יאנוח-ג'ת"", ""locality_name_en"": ""Yanuh-Jat"", ""population"": 6875}]"
46,יבנאל,מועצה מקומית,הצפון,כנרת,אשכול רשויות הכנרת והעמקים,4718,1,"[{""locality_code"": 46, ""locality_name_he"": ""יבנאל"", ""locality_name_en"": ""Yavne'el"", ""population"": 4718}]"
29,יסוד המעלה,מועצה מקומית,הצפון,צפת,אשכול רשויות גליל מזרחי,1966,1,"[{""locality_code"": 29, ""locality_name_he"": ""יסוד המעלה"", ""locality_name_en"": ""Yesud HaMa'ala"", ""population"": 1966}]"
499,יפיע,מועצה מקומית,הצפון,יזרעאל,אשכול רשויות הגליל והעמקים,18603,1,"[{""locality_code"": 499, ""locality_name_he"": ""יפיע"", ""locality_name_en"": ""Yafi"", ""population"": 18603}]"
831,ירוחם,מועצה מקומית,הדרום,באר שבע,אשכול רשויות נגב מזרחי,11911,1,"[{""locality_code"": 831, ""locality_name_he"": ""ירוחם"", ""locality_name_en"": ""Yeroham"", ""population"": 11911}]"
502,ירכא,מועצה מקומית,הצפון,עכו,אשכול רשויות גליל מערבי,16543,1,"[{""locality_code"": 502, ""locality_name_he"": ""ירכא"", ""locality_name_en"": ""Yirka"", ""population"": 16543}]"
504,כאבול,מועצה מקומית,הצפון,עכו,אשכול רשויות המפרץ,12338,1,"[{""locality_code"": 504, ""locality_name_he"": ""כאבול"", ""locality_name_en"": ""Kabul"", ""population"": 12338}]"
505,כאוכב אבו אל-היג'א,מועצה מקומית,הצפון,עכו,ללא שיוך לאשכול,4039,1,"[{""locality_code"": 505, ""locality_name_he"": ""כאוכב אבו אל-היג'א"", ""locality_name_en"": ""Kaokab Abu Al-Hija"", ""population"": 4039}]"
1224,כוכב יאיר,מועצה מקומית,המרכז,פתח תקווה,אשכול רשויות השרון,9279,1,"[{""locality_code"": 1224, ""locality_name_he"": ""כוכב יאיר"", ""locality_name_en"": ""Kokhav Ya'ir"", ""population"": 9279}]"
1059,כסיפה,מועצה מקומית,הדרום,באר שבע,אשכול רשויות נגב מזרחי,20093,1,"[{""locality_code"": 1059, ""locality_name_he"": ""כסיפה"", ""locality_name_en"": ""Kuseife"", ""population"": 20093}]"
1296,כסרא-סמיע,מועצה מקומית,הצפון,עכו,ללא שיוך לאשכול,9217,1,"[{""locality_code"": 1296, ""locality_name_he"": ""כסרא-סמיע"", ""locality_name_en"": ""Kisra-Sumei"", ""population"": 9217}]"
978,כעביה-טבאש-חג'אג'רה,מועצה מקומית,הצפון,יזרעאל,אשכול רשויות הגליל והעמקים,6422,1,"[{""locality_code"": 978, ""locality_name_he"": ""כעביה-טבאש-חג'אג'רה"", ""locality_name_en"": ""Ka'abiyye-Tabbash-Hajajre"", ""population"": 6422}]"
633,כפר ברא,מועצה מקומית,המרכז,פתח תקווה,אשכול רשויות השרון,3893,1,"[{""locality_code"": 633, ""locality_name_he"": ""כפר ברא"", ""locality_name_en"": ""Kafar Bara"", ""population"": 3893}]"
1263,כפר ורדים,מועצה מקומית,הצפון,עכו,אשכול רשויות גליל מערבי,5718,1,"[{""locality_code"": 1263, ""locality_name_he"": ""כפר ורדים"", ""locality_name_en"": ""Kefar Weradim"", ""population"": 5718}]"
507,כפר יאסיף,מועצה מקומית,הצפון,עכו,אשכול רשויות גליל מערבי,10645,1,"[{""locality_code"": 507, ""locality_name_he"": ""כפר יאסיף"", ""locality_name_en"": ""Kafar Yasif"", ""population"": 10645}]"
508,כפר כמא,מועצה מקומית,הצפון,כנרת,אשכול רשויות הכנרת והעמקים,3455,1,"[{""locality_code"": 508, ""locality_name_he"": ""כפר כמא"", ""locality_name_en"": ""Kafar Kama"", ""population"": 3455}]"
509,כפר כנא,מועצה מקומית,הצפון,יזרעאל,אשכול רשויות הגליל והעמקים,24935,1,"[{""locality_code"": 509, ""locality_name_he"": ""כפר כנא"", ""locality_name_en"": ""Kafar Kanna"", ""population"": 24935}]"
510,כפר מנדא,מועצה מקומית,הצפון,עכו,ללא שיוך לאשכול,21743,1,"[{""locality_code"": 510, ""locality_name_he"": ""כפר מנדא"", ""locality_name_en"": ""Kafar Manda"", ""population"": 21743}]"
267,כפר שמריהו,מועצה מקומית,תל אביב,תל אביב,ללא שיוך לאשכול,2028,1,"[{""locality_code"": 267, ""locality_name_he"": ""כפר שמריהו"", ""locality_name_en"": ""Kefar Shemaryahu"", ""population"": 2028}]"
47,כפר תבור,מועצה מקומית,הצפון,כנרת,אשכול רשויות הכנרת והעמקים,4376,1,"[{""locality_code"": 47, ""locality_name_he"": ""כפר תבור"", ""locality_name_en"": ""Kefar Tavor"", ""population"": 4376}]"
1271,להבים,מועצה מקומית,הדרום,באר שבע,ללא שיוך לאשכול,7861,1,"[{""locality_code"": 1271, ""locality_name_he"": ""להבים"", ""locality_name_en"": ""Lehavim"", ""population"": 7861}]"
1060,לקיה,מועצה מקומית,הדרום,באר שבע,אשכול רשויות נגב מערבי,18323,1,"[{""locality_code"": 1060, ""locality_name_he"": ""לקיה"", ""locality_name_en"": ""Laqye"", ""population"": 18323}]"
1015,מבשרת ציון,מועצה מקומית,ירושלים,ירושלים,ללא שיוך לאשכול,26105,1,"[{""locality_code"": 1015, ""locality_name_he"": ""מבשרת ציון"", ""locality_name_en"": ""Mevasseret Ziyyon"", ""population"": 26105}]"
516,מג'ד אל-כרום,מועצה מקומית,הצפון,עכו,אשכול רשויות בית הכרם הגלילי,15144,1,"[{""locality_code"": 516, ""locality_name_he"": ""מג'ד אל-כרום"", ""locality_name_en"": ""Majd al-Kurum"", ""population"": 15144}]"
4201,מג'דל שמס,מועצה מקומית,הצפון,גולן,אשכול רשויות גליל מזרחי,11235,1,"[{""locality_code"": 4201, ""locality_name_he"": ""מג'דל שמס"", ""locality_name_en"": ""Majdal Shams"", ""population"": 11235}]"
65,מגדל,מועצה מקומית,הצפון,כנרת,אשכול רשויות הכנרת והעמקים,2171,1,"[{""locality_code"": 65, ""locality_name_he"": ""מגדל"", ""locality_name_en"": ""Migdal"", ""population"": 2171}]"
1722,מגדל תפן,מועצה מקומית,הצפון,עכו,אשכול רשויות גליל מערבי,0,1,"[{""locality_code"": 1722, ""locality_name_he"": ""מגדל תפן"", ""locality_name_en"": """", ""population"": 0}]"
28,מזכרת בתיה,מועצה מקומית,המרכז,רחובות,אשכול רשויות שורק דרומי,16382,1,"[{""locality_code"": 28, ""locality_name_he"": ""מזכרת בתיה"", ""locality_name_en"": ""Mazkeret Batya"", ""population"": 16382}]"
517,מזרעה,מועצה מקומית,הצפון,עכו,אשכול רשויות גליל מערבי,3874,1,"[{""locality_code"": 517, ""locality_name_he"": ""מזרעה"", ""locality_name_en"": ""Mazra'a"", ""population"": 3874}]"
43,מטולה,מועצה מקומית,הצפון,צפת,אשכול רשויות גליל מזרחי,2152,1,"[{""locality_code"": 43, ""locality_name_he"": ""מטולה"", ""locality_name_en"": ""Metula"", ""population"": 2152}]"
1268,מיתר,מועצה מקומית,הדרום,באר שבע,אשכול רשויות נגב מזרחי,11646,1,"[{""locality_code"": 1268, ""locality_name_he"": ""מיתר"", ""locality_name_en"": ""Metar"", ""population"": 11646}]"
4203,מסעדה,מועצה מקומית,הצפון,גולן,אשכול רשויות גליל מזרחי,4161,1,"[{""locality_code"": 4203, ""locality_name_he"": ""מסעדה"", ""locality_name_en"": ""Mas'ade"", ""population"": 4161}]"
518,מעיליא,מועצה מקומית,הצפון,עכו,אשכול רשויות גליל מערבי,3272,1,"[{""locality_code"": 518, ""locality_name_he"": ""מעיליא"", ""locality_name_en"": ""Mi'elya"", ""population"": 3272}]"
3608,מעלה אפרים,מועצה מקומית,אזור יהודה ושומרון,ירדן-יריחו,ללא שיוך לאשכול,1695,1,"[{""locality_code"": 3608, ""locality_name_he"": ""מעלה אפרים"", ""locality_name_en"": ""Ma'ale Efrayim"", ""population"": 1695}]"
1327,מעלה עירון,מועצה מקומית,חיפה,חדרה,ללא שיוך לאשכול,15277,1,"[{""locality_code"": 1327, ""locality_name_he"": ""מעלה עירון"", ""locality_name_en"": ""Ma'ale Iron"", ""population"": 15277}]"
99,מצפה רמון,מועצה מקומית,הדרום,באר שבע,אשכול רשויות נגב מזרחי,5625,1,"[{""locality_code"": 99, ""locality_name_he"": ""מצפה רמון"", ""locality_name_en"": ""Mizpe Ramon"", ""population"": 5625}]"
520,משהד,מועצה מקומית,הצפון,יזרעאל,אשכול רשויות הגליל והעמקים,8695,1,"[{""locality_code"": 520, ""locality_name_he"": ""משהד"", ""locality_name_en"": ""Meshhed"", ""population"": 8695}]"
1770,נאות חובב,מועצה מקומית,הדרום,באר שבע,ללא שיוך לאשכול,0,1,"[{""locality_code"": 1770, ""locality_name_he"": ""נאות חובב"", ""locality_name_en"": """", ""population"": 0}]"
522,נחף,מועצה מקומית,הצפון,עכו,אשכול רשויות בית הכרם הגלילי,13818,1,"[{""locality_code"": 522, ""locality_name_he"": ""נחף"", ""locality_name_en"": ""Nahef"", ""population"": 13818}]"
525,סאג'ור,מועצה מקומית,הצפון,עכו,אשכול רשויות בית הכרם הגלילי,4267,1,"[{""locality_code"": 525, ""locality_name_he"": ""סאג'ור"", ""locality_name_en"": ""Sajur"", ""population"": 4267}]"
587,סביון,מועצה מקומית,המרכז,פתח תקווה,ללא שיוך לאשכול,4446,1,"[{""locality_code"": 587, ""locality_name_he"": ""סביון"", ""locality_name_en"": ""Savyon"", ""population"": 4446}]"
4501,ע'ג'ר,מועצה מקומית,הצפון,גולן,אשכול רשויות גליל מזרחי,2700,1,"[{""locality_code"": 4501, ""locality_name_he"": ""ע'ג'ר"", ""locality_name_en"": ""Ghajar"", ""population"": 2700}]"
666,עומר,מועצה מקומית,הדרום,באר שבע,ללא שיוך לאשכול,8226,1,"[{""locality_code"": 666, ""locality_name_he"": ""עומר"", ""locality_name_en"": ""Omer"", ""population"": 8226}]"
530,עיילבון,מועצה מקומית,הצפון,כנרת,אשכול רשויות הכנרת והעמקים,5834,1,"[{""locality_code"": 530, ""locality_name_he"": ""עיילבון"", ""locality_name_en"": ""Eilabun"", ""population"": 5834}]"
511,עילוט,מועצה מקומית,הצפון,יזרעאל,אשכול רשויות הגליל והעמקים,8894,1,"[{""locality_code"": 511, ""locality_name_he"": ""עילוט"", ""locality_name_en"": ""Ilut"", ""population"": 8894}]"
532,עין מאהל,מועצה מקומית,הצפון,יזרעאל,אשכול רשויות הגליל והעמקים,13834,1,"[{""locality_code"": 532, ""locality_name_he"": ""עין מאהל"", ""locality_name_en"": ""Ein Mahel"", ""population"": 13834}]"
4502,עין קנייא,מועצה מקומית,הצפון,גולן,אשכול רשויות גליל מזרחי,2438,1,"[{""locality_code"": 4502, ""locality_name_he"": ""עין קנייא"", ""locality_name_en"": ""Ein Qiniyye"", ""population"": 2438}]"
3660,עמנואל,מועצה מקומית,אזור יהודה ושומרון,טול כרם,אשכול יהודה ושומרון,5451,1,"[{""locality_code"": 3660, ""locality_name_he"": ""עמנואל"", ""locality_name_en"": ""Immanu'el"", ""population"": 5451}]"
534,עספיא,מועצה מקומית,חיפה,חיפה,אשכול רשויות המפרץ,13150,1,"[{""locality_code"": 534, ""locality_name_he"": ""עספיא"", ""locality_name_en"": ""Isifya"", ""population"": 13150}]"
637,ערערה,מועצה מקומית,חיפה,חדרה,ללא שיוך לאשכול,20443,1,"[{""locality_code"": 637, ""locality_name_he"": ""ערערה"", ""locality_name_en"": ""Ar'ara"", ""population"": 20443}]"
1192,ערערה-בנגב,מועצה מקומית,הדרום,באר שבע,אשכול רשויות נגב מזרחי,20705,1,"[{""locality_code"": 1192, ""locality_name_he"": ""ערערה-בנגב"", ""locality_name_en"": ""Ar'ara-BaNegev"", ""population"": 20705}]"
537,פוריידיס,מועצה מקומית,חיפה,חדרה,אשכול רשויות מישור החוף,13356,1,"[{""locality_code"": 537, ""locality_name_he"": ""פוריידיס"", ""locality_name_en"": ""Fureidis"", ""population"": 13356}]"
535,פסוטה,מועצה מקומית,הצפון,עכו,אשכול רשויות גליל מערבי,3387,1,"[{""locality_code"": 535, ""locality_name_he"": ""פסוטה"", ""locality_name_en"": ""Fassuta"", ""population"": 3387}]"
536,פקיעין (בוקייעה),מועצה מקומית,הצפון,עכו,ללא שיוך לאשכול,6055,1,"[{""locality_code"": 536, ""locality_name_he"": ""פקיעין (בוקייעה)"", ""locality_name_en"": ""Peqi'in (Buqei'a)"", ""population"": 6055}]"
7800,פרדס חנה-כרכור,מועצה מקומית,חיפה,חדרה,ללא שיוך לאשכול,45712,1,"[{""locality_code"": 7800, ""locality_name_he"": ""פרדס חנה-כרכור"", ""locality_name_en"": ""Pardes Hanna-Karkur"", ""population"": 45712}]"
171,פרדסייה,מועצה מקומית,המרכז,השרון,ללא שיוך לאשכול,7950,1,"[{""locality_code"": 171, ""locality_name_he"": ""פרדסייה"", ""locality_name_en"": ""Pardesiyya"", ""population"": 7950}]"
1113,צור הדסה,מועצה מקומית,ירושלים,ירושלים,ללא שיוך לאשכול,10473,1,"[{""locality_code"": 1113, ""locality_name_he"": ""צור הדסה"", ""locality_name_en"": ""Zur Hadassa"", ""population"": 10473}]"
3557,קדומים,מועצה מקומית,אזור יהודה ושומרון,טול כרם,אשכול יהודה ושומרון,4539,1,"[{""locality_code"": 3557, ""locality_name_he"": ""קדומים"", ""locality_name_en"": ""Qedumim"", ""population"": 4539}]"
195,קדימה-צורן,מועצה מקומית,המרכז,השרון,אשכול רשויות השרון,22471,1,"[{""locality_code"": 195, ""locality_name_he"": ""קדימה-צורן"", ""locality_name_en"": ""Qadima- Zoran"", ""population"": 22471}]"
4100,קצרין,מועצה מקומית,הצפון,גולן,אשכול רשויות גליל מזרחי,8042,1,"[{""locality_code"": 4100, ""locality_name_he"": ""קצרין"", ""locality_name_en"": ""Qazrin"", ""population"": 8042}]"
3611,קריית ארבע,מועצה מקומית,אזור יהודה ושומרון,חברון,אשכול יהודה ושומרון,7572,1,"[{""locality_code"": 3611, ""locality_name_he"": ""קריית ארבע"", ""locality_name_en"": ""Qiryat Arba"", ""population"": 7572}]"
2300,קריית טבעון,מועצה מקומית,חיפה,חיפה,אשכול רשויות המפרץ,18697,1,"[{""locality_code"": 2300, ""locality_name_he"": ""קריית טבעון"", ""locality_name_en"": ""Qiryat Tiv'on"", ""population"": 18697}]"
1137,קריית יערים,מועצה מקומית,ירושלים,ירושלים,ללא שיוך לאשכול,7371,1,"[{""locality_code"": 1137, ""locality_name_he"": ""קריית יערים"", ""locality_name_en"": ""Qiryat Ye'arim"", ""population"": 7371}]"
469,קריית עקרון,מועצה מקומית,המרכז,רחובות,אשכול רשויות שורק דרומי,11288,1,"[{""locality_code"": 469, ""locality_name_he"": ""קריית עקרון"", ""locality_name_en"": ""Qiryat Eqron"", ""population"": 11288}]"
3640,קרני שומרון,מועצה מקומית,אזור יהודה ושומרון,טול כרם,אשכול יהודה ושומרון,10354,1,"[{""locality_code"": 3640, ""locality_name_he"": ""קרני שומרון"", ""locality_name_en"": ""Qarne Shomeron"", ""population"": 10354}]"
543,ראמה,מועצה מקומית,הצפון,עכו,אשכול רשויות בית הכרם הגלילי,8413,1,"[{""locality_code"": 543, ""locality_name_he"": ""ראמה"", ""locality_name_en"": ""Rame"", ""population"": 8413}]"
26,ראש פינה,מועצה מקומית,הצפון,צפת,אשכול רשויות גליל מזרחי,3375,1,"[{""locality_code"": 26, ""locality_name_he"": ""ראש פינה"", ""locality_name_en"": ""Rosh Pinna"", ""population"": 3375}]"
542,ריינה,מועצה מקומית,הצפון,יזרעאל,אשכול רשויות הגליל והעמקים,17513,1,"[{""locality_code"": 542, ""locality_name_he"": ""ריינה"", ""locality_name_en"": ""Reine"", ""population"": 17513}]"
922,רכסים,מועצה מקומית,חיפה,חיפה,אשכול רשויות המפרץ,14645,1,"[{""locality_code"": 922, ""locality_name_he"": ""רכסים"", ""locality_name_en"": ""Rekhasim"", ""population"": 14645}]"
122,רמת ישי,מועצה מקומית,הצפון,יזרעאל,ללא שיוך לאשכול,8009,1,"[{""locality_code"": 122, ""locality_name_he"": ""רמת ישי"", ""locality_name_en"": ""Ramat Yishay"", ""population"": 8009}]"
913,שבלי - אום אל-גנם,מועצה מקומית,הצפון,יזרעאל,אשכול רשויות הכנרת והעמקים,6402,1,"[{""locality_code"": 913, ""locality_name_he"": ""שבלי - אום אל-גנם"", ""locality_name_en"": ""Shibli-Umm Al-Ghanam"", ""population"": 6402}]"
1286,שגב-שלום,מועצה מקומית,הדרום,באר שבע,אשכול רשויות נגב מזרחי,15406,1,"[{""locality_code"": 1286, ""locality_name_he"": ""שגב-שלום"", ""locality_name_en"": ""Segev-Shalom"", ""population"": 15406}]"
1304,שוהם,מועצה מקומית,המרכז,רמלה,ללא שיוך לאשכול,23447,1,"[{""locality_code"": 1304, ""locality_name_he"": ""שוהם"", ""locality_name_en"": ""Shoham"", ""population"": 23447}]"
812,שלומי,מועצה מקומית,הצפון,עכו,אשכול רשויות גליל מערבי,8130,1,"[{""locality_code"": 812, ""locality_name_he"": ""שלומי"", ""locality_name_en"": ""Shelomi"", ""population"": 8130}]"
538,שעב,מועצה מקומית,הצפון,עכו,ללא שיוך לאשכול,7645,1,"[{""locality_code"": 538, ""locality_name_he"": ""שעב"", ""locality_name_en"": ""Sha'ab"", ""population"": 7645}]"
3826,שער שומרון,מועצה מקומית,אזור יהודה ושומרון,טול כרם,אשכול יהודה ושומרון,8839,1,"[{""locality_code"": 3826, ""locality_name_he"": ""שער שומרון"", ""locality_name_en"": ""Sha'ar Shomron"", ""population"": 8839}]"
154,תל מונד,מועצה מקומית,המרכז,השרון,אשכול רשויות השרון,14591,1,"[{""locality_code"": 154, ""locality_name_he"": ""תל מונד"", ""locality_name_en"": ""Tel Mond"", ""population"": 14591}]"
1054,תל שבע,מועצה מקומית,הדרום,באר שבע,אשכול רשויות נגב מזרחי,24195,1,"[{""locality_code"": 1054, ""locality_name_he"": ""תל שבע"", ""locality_name_en"": ""Tel Sheva"", ""population"": 24195}]"
2710,אום אל-פחם,עירייה,חיפה,חדרה,ללא שיוך לאשכול,59319,1,"[{""locality_code"": 2710, ""locality_name_he"": ""אום אל-פחם"", ""locality_name_en"": ""Umm al-Fahm"", ""population"": 59319}]"
31,אופקים,עירייה,הדרום,באר שבע,אשכול רשויות נגב מערבי,37837,1,"[{""locality_code"": 31, ""locality_name_he"": ""אופקים"", ""locality_name_en"": ""Ofaqim"", ""population"": 37837}]"
2400,אור יהודה,עירייה,תל אביב,תל אביב,ללא שיוך לאשכול,40143,1,"[{""locality_code"": 2400, ""locality_name_he"": ""אור יהודה"", ""locality_name_en"": ""Or Yehuda"", ""population"": 40143}]"
1020,אור עקיבא,עירייה,חיפה,חדרה,ללא שיוך לאשכול,24203,1,"[{""locality_code"": 1020, ""locality_name_he"": ""אור עקיבא"", ""locality_name_en"": ""Or Aqiva"", ""population"": 24203}]"
2600,אילת,עירייה,הדרום,באר שבע,ללא שיוך לאשכול,57339,1,"[{""locality_code"": 2600, ""locality_name_he"": ""אילת"", ""locality_name_en"": ""Elat"", ""population"": 57339}]"
1309,אלעד,עירייה,המרכז,פתח תקווה,ללא שיוך לאשכול,49766,1,"[{""locality_code"": 1309, ""locality_name_he"": ""אלעד"", ""locality_name_en"": ""El'ad"", ""population"": 49766}]"
3570,אריאל,עירייה,אזור יהודה ושומרון,טול כרם,ללא שיוך לאשכול,21841,1,"[{""locality_code"": 3570, ""locality_name_he"": ""אריאל"", ""locality_name_en"": ""Ari'el"", ""population"": 21841}]"
70,אשדוד,עירייה,הדרום,אשקלון,ללא שיוך לאשכול,229173,1,"[{""locality_code"": 70, ""locality_name_he"": ""אשדוד"", ""locality_name_en"": ""Ashdod"", ""population"": 229173}]"
7100,אשקלון,עירייה,הדרום,אשקלון,ללא שיוך לאשכול,161744,1,"[{""locality_code"": 7100, ""locality_name_he"": ""אשקלון"", ""locality_name_en"": ""Ashqelon"", ""population"": 161744}]"
6000,באקה אל-גרביה,עירייה,חיפה,חדרה,ללא שיוך לאשכול,30750,1,"[{""locality_code"": 6000, ""locality_name_he"": ""באקה אל-גרביה"", ""locality_name_en"": ""Baqa Al-Gharbiyye"", ""population"": 30750}]"
2530,באר יעקב,עירייה,המרכז,רמלה,ללא שיוך לאשכול,34601,1,"[{""locality_code"": 2530, ""locality_name_he"": ""באר יעקב"", ""locality_name_en"": ""Be'er Ya'aqov"", ""population"": 34601}]"
9000,באר שבע,עירייה,הדרום,באר שבע,ללא שיוך לאשכול,218995,1,"[{""locality_code"": 9000, ""locality_name_he"": ""באר שבע"", ""locality_name_en"": ""Be'er Sheva"", ""population"": 218995}]"
9200,בית שאן,עירייה,הצפון,יזרעאל,אשכול רשויות הכנרת והעמקים,20249,1,"[{""locality_code"": 9200, ""locality_name_he"": ""בית שאן"", ""locality_name_en"": ""Bet She'an"", ""population"": 20249}]"
2610,בית שמש,עירייה,ירושלים,ירושלים,ללא שיוך לאשכול,167318,1,"[{""locality_code"": 2610, ""locality_name_he"": ""בית שמש"", ""locality_name_en"": ""Bet Shemesh"", ""population"": 167318}]"
3780,ביתר עילית,עירייה,אזור יהודה ושומרון,בית לחם,ללא שיוך לאשכול,69281,1,"[{""locality_code"": 3780, ""locality_name_he"": ""ביתר עילית"", ""locality_name_en"": ""Betar Illit"", ""population"": 69281}]"
6100,בני ברק,עירייה,תל אביב,תל אביב,ללא שיוך לאשכול,223785,1,"[{""locality_code"": 6100, ""locality_name_he"": ""בני ברק"", ""locality_name_en"": ""Bene Beraq"", ""population"": 223785}]"
6200,בת ים,עירייה,תל אביב,תל אביב,ללא שיוך לאשכול,131099,1,"[{""locality_code"": 6200, ""locality_name_he"": ""בת ים"", ""locality_name_en"": ""Bat Yam"", ""population"": 131099}]"
681,גבעת שמואל,עירייה,המרכז,פתח תקווה,ללא שיוך לאשכול,28628,1,"[{""locality_code"": 681, ""locality_name_he"": ""גבעת שמואל"", ""locality_name_en"": ""Giv'at Shemu'el"", ""population"": 28628}]"
6300,גבעתיים,עירייה,תל אביב,תל אביב,ללא שיוך לאשכול,58557,1,"[{""locality_code"": 6300, ""locality_name_he"": ""גבעתיים"", ""locality_name_en"": ""Giv'atayim"", ""population"": 58557}]"
229,גני תקווה,עירייה,המרכז,פתח תקווה,ללא שיוך לאשכול,25093,1,"[{""locality_code"": 229, ""locality_name_he"": ""גני תקווה"", ""locality_name_en"": ""Ganne Tiqwa"", ""population"": 25093}]"
2200,דימונה,עירייה,הדרום,באר שבע,אשכול רשויות נגב מזרחי,39230,1,"[{""locality_code"": 2200, ""locality_name_he"": ""דימונה"", ""locality_name_en"": ""Dimona"", ""population"": 39230}]"
9700,הוד השרון,עירייה,המרכז,פתח תקווה,אשכול רשויות השרון,65393,1,"[{""locality_code"": 9700, ""locality_name_he"": ""הוד השרון"", ""locality_name_en"": ""Hod HaSharon"", ""population"": 65393}]"
6400,הרצלייה,עירייה,תל אביב,תל אביב,ללא שיוך לאשכול,108650,1,"[{""locality_code"": 6400, ""locality_name_he"": ""הרצלייה"", ""locality_name_en"": ""Herzliyya"", ""population"": 108650}]"
6500,חדרה,עירייה,חיפה,חדרה,ללא שיוך לאשכול,106765,1,"[{""locality_code"": 6500, ""locality_name_he"": ""חדרה"", ""locality_name_en"": ""Hadera"", ""population"": 106765}]"
6600,חולון,עירייה,תל אביב,תל אביב,ללא שיוך לאשכול,192980,1,"[{""locality_code"": 6600, ""locality_name_he"": ""חולון"", ""locality_name_en"": ""Holon"", ""population"": 192980}]"
4000,חיפה,עירייה,חיפה,חיפה,ללא שיוך לאשכול,298312,1,"[{""locality_code"": 4000, ""locality_name_he"": ""חיפה"", ""locality_name_en"": ""Haifa"", ""population"": 298312}]"
1247,חריש,עירייה,חיפה,חדרה,ללא שיוך לאשכול,39001,1,"[{""locality_code"": 1247, ""locality_name_he"": ""חריש"", ""locality_name_en"": ""Harish"", ""population"": 39001}]"
6700,טבריה,עירייה,הצפון,כנרת,אשכול רשויות הכנרת והעמקים,51476,1,"[{""locality_code"": 6700, ""locality_name_he"": ""טבריה"", ""locality_name_en"": ""Tiberias"", ""population"": 51476}]"
2730,טייבה,עירייה,המרכז,השרון,אשכול רשויות השרון,46194,1,"[{""locality_code"": 2730, ""locality_name_he"": ""טייבה"", ""locality_name_en"": ""Tayibe"", ""population"": 46194}]"
2720,טירה,עירייה,המרכז,השרון,אשכול רשויות השרון,27228,1,"[{""locality_code"": 2720, ""locality_name_he"": ""טירה"", ""locality_name_en"": ""Tire"", ""population"": 27228}]"
2100,טירת כרמל,עירייה,חיפה,חיפה,אשכול רשויות המפרץ,31896,1,"[{""locality_code"": 2100, ""locality_name_he"": ""טירת כרמל"", ""locality_name_en"": ""Tirat Karmel"", ""population"": 31896}]"
8900,טמרה,עירייה,הצפון,עכו,אשכול רשויות המפרץ,36251,1,"[{""locality_code"": 8900, ""locality_name_he"": ""טמרה"", ""locality_name_en"": ""Tamra"", ""population"": 36251}]"
2660,יבנה,עירייה,המרכז,רחובות,ללא שיוך לאשכול,57725,1,"[{""locality_code"": 2660, ""locality_name_he"": ""יבנה"", ""locality_name_en"": ""Yavne"", ""population"": 57725}]"
9400,יהוד-מונוסון,עירייה,המרכז,פתח תקווה,ללא שיוך לאשכול,32071,1,"[{""locality_code"": 9400, ""locality_name_he"": ""יהוד-מונוסון"", ""locality_name_en"": ""Yehud-Monoson"", ""population"": 32071}]"
240,יקנעם עילית,עירייה,הצפון,יזרעאל,אשכול רשויות המפרץ,24910,1,"[{""locality_code"": 240, ""locality_name_he"": ""יקנעם עילית"", ""locality_name_en"": ""Yoqne'am Illit"", ""population"": 24910}]"
3000,ירושלים,עירייה,ירושלים,ירושלים,ללא שיוך לאשכול,1028366,1,"[{""locality_code"": 3000, ""locality_name_he"": ""ירושלים"", ""locality_name_en"": ""Jerusalem"", ""population"": 1028366}]"
168,כפר יונה,עירייה,המרכז,השרון,אשכול רשויות השרון,29548,1,"[{""locality_code"": 168, ""locality_name_he"": ""כפר יונה"", ""locality_name_en"": ""Kefar Yona"", ""population"": 29548}]"
6900,כפר סבא,עירייה,המרכז,פתח תקווה,אשכול רשויות השרון,100013,1,"[{""locality_code"": 6900, ""locality_name_he"": ""כפר סבא"", ""locality_name_en"": ""Kefar Sava"", ""population"": 100013}]"
634,כפר קאסם,עירייה,המרכז,פתח תקווה,אשכול רשויות השרון,27121,1,"[{""locality_code"": 634, ""locality_name_he"": ""כפר קאסם"", ""locality_name_en"": ""Kafar Qasem"", ""population"": 27121}]"
654,כפר קרע,עירייה,חיפה,חדרה,ללא שיוך לאשכול,20580,1,"[{""locality_code"": 654, ""locality_name_he"": ""כפר קרע"", ""locality_name_en"": ""Kafar Qara"", ""population"": 20580}]"
1139,כרמיאל,עירייה,הצפון,עכו,אשכול רשויות בית הכרם הגלילי,48675,1,"[{""locality_code"": 1139, ""locality_name_he"": ""כרמיאל"", ""locality_name_en"": ""Karmi'el"", ""population"": 48675}]"
7000,לוד,עירייה,המרכז,רמלה,ללא שיוך לאשכול,90814,1,"[{""locality_code"": 7000, ""locality_name_he"": ""לוד"", ""locality_name_en"": ""Lod"", ""population"": 90814}]"
481,מגאר,עירייה,הצפון,כנרת,אשכול רשויות הכנרת והעמקים,23184,1,"[{""locality_code"": 481, ""locality_name_he"": ""מגאר"", ""locality_name_en"": ""Mughar"", ""population"": 23184}]"
874,מגדל העמק,עירייה,הצפון,יזרעאל,אשכול רשויות הגליל והעמקים,28545,1,"[{""locality_code"": 874, ""locality_name_he"": ""מגדל העמק"", ""locality_name_en"": ""Migdal HaEmeq"", ""population"": 28545}]"
3797,מודיעין עילית,עירייה,אזור יהודה ושומרון,ראמאללה,אשכול יהודה ושומרון,87486,1,"[{""locality_code"": 3797, ""locality_name_he"": ""מודיעין עילית"", ""locality_name_en"": ""Modi'in Illit"", ""population"": 87486}]"
1200,מודיעין-מכבים-רעות,עירייה,המרכז,רמלה,ללא שיוך לאשכול,97566,1,"[{""locality_code"": 1200, ""locality_name_he"": ""מודיעין-מכבים-רעות"", ""locality_name_en"": ""Modi'in-Makkabbim-Re'ut"", ""population"": 97566}]"
3616,מעלה אדומים,עירייה,אזור יהודה ושומרון,בית לחם,אשכול יהודה ושומרון,36680,1,"[{""locality_code"": 3616, ""locality_name_he"": ""מעלה אדומים"", ""locality_name_en"": ""Ma'ale Adummim"", ""population"": 36680}]"
1063,מעלות-תרשיחא,עירייה,הצפון,עכו,אשכול רשויות גליל מערבי,23133,1,"[{""locality_code"": 1063, ""locality_name_he"": ""מעלות-תרשיחא"", ""locality_name_en"": ""Ma'alot-Tarshiha"", ""population"": 23133}]"
9100,נהרייה,עירייה,הצפון,עכו,אשכול רשויות גליל מערבי,68316,1,"[{""locality_code"": 9100, ""locality_name_he"": ""נהרייה"", ""locality_name_en"": ""Nahariyya"", ""population"": 68316}]"
1061,נוף הגליל,עירייה,הצפון,יזרעאל,אשכול רשויות הגליל והעמקים,45587,1,"[{""locality_code"": 1061, ""locality_name_he"": ""נוף הגליל"", ""locality_name_en"": ""Nof HaGalil"", ""population"": 45587}]"
7200,נס ציונה,עירייה,המרכז,רחובות,ללא שיוך לאשכול,47534,1,"[{""locality_code"": 7200, ""locality_name_he"": ""נס ציונה"", ""locality_name_en"": ""Nes Ziyyona"", ""population"": 47534}]"
7300,נצרת,עירייה,הצפון,יזרעאל,אשכול רשויות הגליל והעמקים,77208,1,"[{""locality_code"": 7300, ""locality_name_he"": ""נצרת"", ""locality_name_en"": ""Nazareth"", ""population"": 77208}]"
2500,נשר,עירייה,חיפה,חיפה,אשכול רשויות המפרץ,22760,1,"[{""locality_code"": 2500, ""locality_name_he"": ""נשר"", ""locality_name_en"": ""Nesher"", ""population"": 22760}]"
246,נתיבות,עירייה,הדרום,באר שבע,אשכול רשויות נגב מערבי,52877,1,"[{""locality_code"": 246, ""locality_name_he"": ""נתיבות"", ""locality_name_en"": ""Netivot"", ""population"": 52877}]"
7400,נתניה,עירייה,המרכז,השרון,ללא שיוך לאשכול,233485,1,"[{""locality_code"": 7400, ""locality_name_he"": ""נתניה"", ""locality_name_en"": ""Netanya"", ""population"": 233485}]"
7500,סח'נין,עירייה,הצפון,עכו,ללא שיוך לאשכול,33201,1,"[{""locality_code"": 7500, ""locality_name_he"": ""סח'נין"", ""locality_name_en"": ""Sakhnin"", ""population"": 33201}]"
7600,עכו,עירייה,הצפון,עכו,אשכול רשויות גליל מערבי,53422,1,"[{""locality_code"": 7600, ""locality_name_he"": ""עכו"", ""locality_name_en"": ""Akko"", ""population"": 53422}]"
7700,עפולה,עירייה,הצפון,יזרעאל,אשכול רשויות הגליל והעמקים,64578,1,"[{""locality_code"": 7700, ""locality_name_he"": ""עפולה"", ""locality_name_en"": ""Afula"", ""population"": 64578}]"
531,עראבה,עירייה,הצפון,עכו,ללא שיוך לאשכול,26810,1,"[{""locality_code"": 531, ""locality_name_he"": ""עראבה"", ""locality_name_en"": ""Arrabe"", ""population"": 26810}]"
2560,ערד,עירייה,הדרום,באר שבע,אשכול רשויות נגב מזרחי,29323,1,"[{""locality_code"": 2560, ""locality_name_he"": ""ערד"", ""locality_name_en"": ""Arad"", ""population"": 29323}]"
7900,פתח תקווה,עירייה,המרכז,פתח תקווה,ללא שיוך לאשכול,267196,1,"[{""locality_code"": 7900, ""locality_name_he"": ""פתח תקווה"", ""locality_name_en"": ""Petah Tiqwa"", ""population"": 267196}]"
8000,צפת,עירייה,הצפון,צפת,אשכול רשויות גליל מזרחי,39179,1,"[{""locality_code"": 8000, ""locality_name_he"": ""צפת"", ""locality_name_en"": ""Zefat"", ""population"": 39179}]"
638,קלנסווה,עירייה,המרכז,השרון,אשכול רשויות השרון,24728,1,"[{""locality_code"": 638, ""locality_name_he"": ""קלנסווה"", ""locality_name_en"": ""Qalansawe"", ""population"": 24728}]"
2620,קריית אונו,עירייה,תל אביב,תל אביב,ללא שיוך לאשכול,43310,1,"[{""locality_code"": 2620, ""locality_name_he"": ""קריית אונו"", ""locality_name_en"": ""Qiryat Ono"", ""population"": 43310}]"
6800,קריית אתא,עירייה,חיפה,חיפה,אשכול רשויות המפרץ,62134,1,"[{""locality_code"": 6800, ""locality_name_he"": ""קריית אתא"", ""locality_name_en"": ""Qiryat Atta"", ""population"": 62134}]"
9500,קריית ביאליק,עירייה,חיפה,חיפה,אשכול רשויות המפרץ,46417,1,"[{""locality_code"": 9500, ""locality_name_he"": ""קריית ביאליק"", ""locality_name_en"": ""Qiryat Bialik"", ""population"": 46417}]"
2630,קריית גת,עירייה,הדרום,אשקלון,ללא שיוך לאשכול,69762,1,"[{""locality_code"": 2630, ""locality_name_he"": ""קריית גת"", ""locality_name_en"": ""Qiryat Gat"", ""population"": 69762}]"
9600,קריית ים,עירייה,חיפה,חיפה,אשכול רשויות המפרץ,42246,1,"[{""locality_code"": 9600, ""locality_name_he"": ""קריית ים"", ""locality_name_en"": ""Qiryat Yam"", ""population"": 42246}]"
8200,קריית מוצקין,עירייה,חיפה,חיפה,אשכול רשויות המפרץ,51349,1,"[{""locality_code"": 8200, ""locality_name_he"": ""קריית מוצקין"", ""locality_name_en"": ""Qiryat Motzkin"", ""population"": 51349}]"
1034,קריית מלאכי,עירייה,הדרום,אשקלון,אשכול רשויות שורק דרומי,27396,1,"[{""locality_code"": 1034, ""locality_name_he"": ""קריית מלאכי"", ""locality_name_en"": ""Qiryat Mal'akhi"", ""population"": 27396}]"
2800,קריית שמונה,עירייה,הצפון,צפת,אשכול רשויות גליל מזרחי,24254,1,"[{""locality_code"": 2800, ""locality_name_he"": ""קריית שמונה"", ""locality_name_en"": ""Qiryat Shemona"", ""population"": 24254}]"
2640,ראש העין,עירייה,המרכז,פתח תקווה,ללא שיוך לאשכול,77104,1,"[{""locality_code"": 2640, ""locality_name_he"": ""ראש העין"", ""locality_name_en"": ""Rosh HaAyin"", ""population"": 77104}]"
8300,ראשון לציון,עירייה,המרכז,רחובות,ללא שיוך לאשכול,258680,1,"[{""locality_code"": 8300, ""locality_name_he"": ""ראשון לציון"", ""locality_name_en"": ""Rishon LeZiyyon"", ""population"": 258680}]"
1161,רהט,עירייה,הדרום,באר שבע,אשכול רשויות נגב מערבי,75684,1,"[{""locality_code"": 1161, ""locality_name_he"": ""רהט"", ""locality_name_en"": ""Rahat"", ""population"": 75684}]"
8400,רחובות,עירייה,המרכז,רחובות,ללא שיוך לאשכול,153416,1,"[{""locality_code"": 8400, ""locality_name_he"": ""רחובות"", ""locality_name_en"": ""Rehovot"", ""population"": 153416}]"
8500,רמלה,עירייה,המרכז,רמלה,ללא שיוך לאשכול,84312,1,"[{""locality_code"": 8500, ""locality_name_he"": ""רמלה"", ""locality_name_en"": ""Ramla"", ""population"": 84312}]"
8600,רמת גן,עירייה,תל אביב,תל אביב,ללא שיוך לאשכול,167794,1,"[{""locality_code"": 8600, ""locality_name_he"": ""רמת גן"", ""locality_name_en"": ""Ramat Gan"", ""population"": 167794}]"
2650,רמת השרון,עירייה,תל אביב,תל אביב,ללא שיוך לאשכול,49002,1,"[{""locality_code"": 2650, ""locality_name_he"": ""רמת השרון"", ""locality_name_en"": ""Ramat HaSharon"", ""population"": 49002}]"
8700,רעננה,עירייה,המרכז,פתח תקווה,אשכול רשויות השרון,83145,1,"[{""locality_code"": 8700, ""locality_name_he"": ""רעננה"", ""locality_name_en"": ""Ra'annana"", ""population"": 83145}]"
1031,שדרות,עירייה,הדרום,אשקלון,אשכול רשויות נגב מערבי,35477,1,"[{""locality_code"": 1031, ""locality_name_he"": ""שדרות"", ""locality_name_en"": ""Sederot"", ""population"": 35477}]"
8800,שפרעם,עירייה,הצפון,עכו,אשכול רשויות המפרץ,43408,1,"[{""locality_code"": 8800, ""locality_name_he"": ""שפרעם"", ""locality_name_en"": ""Shefar'am"", ""population"": 43408}]"
5000,תל אביב -יפו,עירייה,תל אביב,תל אביב,ללא שיוך לאשכול,495230,1,"[{""locality_code"": 5000, ""locality_name_he"": ""תל אביב -יפו"", ""locality_name_en"": ""Tel Aviv - Yafo"", ""population"": 495230}]"
